label,path,url,page
ayala_center,ayala_center/ayala_center_0000.jpg,https://1.bp.blogspot.com/-o6OgfgzPqxk/UgheOVRBKCI/AAAAAAAAIwc/4E4Tot8vpYg/s1600/Ayala+Center.JPG,https://yaksonhouse.blogspot.com/2013/08/the-makati-city-in-philippines.html
ayala_center,ayala_center/ayala_center_0005.jpg,https://static.getoccupi.com/uploads/mall_photo/photo/71565/depositphotos_422380216-stock-photo-makati-metro-manila-philippines-oct.jpg,https://getoccupi.com/malls/ayala-center
ayala_center,ayala_center/ayala_center_0031.jpg,https://1.bp.blogspot.com/-9De0w-WyDWA/WjFOL2EKihI/AAAAAAAAGss/e0qlaMS0gzMou7AtouXinBkoglNGVEn0wCLcBGAs/s1600/Ayala%2BCenter.jpg,http://www.foongpc.com/2011/04/shopping-at-greenbelt-and-glorietta-in.html
ayala_center,ayala_center/ayala_center_0075.jpg,https://static.getoccupi.com/uploads/mall_photo/photo/71570/129302-Ayala-Center.jpg,https://getoccupi.com/malls/ayala-center
ayala_center,ayala_center/ayala_center_0076.jpg,https://onedayitinerary.com/wp-content/uploads/2017/03/Ayala-Center-Makati-768x512.jpg,https://onedayitinerary.com/one-day-in-manila-itinerary/
ayala_center,ayala_center/ayala_center_0114.jpg,https://thumbs.dreamstime.com/b/manila-philippines-january-ayala-center-mall-makati-city-philippine-213926865.jpg,https://www.dreamstime.com/ayala-center-mall-makati-metro-manila-ayala-center-shopping-mall-makati-central-business-district-metro-manila-philippines-image107676239
ayala_center,ayala_center/ayala_center_0264.jpg,"https://d3fphkxyf5o5bm.cloudfront.net/image-resize/format=webp,w=720/QwRY54Li1HMwD7oNfpT6gIEwe6wnG54ERjvety88Hf",https://mindtrip.ai/attraction/makati-luzon/ayala-avenue/at-Bq89xFcY
greenbelt,ayala_center/ayala_center_0001.jpg,https://c8.alamy.com/comp/PYKNPD/greenbelt-mall-ayala-center-makati-city-philippines-PYKNPD.jpg,https://www.alamy.com/stock-photo/makati-travel.html
greenbelt,ayala_center/ayala_center_0004.jpg,https://thumbs.dreamstime.com/z/greenbelt-shopping-mall-located-ayala-center-makati-metro-manila-philippines-which-just-near-glorietta-sm-makati-83312791.jpg,https://fity.club/lists/suggestions/Greenbelt-Ayala-Center/
greenbelt,ayala_center/ayala_center_0006.jpg,https://c8.alamy.com/comp/PYKNP1/greenbelt-mall-ayala-center-makati-city-philippines-PYKNP1.jpg,https://www.alamy.com/stock-photo/greenbelt-land.html
greenbelt,ayala_center/ayala_center_0008.jpg,https://c8.alamy.com/comp/PYKNPR/greenbelt-mall-ayala-center-makati-city-philippines-PYKNPR.jpg,https://www.alamy.com/stock-photo/city-center-travel-location-destination.html
greenbelt,ayala_center/ayala_center_0009.jpg,https://thumbs.dreamstime.com/z/greenbelt-mall-makati-philippines-ayala-center-96354327.jpg,https://animalia-life.club/qa/pictures/greenbelt-5
greenbelt,ayala_center/ayala_center_0011.jpg,https://c8.alamy.com/comp/PYKNPH/greenbelt-mall-ayala-center-makati-city-philippines-PYKNPH.jpg,https://www.alamy.com/stock-photo/city-center-travel-location-destination.html
greenbelt,ayala_center/ayala_center_0012.jpg,https://thumbs.dreamstime.com/z/greenbelt-shopping-mall-located-ayala-center-makati-metro-manila-philippines-which-just-near-glorietta-sm-makati-83312467.jpg,https://fity.club/lists/g/greenbelt-ayala-center/
greenbelt,ayala_center/ayala_center_0014.jpg,https://blogger.googleusercontent.com/img/b/R29vZ2xl/AVvXsEhK-dmld24ALYfWLDxm-3ns1lLArRCQMrVfZ4r8jWRaOAwV-6RrJgqgrNz0Gaup5hup4KZcOKdXFOnJ9v7neryisP-3Jmw2v8Q_jXkQZM7kpUk3ng1o-LPlq2Ex9hG04RBKoVoi1pa_14JhQOIIbJpX7uFX6Z6ScrGdL-As9zutC782n4efs6WiN_RD/w640-h480/9499009.jpg,https://www.morefunwithjuan.com/2023/05/greenbelt-shopping-mall.html?m=0
greenbelt,ayala_center/ayala_center_0022.jpg,https://i.pinimg.com/736x/2a/de/fb/2adefbe1d7b3ac7595d0d12d6abdd304.jpg,https://in.pinterest.com/pin/makati-ayala-malls-greenbelt-mall-guide-contact-details-and-directions--323837029461700134/
greenbelt,ayala_center/ayala_center_0028.jpg,https://d2v9kn8vtn478j.cloudfront.net/production/collection/images/attachments/000/019/518/normal/Photo_2.jpg?1611036652,https://www.popupshops.com/en/collections/ayala-malls-greenbelt
greenbelt,ayala_center/ayala_center_0035.jpg,https://thumbs.dreamstime.com/z/greenbelt-shopping-mall-located-ayala-center-makati-metro-manila-philippines-which-just-near-glorietta-sm-makati-83312721.jpg,https://fity.club/lists/suggestions/Greenbelt-Ayala-Center/
greenbelt,ayala_center/ayala_center_0040.jpg,https://islandtimes.com/wp-content/uploads/2021/11/Screen-Shot-2021-11-09-at-4.28.09-PM-1-1200x639.png,https://islandtimes.com/the-greenbelt-ayala-mall-makati-philippines/
greenbelt,ayala_center/ayala_center_0053.jpg,https://thumbs.dreamstime.com/b/greenbelt-ayala-mall-which-located-makati-manila-philippines-oct-city-s-premier-shopping-luxury-shops-297408415.jpg,https://www.dreamstime.com/greenbelt-ayala-mall-which-located-makati-manila-philippines-oct-city-s-premier-shopping-luxury-shops-image297408415
greenbelt,ayala_center/ayala_center_0062.jpg,https://www.zestandcuriosity.com/wp-content/uploads/2021/02/CC876E0D-A44C-401E-B7AD-D56F059490C9-scaled-e1612769792233.jpeg,https://www.zestandcuriosity.com/2021/02/08/manila/
greenbelt,ayala_center/ayala_center_0271.jpg,https://thumbs.dreamstime.com/z/terraces-ayala-center-cebu-city-philippines-food-beverage-strip-beautiful-landscaping-adjacent-to-large-33411455.jpg,https://cartoondealer.com/image/33411455/terraces-ayala-center-cebu-city-philippines.html
greenbelt,ayala_center/ayala_center_0370.jpg,https://primer.com.ph/blog/wp-content/uploads/sites/14/2024/02/20240229_143335_0000.png,https://primer.com.ph/blog/ayala-malls-undergo-renovations/
greenbelt,ayala_center/ayala_center_0371.jpg,https://cdn.tatlerasia.com/tatlerasia/i/2024/05/08084938-trinoma-l3-garden_cover_1454x817.jpg,https://www.tatlerasia.com/homes/architecture-design/a-new-era-begins-ayala-malls
greenbelt,ayala_center/ayala_center_0378.jpg,https://i.ytimg.com/vi/ozCbU_cZxYA/sddefault.jpg,https://fity.club/lists/suggestions/Greenbelt-Ayala-Center/
greenbelt,ayala_center/ayala_center_0379.jpg,https://www.rappler.com/tachyon/2024/02/Greenbelt-2-Corner-View-scaled.jpg?fit=1024%2C707&zoom=2,https://www.rappler.com/business/photos-glorietta-greenbelt-trinoma-ayala-center-cebu-new-designs/
greenbelt,ayala_center/ayala_center_0380.jpg,https://i.ytimg.com/vi/lxhGS_c2dek/maxresdefault.jpg,https://www.youtube.com/watch?v=lxhGS_c2dek
greenbelt,ayala_center/ayala_center_0386.jpg,https://d1ef7ke0x2i9g8.cloudfront.net/hong-kong/_regular420/6558351/Greenbelt.webp,https://thebeat.asia/manila/nomads/explore/ayala-center-malls-guide
greenbelt,ayala_center/ayala_center_0387.jpg,https://cdn.tatlerasia.com/tatlerasia/i/2024/05/08084933-greenbelt-1-facade-legazpi-street-view-3_cover_1600x900.jpg,https://www.tatlerasia.com/homes/architecture-design/a-new-era-begins-ayala-malls
glorietta,ayala_center/ayala_center_0017.jpg,https://thumbs.dreamstime.com/b/greenbelt-shopping-mall-located-ayala-center-makati-metro-manila-philippines-which-just-near-glorietta-sm-makati-83312659.jpg,https://www.dreamstime.com/photos-images/glorietta-mall.html
glorietta,ayala_center/ayala_center_0047.jpg,https://d2v9kn8vtn478j.cloudfront.net/production/collection/images/attachments/000/019/455/normal/Photo_2.jpg?1610691805,https://www.popupshops.com/en/collections/glorietta-by-ayala-malls
glorietta,ayala_center/ayala_center_0052.jpg,https://primer.com.ph/blog/wp-content/uploads/sites/14/2025/10/Glorietta-768x576.jpg,https://primer.com.ph/blog/ayala-malls-undergo-renovations/
glorietta,ayala_center/ayala_center_0267.jpg,https://i.ytimg.com/vi/1lRrRPsW8Z8/maxresdefault.jpg,https://www.youtube.com/watch?v=1lRrRPsW8Z8
glorietta,ayala_center/ayala_center_0382.jpg,https://2.bp.blogspot.com/-R1gTgdAGlEE/WjFSytHOO3I/AAAAAAAAGuY/--SpEzO3RyEIgHxUMbaqltrJjrpoYbRbQCLcBGAs/s1600/Glorietta%2B4%2Bpic3.jpg,http://www.foongpc.com/2011/04/shopping-at-greenbelt-and-glorietta-in.html
glorietta,ayala_center/ayala_center_0389.jpg,https://i.ytimg.com/vi/fEYbDbdPDlc/maxresdefault.jpg,https://www.youtube.com/watch?v=fEYbDbdPDlc
ayala_malls_circuit,ayala_center/ayala_center_0016.jpg,https://cdn.lionunion.com/spai2/q_lossy+ret_img+to_webp/www.lionunion.com/wp-content/uploads/2021/10/Ayala-Malls-Circuit-banner-768x576.jpeg,https://www.lionunion.com/property/glorietta/
ayala_malls_circuit,ayala_center/ayala_center_0027.jpg,https://zoomer.ph/wp-content/uploads/2023/09/img_2706.jpeg,https://zoomer.ph/2023/09/17/guide-how-to-commute-to-ayala-malls-circuit-makati-2023/
ayala_malls_circuit,ayala_center/ayala_center_0089.jpg,https://c8.alamy.com/comp/J6PA25/07935-exterior-of-circuit-lane-ayala-malls-circuit-carmona-makati-J6PA25.jpg,https://storage.googleapis.com/dpdcdnvwgpjace/ayala-circuit-makati-parking.html
the_landmark_makati,ayala_center/ayala_center_0074.jpg,https://heroesofadventure.com/wp-content/uploads/2019/07/Greenbelt5.jpg,https://heroesofadventure.com/listing/the-landmark-mall-ayala-center-makati-metro-manila-philippines/
one_ayala,ayala_center/ayala_center_0080.jpg,https://media.assettype.com/daily-tribune/import/wp-content/uploads/2023/09/One-Ayala-facade-2-scaled.jpg?w=480&auto=format%2Ccompress&fit=max,https://tribune.net.ph/2023/09/15/mixed-use-development-rises-in-ayala-center-makati
one_ayala,ayala_center/ayala_center_0085.jpg,https://groundbreakers.ayalaland.com.ph/assets/images/articles/facd1.jpg,https://groundbreakers.ayalaland.com.ph/articles/the-ultimate-mixed-use-development-in-makati-cbd-enhancing-connectivity-with-ease-and-convenience.html
one_ayala,ayala_center/ayala_center_0154.jpg,https://d1ef7ke0x2i9g8.cloudfront.net/hong-kong/_regular420/6558831/One-Ayala.webp,https://thebeat.asia/manila/nomads/explore/ayala-center-malls-guide
one_ayala,ayala_center/ayala_center_0206.jpg,https://islandtimes.com/wp-content/uploads/2023/08/One-Ayala-Island-Times-PH-10.png,https://islandtimes.com/one-ayala-terminal-new-transportation-option-in-makati-city/
ayala_museum,ayala_center/ayala_center_0094.jpg,https://thumbs.dreamstime.com/z/exterior-view-ayala-museum-makati-city-metro-manila-philippines-dec-236867448.jpg,https://www.dreamstime.com/exterior-view-ayala-museum-makati-city-metro-manila-philippines-dec-image236867448
avida_towers_makati_southpoint,avida_towers_makati_southpoint/avida_towers_makati_southpoint_0000.jpg,https://rbgcms-alb-prod.ayalaland.com/content/uploads/images/1622620680113-1377432-43kcqslx4qk.jpg,https://www.avidaland.com/avida-towers-makati-southpoint/
avida_towers_makati_southpoint,avida_towers_makati_southpoint/avida_towers_makati_southpoint_0001.jpg,https://www.tokkatok.ph/wp-content/uploads/2025/10/Avida-Towers-Makati-Southpoint-01.jpg,https://www.tokkatok.ph/avida-towers-makati-southpoint/
avida_towers_makati_southpoint,avida_towers_makati_southpoint/avida_towers_makati_southpoint_0002.jpg,https://ayalaland-sales.com/wp-content/uploads/2023/08/1622620685387-909975-z4i963gqsv.webp,https://ayalaland-sales.com/avida-land/avida-towers-makati-southpoint/
avida_towers_makati_southpoint,avida_towers_makati_southpoint/avida_towers_makati_southpoint_0003.jpg,https://ayalalandbycarmela.com/wp-content/uploads/2026/03/avida-towers-southpoint.png,https://ayalalandbycarmela.com/avida/avida-towers-makati-southpoint/
avida_towers_makati_southpoint,avida_towers_makati_southpoint/avida_towers_makati_southpoint_0004.jpg,"https://cdn.sanity.io/images/4f3ey4m9/alr-brands-production/98d51e3136089e638fb67705746f45000ed0dc28-5333x4000.png?rect=0,963,3969,2074&w=1200&h=627&fit=crop&auto=format",https://www.gohomematch.net/properties/detail/avida-towers-makati-southpoint/
avida_towers_makati_southpoint,avida_towers_makati_southpoint/avida_towers_makati_southpoint_0006.jpg,https://rbgcms-alb-prod.ayalaland.com/content/uploads/images/1622620689747-1063509-z325ydv4sgi.jpg,https://www.avidaland.com/avida-towers-makati-southpoint/
avida_towers_makati_southpoint,avida_towers_makati_southpoint/avida_towers_makati_southpoint_0007.jpg,https://primeinvestments-ph.com/wp-content/uploads/2023/12/avida-towers-makati-southpoint_page_33_image_0002-scaled-1.jpg,https://primeinvestments-ph.com/2023/12/05/avida-towers-makati-southpoint-makati/
avida_towers_makati_southpoint,avida_towers_makati_southpoint/avida_towers_makati_southpoint_0018.jpg,https://cdn.sanity.io/images/4f3ey4m9/production/a2e264a28ae4f6c9bb5c3e8cec940184e38d29c3-4000x4000.jpg?auto=format&fit=max&q=75&w=2560,https://ayalaland.com/properties/avida-towers-makati-southpoint
avida_towers_makati_southpoint,avida_towers_makati_southpoint/avida_towers_makati_southpoint_0019.jpg,https://cdn.sanity.io/images/4f3ey4m9/production/e828f7463354f4dfec8408b498975b5de5e7674b-4000x4000.png?auto=format&fit=max&q=75&w=1280,https://irealtee.com/properties/avida-towers-makati-southpoint-tower-1-makati-city
avida_towers_makati_southpoint,avida_towers_makati_southpoint/avida_towers_makati_southpoint_0027.jpg,https://homesandland.ph/wp-content/uploads/2025/08/1000012914.jpg,https://homesandland.ph/property/avida-towers-makati-southpoint/
avida_towers_makati_southpoint,avida_towers_makati_southpoint/avida_towers_makati_southpoint_0028.jpg,https://www.ayalacommunities.com/wp-content/uploads/2022/08/makatisouthpoint.jpg,https://www.ayalacommunities.com/property/avida-towers-makati-southpoint/
avida_towers_makati_southpoint,avida_towers_makati_southpoint/avida_towers_makati_southpoint_0029.jpg,"https://sp-ao.shortpixel.ai/client/to_webp,q_glossy,ret_img,w_818,h_417/https://ayalalandpropertyfinder.com/wp-content/uploads/2023/10/Avida-Towers-Makati-Southpoint-Affordable-Condo-in-Makati-City-39-818x417.jpg",https://ayalalandpropertyfinder.com/property/avida-towers-makati-southpoint-affordable-condo-in-makati-city/
avida_towers_makati_southpoint,avida_towers_makati_southpoint/avida_towers_makati_southpoint_0030.jpg,https://images.proppit.com/properties/0195d0d3-77c4-78f9-800d-37cb7a6765cf/watermark/0195d0dc-2cc2-7009-836b-0ceab4605071.bin,https://www.lamudi.com.ph/property/41032-73-37cb7a676618-780d-195d11c-8056-7942
avida_towers_makati_southpoint,avida_towers_makati_southpoint/avida_towers_makati_southpoint_0031.jpg,https://i.pinimg.com/736x/42/36/3f/42363f210744517353fd1f3bf7c65b18.jpg,https://ph.pinterest.com/pin/avida-towers-makati-southpoint-skyscraper--622411611018528625/
avida_towers_makati_southpoint,avida_towers_makati_southpoint/avida_towers_makati_southpoint_0032.jpg,https://preview.redd.it/avida-southpoint-makati-tower-1-v0-639czzmtv30d1.jpg?width=1080&crop=smart&auto=webp&s=b60c1af2cdc556dc603bf5f4724c47b21379736f,https://www.reddit.com/r/PhilippineRealEstate/comments/1cqor9c/avida_southpoint_makati_tower_1/
avida_towers_makati_southpoint,avida_towers_makati_southpoint/avida_towers_makati_southpoint_0058.jpg,https://ik.imagekit.io/razvjffi1m/findrealtynew/photos/main/c84acb99fe8cecea6ae0fb7b81b1871b.webp,https://www.findrealty.ph/properties/avida-towers-atria-cluster-1a-avida-storeys-atria-2
avida_towers_makati_southpoint,avida_towers_makati_southpoint/avida_towers_makati_southpoint_0059.jpg,https://ik.imagekit.io/razvjffi1m/findrealtynew/photos/main/7bfd18960f1c9b02a9a01f2de8d213b8.webp,https://www.findrealty.ph/properties/avida-towers-atria-cluster-1a-avida-storeys-atria-2
avida_towers_makati_southpoint,avida_towers_makati_southpoint/avida_towers_makati_southpoint_0063.jpg,https://cdn.manilastandard.net/wp-content/uploads/2025/03/makati-southpoint-building.png,https://manilastandard.net/real-estate/314569244/avida-launches-final-tower-at-makati-southpoint-amid-strong-sales.html
avida_towers_makati_southpoint,avida_towers_makati_southpoint/avida_towers_makati_southpoint_0065.jpg,https://img.fazwaz.com/eyJidWNrZXQiOiJwcmQtbGlmdWxsY29ubmVjdC1wcm9qZWN0cy1hZG1pbi1pbWFnZXMiLCJrZXkiOiJkZGE3MzBiMi02Zjk0LTQ4ZDgtOTM2Zi03OWY5YWEzZDYyNmVcL2RkYTczMGIyLTZmOTQtNDhkOC05MzZmLTc5ZjlhYTNkNjI2ZV85M2Y4YzVhYi1iNDk3LTQxMmItOTE3OC01ZjRiM2EyYWJiNWEucG5nIiwiZWRpdHMiOnsicm90YXRlIjpudWxsfX0=,https://www.fazwaz.ph/projects/philippines/metro-manila/southern-district/makati-city/avida-towers-makati-southpoint
avida_towers_makati_southpoint,avida_towers_makati_southpoint/avida_towers_makati_southpoint_0066.jpg,https://cdn.manilastandard.net/wp-content/uploads/2025/03/makati-southpoint-building-1024x768.png,https://manilastandard.net/real-estate/314569244/avida-launches-final-tower-at-makati-southpoint-amid-strong-sales.html
avida_towers_makati_southpoint,avida_towers_makati_southpoint/avida_towers_makati_southpoint_0074.jpg,https://www.phrealestate.com/uploads/15808147721_avida_southpoint_bldg_facade.jpg,https://www.phrealestate.com/project/avida-land/avida-towers-makati-southpoint
avida_towers_makati_southpoint,avida_towers_makati_southpoint/avida_towers_makati_southpoint_0075.jpg,https://www.phrealestate.com/uploads/15808147722_avida_southpoint_building_facade.jpg,https://www.phrealestate.com/project/avida-land/avida-towers-makati-southpoint
avida_towers_makati_southpoint,avida_towers_makati_southpoint/avida_towers_makati_southpoint_0076.jpg,https://preview.redd.it/avida-southpoint-makati-tower-1-v0-618zc0ntv30d1.jpg?width=640&crop=smart&auto=webp&s=66b06042d5aaeb4618311e34e65125367bad529c,https://www.reddit.com/r/PhilippineRealEstate/comments/1cqor9c/avida_southpoint_makati_tower_1/
avida_towers_makati_southpoint,avida_towers_makati_southpoint/avida_towers_makati_southpoint_0077.jpg,https://media.karousell.com/media/photos/products/2022/12/13/avida_towers_makati_southpoint_1670945127_f432d7c5.jpg,https://www.carousell.ph/p/avida-towers-makati-southpoint-junior-1br-for-sale-1202876661/
avida_towers_makati_southpoint,avida_towers_makati_southpoint/avida_towers_makati_southpoint_0080.jpg,https://images.proppit.com/properties/0195d267-94f0-760c-b6b4-ed6b691636ad/watermark/0195d26b-e638-7025-a6bf-f69fd498ce72.bin,https://www.lamudi.com.ph/property/41032-73-ed6b691636f6-9539-195d2b0-b6fd-7655
avida_towers_makati_southpoint,avida_towers_makati_southpoint/avida_towers_makati_southpoint_0086.jpg,https://images.myproperties.ph/uploads/gallery/feat_image27.jpg,https://www.avidatowersmakati.com/avida-towers-makati-southpoint-amenities
avida_towers_makati_southpoint,avida_towers_makati_southpoint/avida_towers_makati_southpoint_0089.jpg,https://img.fazwaz.com/eyJidWNrZXQiOiJwcmQtbGlmdWxsY29ubmVjdC1wcm9qZWN0cy1hZG1pbi1pbWFnZXMiLCJrZXkiOiJkZGE3MzBiMi02Zjk0LTQ4ZDgtOTM2Zi03OWY5YWEzZDYyNmVcL2RkYTczMGIyLTZmOTQtNDhkOC05MzZmLTc5ZjlhYTNkNjI2ZV81YWU2NzAzMS1hY2JmLTQyZjYtYWE2OS1jNTE1MzdlNDE1NTkuanBnIiwiZWRpdHMiOnsicm90YXRlIjpudWxsfX0=,https://www.baancoin.com/projects/philippines/metro-manila/southern-district/makati-city/avida-towers-makati-southpoint
avida_towers_makati_southpoint,avida_towers_makati_southpoint/avida_towers_makati_southpoint_0093.jpg,https://media.karousell.com/media/photos/products/2024/8/1/avida_southpoint_makati_condo__1722506314_c0e5a9d2,https://www.carousell.ph/p/avida-southpoint-makati-condo-unit-for-rent-1317631763/
avida_towers_makati_southpoint,avida_towers_makati_southpoint/avida_towers_makati_southpoint_0095.jpg,https://images.myproperties.ph/uploads/gallery/avidatowerssola.jpg,https://www.avidatowersmakati.com/avida-towers-makati-southpoint-amenities
avida_towers_makati_southpoint,avida_towers_makati_southpoint/avida_towers_makati_southpoint_0100.jpg,https://www.ayalacommunities.com/wp-content/uploads/2022/08/southpoint6.jpg,https://www.ayalacommunities.com/property/avida-towers-makati-southpoint/
avida_towers_makati_southpoint,avida_towers_makati_southpoint/avida_towers_makati_southpoint_0113.jpg,https://media.karousell.com/media/photos/products/2023/12/15/avida_tower_makati_southpoint_1702621196_9f77fac1,https://www.carousell.ph/p/avida-tower-makati-southpoint-1271499478/
avida_towers_makati_southpoint,avida_towers_makati_southpoint/avida_towers_makati_southpoint_0114.jpg,https://bonconseilrealty.com/wp-content/uploads/2024/04/008.jpg,https://bonconseilrealty.com/property/avida-towers-makati-southpoint/
avida_towers_makati_southpoint,avida_towers_makati_southpoint/avida_towers_makati_southpoint_0124.jpg,https://cdn.sanity.io/images/4f3ey4m9/alr-brands-production/a60d7a61aa44f8a27212932c06972ef2a4339d61-8000x4000.jpg?auto=format&fit=max&q=75&w=1280,https://www.avidaland.com/tailor-made-living-spaces-for-comfort-wellness-and-growth-at-avida-towers-makati-southpoint
avida_towers_makati_southpoint,avida_towers_makati_southpoint/avida_towers_makati_southpoint_0128.jpg,https://media.karousell.com/media/photos/products/2024/8/1/avida_southpoint_makati_condo__1722506314_2137f532_progressive,https://www.carousell.ph/p/avida-southpoint-makati-condo-unit-for-rent-1317631763/
avida_towers_makati_southpoint,avida_towers_makati_southpoint/avida_towers_makati_southpoint_0136.jpg,https://media.karousell.com/media/photos/products/2024/8/1/avida_southpoint_makati_condo__1722506314_6a902713_progressive,https://www.carousell.ph/p/avida-southpoint-makati-condo-unit-for-rent-1317631763/
avida_towers_makati_southpoint,avida_towers_makati_southpoint/avida_towers_makati_southpoint_0154.jpg,"https://static.wixstatic.com/media/c062d8_f1d02305db94441f898def32bcf9672e~mv2.png/v1/fill/w_582,h_281,al_c,q_85,usm_0.66_1.00_0.01,enc_avif,quality_auto/c062d8_f1d02305db94441f898def32bcf9672e~mv2.png",https://www.ayalaph.com/makatisouthpoint
avida_towers_makati_southpoint,avida_towers_makati_southpoint/avida_towers_makati_southpoint_0155.jpg,https://img.myproperty.ph/eyJidWNrZXQiOiJwcmQtbGlmdWxsY29ubmVjdC1iYWNrZW5kLWIyYi1pbWFnZXMiLCJrZXkiOiJwcm9wZXJ0aWVzLzA2NzdjZTcwLTRhZDUtNDIzMC1hMWZjLTYwNTQxY2I2MTA0Ni9jMjgyNDNlOC1kYzJhLTQ5M2QtYWViZi1mNzk1ZjRkZTI4ZTMuanBnIiwiYnJhbmQiOiJteXByb3BlcnR5IiwiZWRpdHMiOnsicm90YXRlIjpudWxsLCJyZXNpemUiOnsid2lkdGgiOjkwMCwiaGVpZ2h0Ijo2NTAsImZpdCI6ImNvdmVyIn19fQ==,https://www.myproperty.ph/property/34120-256-a2fc-60541cb61146-4bd5-4330-677cf70
avida_towers_makati_southpoint,avida_towers_makati_southpoint/avida_towers_makati_southpoint_0158.jpg,https://www.phrealestate.com/uploads/15808147727_avida_towers_makati_southpoint.jpg,https://www.phrealestate.com/project/avida-land/avida-towers-makati-southpoint
avida_towers_makati_southpoint,avida_towers_makati_southpoint/avida_towers_makati_southpoint_0172.jpg,https://i.ytimg.com/vi/ZbcmAilv5U8/maxresdefault.jpg,https://www.youtube.com/watch?v=ZbcmAilv5U8
avida_towers_makati_southpoint,avida_towers_makati_southpoint/avida_towers_makati_southpoint_0181.jpg,"https://cdn.sanity.io/images/4f3ey4m9/production/4f86bf242aaf883b802f0ce6b0d21305c77cf343-1620x1080.png?rect=281,282,987,516&w=1200&h=627&fit=crop&auto=format",https://ayalaland.com/properties/avida-towers-makati-southpoint
ayala_malls_circuit,ayala_malls_circuit/ayala_malls_circuit_0004.jpg,https://c8.alamy.com/comp/J6PAHE/08250-sunsets-carmona-circuit-makati-ayala-malls-28-J6PAHE.jpg,https://www.alamy.com/stock-photo/ayala-malls.html
ayala_malls_circuit,ayala_malls_circuit/ayala_malls_circuit_0016.jpg,https://i.ytimg.com/vi/k3Q1hyR9uUY/maxresdefault.jpg,https://www.youtube.com/watch?v=k3Q1hyR9uUY
ayala_malls_circuit,ayala_malls_circuit/ayala_malls_circuit_0035.jpg,https://skedcheck.com/wp-content/uploads/2026/05/Ayala_Malls_Circuit_Cinema.png,https://skedcheck.com/ayala-malls-circuit-cinema-schedule-ticket-prices/
ayala_malls_circuit,ayala_malls_circuit/ayala_malls_circuit_0043.jpg,https://c8.alamy.com/comp/J6PA26/07935-exterior-of-circuit-lane-ayala-malls-circuit-carmona-makati-J6PA26.jpg,https://www.alamy.com/stock-photo-07935-exterior-of-circuit-lane-ayala-malls-circuit-carmona-makati-141861726.html
ayala_malls_circuit,ayala_malls_circuit/ayala_malls_circuit_0047.jpg,https://c8.alamy.com/comp/J6PA22/07935-exterior-of-circuit-lane-ayala-malls-circuit-carmona-makati-J6PA22.jpg,https://www.alamy.com/stock-photo/ayala-malls.html
ayala_malls_circuit,ayala_malls_circuit/ayala_malls_circuit_0060.jpg,https://c8.alamy.com/comp/J6PA2R/07935-exterior-of-circuit-lane-ayala-malls-circuit-carmona-makati-J6PA2R.jpg,https://www.alamy.com/stock-photo-07935-exterior-of-circuit-lane-ayala-malls-circuit-carmona-makati-141861743.html
ayala_malls_circuit,ayala_malls_circuit/ayala_malls_circuit_0071.jpg,http://4.bp.blogspot.com/-beWwqqjXSik/VlsLAXpN6RI/AAAAAAABrPA/c__8ZGzXRrs/s1600/1.jpg,http://www.anagonzales.com/2015/11/ayala-malls-circuit-lane-makati.html
ayala_malls_circuit,ayala_malls_circuit/ayala_malls_circuit_0076.jpg,https://27crealty.com/wp-content/uploads/2023/06/Mall-Space-for-Lease-in-Ayala-Malls-Circuit-Makati-City-edited-1.jpg,https://27crealty.com/property/mall-space-for-lease-in-ayala-malls-circuit-makati-city/
ayala_malls_circuit,ayala_malls_circuit/ayala_malls_circuit_0077.jpg,https://3.bp.blogspot.com/-4dFzR3B8lfA/VnFUfDnr4cI/AAAAAAAASNc/dOgd1ZhHVdQ/s1600/IMG_7211.JPG,https://www.artsyfartsyava.com/2015/12/circuit-lane-makati.html
ayala_malls_circuit,ayala_malls_circuit/ayala_malls_circuit_0081.jpg,https://cdn.sanity.io/images/4f3ey4m9/production/47af31d9540ff82ae8af49addc1fc0d36deea64b-1328x887.jpg?auto=format&crop=entropy&fit=crop&h=594&q=75&w=832,https://ayalaland.com/blog/circuit-makati-guide
ayala_malls_circuit,ayala_malls_circuit/ayala_malls_circuit_0092.jpg,http://www.rankthemag.ph/wp-content/uploads/2018/11/4.jpg,https://rankthemag.ph/christmas-ayala-malls-circuit/
ayala_malls_circuit,ayala_malls_circuit/ayala_malls_circuit_0094.jpg,https://i.ytimg.com/vi/gGL710OaMs8/maxresdefault.jpg,https://storage.googleapis.com/dbdjxozqurtape/ayala-circuit-makati.html
ayala_malls_circuit,ayala_malls_circuit/ayala_malls_circuit_0098.jpg,https://c8.alamy.com/comp/3A1KHX8/makati-philippines-february-1-2025-street-view-of-ayala-avenue-in-makati-philippines-3A1KHX8.jpg,https://www.alamy.com/makati-philippines-february-1-2025-street-view-of-ayala-avenue-in-makati-philippines-image655039792.html
ayala_malls_circuit,ayala_malls_circuit/ayala_malls_circuit_0099.jpg,https://cdn.sanity.io/images/4f3ey4m9/production/cb508e96086c25f29bc015f755ce66b5ebcc0924-3840x2150.png?auto=format&crop=entropy&fit=crop&h=594&q=75&w=832,https://ayalaland.com/estates/circuit-makati
ayala_malls_circuit,ayala_malls_circuit/ayala_malls_circuit_0110.jpg,https://i.ytimg.com/vi/IExouWyASb8/maxresdefault.jpg,https://www.youtube.com/watch?v=IExouWyASb8
ayala_malls_circuit,ayala_malls_circuit/ayala_malls_circuit_0112.jpg,https://1.bp.blogspot.com/-2DzAb3bv4e8/XEXMPjdMphI/AAAAAAAAULo/suFXXX1FWXM2O4WC4ylfDvrZBQPFio-CwCEwYBhgL/s1600/Circuit%2BMall%2BWKT%2B%252811%2529.jpg,https://www.wakitravels.com/2019/01/a-quick-tour-in-circuit-mall-makati.html
ayala_malls_circuit,ayala_malls_circuit/ayala_malls_circuit_0113.jpg,https://blogger.googleusercontent.com/img/b/R29vZ2xl/AVvXsEheK9hNmhH64m3n8W2m0TtEXRcFPT1_EgCWy1qLJjAv160b7S9rQ5LrVn_2ee4rIwU6m6ostHgShs-P-a5v0RV0KBVNVeYT5dCcHAxIIlXNpa_6EF8RZa9I5x7NVXiWooviPxmdg66_wMGV/s1600/Circuit+Mall+WKT+%252810%2529.jpg,https://www.wakitravels.com/2019/01/a-quick-tour-in-circuit-mall-makati.html
ayala_malls_circuit,ayala_malls_circuit/ayala_malls_circuit_0114.jpg,https://blogger.googleusercontent.com/img/b/R29vZ2xl/AVvXsEhlD9MFOw5xoVGnyaJ8OhcESWqrUCTcyNud8gezuwwcD5WtYNSGRWxvzxem23uqTkoEOrkIPEdn9RW-DRNdoyEu5jS-DIQhC9eYpElVUpf9Y7eWajk28k3j-jJ6jhZA0pvLMSLfR-1FvwD3/s1600/Circuit+Mall+WKT+%25289%2529.jpg,https://www.wakitravels.com/2019/01/a-quick-tour-in-circuit-mall-makati.html
ayala_malls_circuit,ayala_malls_circuit/ayala_malls_circuit_0115.jpg,https://dynamic-media-cdn.tripadvisor.com/media/photo-o/17/53/a9/e1/circuit-makati.jpg?w=1200&h=1200&s=1,https://www.tripadvisor.in/Attraction_Review-g298450-d10297088-Reviews-Circuit_Makati-Makati_Metro_Manila_Luzon.html
ayala_malls_circuit,ayala_malls_circuit/ayala_malls_circuit_0117.jpg,https://4.bp.blogspot.com/-y4F9AKZQ9dQ/XEXMPTL-pKI/AAAAAAAAULk/oT-x9FU-hq8FSknXSAfA6etAp0DED1RbACEwYBhgL/s1600/Circuit%2BMall%2BWKT%2B%25281%2529.jpg,https://www.wakitravels.com/2019/01/a-quick-tour-in-circuit-mall-makati.html
ayala_malls_circuit,ayala_malls_circuit/ayala_malls_circuit_0118.jpg,https://1.bp.blogspot.com/-AyCIMdSMSI0/XEXMTPL-9yI/AAAAAAAAULY/q_17nSYimxYmffDNmVg5mLqI47ZKBxtIwCEwYBhgL/s1600/Circuit%2BMall%2BWKT%2B%252812%2529.jpg,https://www.wakitravels.com/2019/01/a-quick-tour-in-circuit-mall-makati.html
ayala_malls_circuit,ayala_malls_circuit/ayala_malls_circuit_0120.jpg,https://3.bp.blogspot.com/-5fnHTsp7BZw/XEXMa0FgRDI/AAAAAAAAULo/t0_zD_IkHDkgPU6PKHAjk0FSt00vawkhQCEwYBhgL/s1600/Circuit%2BMall%2BWKT%2B%25284%2529.jpg,https://www.wakitravels.com/2019/01/a-quick-tour-in-circuit-mall-makati.html
ayala_malls_circuit,ayala_malls_circuit/ayala_malls_circuit_0122.jpg,http://images.summitmedia-digital.com/spotph/images/2023/06/22/4b537ed0-c1e9-4ae7-9e54-7e1c411c7abb-1687418870.jpeg,https://storage.googleapis.com/dqdmuxblfeowke/circuit-makati-open-parking.html
ayala_malls_circuit,ayala_malls_circuit/ayala_malls_circuit_0123.jpg,https://alchetron.com/cdn/circuit-makati-11522f85-aa76-4c4f-aa62-6a44d5def15-resize-750.jpeg,https://alchetron.com/Circuit-Makati
ayala_malls_circuit,ayala_malls_circuit/ayala_malls_circuit_0124.jpg,https://business.inquirer.net/files/2019/12/Circuit-Lane.jpg,https://business.inquirer.net/284915/circuit-makati-a-nexus-for-cosmopolitan-life
ayala_malls_circuit,ayala_malls_circuit/ayala_malls_circuit_0126.jpg,https://dynamic-media-cdn.tripadvisor.com/media/photo-o/1b/ad/77/9a/ingresso-di-aspetto-squallido.jpg?w=1100&h=1100&s=1,https://www.tripadvisor.com.ph/Attraction_Review-g298450-d10297088-Reviews-Circuit_Makati-Makati_Metro_Manila_Luzon.html
ayala_malls_circuit,ayala_malls_circuit/ayala_malls_circuit_0127.jpg,https://dynamic-media-cdn.tripadvisor.com/media/photo-o/17/53/a9/e1/circuit-makati.jpg?w=1200&h=-1&s=1,https://www.tripadvisor.com.ph/Attraction_Review-g298450-d10297088-Reviews-Circuit_Makati-Makati_Metro_Manila_Luzon.html
ayala_malls_circuit,ayala_malls_circuit/ayala_malls_circuit_0128.jpg,https://sharinggreatideas.com/blogimages/155442753214603150-IMG_20190331_175639.jpg,https://sharinggreatideas.com/2019/circuit_lane_makati
ayala_malls_circuit,ayala_malls_circuit/ayala_malls_circuit_0130.jpg,https://dynamic-media-cdn.tripadvisor.com/media/photo-o/1a/0b/8e/6b/piani-del-mall.jpg?w=1200&h=1200&s=1,https://www.tripadvisor.com.ph/Attraction_Review-g298450-d10297088-Reviews-Circuit_Makati-Makati_Metro_Manila_Luzon.html
ayala_malls_circuit,ayala_malls_circuit/ayala_malls_circuit_0132.jpg,https://dynamic-media-cdn.tripadvisor.com/media/photo-o/0b/48/2f/ee/theatre.jpg?w=1400&h=-1&s=1,https://www.tripadvisor.com.ph/Attraction_Review-g298450-d10297088-Reviews-Circuit_Makati-Makati_Metro_Manila_Luzon.html
ayala_malls_circuit,ayala_malls_circuit/ayala_malls_circuit_0133.jpg,https://cdn.sanity.io/images/4f3ey4m9/production/9e5455e1f4499ab1dbfa4f277c2ae1bc8f465c53-1280x720.jpg?auto=format&fit=max&q=75&w=1152,https://ayalaland.com/blog/circuit-makati-celebrates-10-amazing-years-as-a-center-for-arts-culture-and-entertainment
ayala_malls_circuit,ayala_malls_circuit/ayala_malls_circuit_0135.jpg,https://dynamic-media-cdn.tripadvisor.com/media/photo-o/1b/ad/77/97/il-nome-del-mall.jpg?w=1100&h=1100&s=1,https://www.tripadvisor.co.za/Attraction_Review-g298450-d10297088-Reviews-Circuit_Makati-Makati_Metro_Manila_Luzon.html
ayala_malls_circuit,ayala_malls_circuit/ayala_malls_circuit_0136.jpg,https://dynamic-media-cdn.tripadvisor.com/media/photo-o/0b/48/2f/f6/lane.jpg?w=900&h=500&s=1,https://www.tripadvisor.com.ph/Attraction_Review-g298450-d10297088-Reviews-Circuit_Makati-Makati_Metro_Manila_Luzon.html
ayala_malls_circuit,ayala_malls_circuit/ayala_malls_circuit_0138.jpg,https://dynamic-media-cdn.tripadvisor.com/media/photo-o/1b/ad/77/ab/tubo-di-acciaio-che-corre.jpg?w=1100&h=1100&s=1,https://www.tripadvisor.com/Attraction_Review-g298450-d10297088-Reviews-Circuit_Makati-Makati_Metro_Manila_Luzon.html
ayala_malls_circuit,ayala_malls_circuit/ayala_malls_circuit_0140.jpg,https://sharinggreatideas.com/blogimages/15544275211664614966-IMG_20190331_175707.jpg,https://sharinggreatideas.com/2019/circuit_lane_makati
ayala_malls_circuit,ayala_malls_circuit/ayala_malls_circuit_0142.jpg,https://alchetron.com/cdn/circuit-makati-8252e449-6411-4537-b601-75ff49372d0-resize-750.jpg,https://alchetron.com/Circuit-Makati
ayala_malls_circuit,ayala_malls_circuit/ayala_malls_circuit_0143.jpg,https://zoomer.ph/wp-content/uploads/2023/05/img_1560.jpg?w=1088,https://zoomer.ph/tag/circuit-makati-mall/
ayala_malls_circuit,ayala_malls_circuit/ayala_malls_circuit_0145.jpg,https://cdn.sanity.io/images/4f3ey4m9/production/80a0363cef9169eb76cae58d8dab607629b8e6c4-8064x4536.jpg?auto=format&fit=max&q=75&w=768,https://ayalaland.com/blog/top-condos-in-makati-2026
ayala_malls_circuit,ayala_malls_circuit/ayala_malls_circuit_0146.jpg,https://dynamic-media-cdn.tripadvisor.com/media/photo-o/17/53/a9/e1/circuit-makati.jpg?w=1400&h=800&s=1,https://www.tripadvisor.com/Attraction_Review-g298450-d10297088-Reviews-Circuit_Makati-Makati_Metro_Manila_Luzon.html
ayala_malls_circuit,ayala_malls_circuit/ayala_malls_circuit_0147.jpg,https://dynamic-media-cdn.tripadvisor.com/media/photo-o/1b/ad/77/ad/tubo-di-acciaio-che-corre.jpg?w=1100&h=1100&s=1,https://www.tripadvisor.com.ph/Attraction_Review-g298450-d10297088-Reviews-Circuit_Makati-Makati_Metro_Manila_Luzon.html
ayala_malls_circuit,ayala_malls_circuit/ayala_malls_circuit_0152.jpg,https://1.bp.blogspot.com/-E7wwmKudR2I/Xdx-PGmh4PI/AAAAAAAA1-Q/RSE8_R0JlHI1plDbvM3Mz4VfFczFsTUOwCEwYBhgL/s1600/Makati-Circuit-Night-Market.jpg,https://www.livingmarjorney.com/2019/11/makati-night-market-makati-circuit.html
ayala_malls_circuit,ayala_malls_circuit/ayala_malls_circuit_0153.jpg,https://cookmagazine.ph/wp-content/uploads/2019/12/2-1.jpg,https://cookmagazine.ph/blog/2019/12/03/a-circuit-holiday-night-market-spotlights-christmas-spirit-and-local-love-2/
ayala_malls_circuit,ayala_malls_circuit/ayala_malls_circuit_0157.jpg,https://c8.alamy.com/comp/2A8T5HY/nov-3-2019-christmas-decorations-in-the-globe-circuit-mall-manila-philippines-2A8T5HY.jpg,https://www.alamy.com/stock-photo/circuit-makati.html
ayala_malls_circuit,ayala_malls_circuit/ayala_malls_circuit_0159.jpg,https://2.bp.blogspot.com/-ToxPe2bxsEQ/VoC_GUvUbcI/AAAAAAAA1Cs/o-MZwzOy0w0/s1600/circuitmakati001a.jpg,https://markcerbo.blogspot.com/2015/12/5-places-to-see-at-circuit-makati.html
ayala_malls_circuit,ayala_malls_circuit/ayala_malls_circuit_0160.jpg,https://media-cdn.tripadvisor.com/media/photo-s/11/64/0f/6b/circuit-makati.jpg,https://www.tripadvisor.com/ShowUserReviews-g298450-d10297088-r741418513-Circuit_Makati-Makati_Metro_Manila_Luzon.html
ayala_malls_circuit,ayala_malls_circuit/ayala_malls_circuit_0163.jpg,https://blogger.googleusercontent.com/img/b/R29vZ2xl/AVvXsEivDDkVoxvULZyL5QE9ZJfChvo6dBZOyQkuj6iVvHtxxBPeFOqB2J-Yj7Gn_G8vnMb0x9_gmCVWK9jwx4_upIxY56lWV5k862F2c2ZiUPVjjja_usC5xClRRts2BqNltk9a550lLAeFSZfV/s1600/circuit+makati+night+market+nov+2015.jpg,https://www.manilashopper.com/2015/11/passionfly-circuit-night-market.html
ayala_malls_circuit,ayala_malls_circuit/ayala_malls_circuit_0164.jpg,https://dynamic-media-cdn.tripadvisor.com/media/photo-o/1a/0b/8e/62/luci-come-un-albero.jpg?w=1400&h=1400&s=1,https://www.tripadvisor.com.ph/Attraction_Review-g298450-d10297088-Reviews-Circuit_Makati-Makati_Metro_Manila_Luzon.html
ayala_malls_circuit,ayala_malls_circuit/ayala_malls_circuit_0166.jpg,https://zoomer.ph/wp-content/uploads/2023/05/img_1542.jpg?w=2048,https://zoomer.ph/2023/05/01/open-spaces-in-metro-manila-circuit-makati-event-grounds/
ayala_malls_circuit,ayala_malls_circuit/ayala_malls_circuit_0167.jpg,https://i0.wp.com/www.theurbanroamer.com/wp-content/uploads/2016/05/26712725882_11251dec45_b1.jpg?resize=1024%2C768&ssl=1,https://www.theurbanroamer.com/circuit-makati/
ayala_malls_circuit,ayala_malls_circuit/ayala_malls_circuit_0170.jpg,https://www.sharinggreatideas.com/blogimages/1554427124158380581-IMG_20190331_192953.jpg,https://sharinggreatideas.com/2019/circuit_lane_makati
ayala_malls_circuit,ayala_malls_circuit/ayala_malls_circuit_0172.jpg,https://sharinggreatideas.com/blogimages/15544294921466809032-IMG_20190331_161804.jpg,https://sharinggreatideas.com/2019/circuit_lane_makati
ayala_malls_circuit,ayala_malls_circuit/ayala_malls_circuit_0173.jpg,https://blogger.googleusercontent.com/img/b/R29vZ2xl/AVvXsEgPH1myLem6Uk_Oh_6NRr7ukk0F_ZUB2aWQ66Zz4D93MPTgOrOYsSjVf7afYOU1noGOaJechgQfG7qlWzbT1djU-Vge9Iutti9ZBKZx2NXc6xaUhnTy9xktbbATvkWjHItSr_LkAA/s1600/Circuit+Lane+Main+Entrance.tif,https://gridcrosser.blogspot.com/2014/09/big-dreams-for-big-city-makati-city.html
ayala_malls_circuit,ayala_malls_circuit/ayala_malls_circuit_0174.jpg,https://sharinggreatideas.com/blogimages/1554427543537453977-IMG_20190331_175629.jpg,https://sharinggreatideas.com/2019/circuit_lane_makati
ayala_malls_circuit,ayala_malls_circuit/ayala_malls_circuit_0175.jpg,https://dynamic-media-cdn.tripadvisor.com/media/photo-o/0b/ac/07/5e/the-name-of-the-place.jpg?w=700&h=-1&s=1,https://www.tripadvisor.ch/Attraction_Review-g298450-d10297087-Reviews-Circuit_Lane-Makati_Metro_Manila_Luzon.html
ayala_malls_circuit,ayala_malls_circuit/ayala_malls_circuit_0176.jpg,https://dynamic-media-cdn.tripadvisor.com/media/photo-o/18/bc/d2/1b/ayala-malls-circuit.jpg?w=1200&h=1200&s=1,https://www.tripadvisor.es/Attraction_Review-g298450-d10297087-Reviews-Circuit_Lane-Makati_Metro_Manila_Luzon.html
ayala_malls_circuit,ayala_malls_circuit/ayala_malls_circuit_0177.jpg,https://sharinggreatideas.com/blogimages/1554427573957610347-IMG_20190331_175403.jpg,https://sharinggreatideas.com/2019/circuit_lane_makati
ayala_malls_circuit,ayala_malls_circuit/ayala_malls_circuit_0179.jpg,http://4.bp.blogspot.com/-TEek4555QOA/VlsLAR7ZuDI/AAAAAAABrO8/4oNpHvmyA-4/s1600/2.jpg,http://www.anagonzales.com/2015/11/ayala-malls-circuit-lane-makati.html
ayala_malls_circuit,ayala_malls_circuit/ayala_malls_circuit_0180.jpg,https://sharinggreatideas.com/blogimages/15544276371043434101-IMG_20190331_160622.jpg,https://sharinggreatideas.com/2019/circuit_lane_makati
ayala_malls_circuit,ayala_malls_circuit/ayala_malls_circuit_0182.jpg,https://sharinggreatideas.com/blogimages/1554427626341513877-IMG_20190331_160614.jpg,https://sharinggreatideas.com/2019/circuit_lane_makati
ayala_malls_circuit,ayala_malls_circuit/ayala_malls_circuit_0183.jpg,https://sharinggreatideas.com/blogimages/15544295012096287786-IMG_20190331_161747.jpg,https://sharinggreatideas.com/2019/circuit_lane_makati
ayala_malls_circuit,ayala_malls_circuit/ayala_malls_circuit_0186.jpg,https://sharinggreatideas.com/frontpage/circuit.jpg,https://sharinggreatideas.com/index
ayala_malls_circuit,ayala_malls_circuit/ayala_malls_circuit_0188.jpg,https://dynamic-media-cdn.tripadvisor.com/media/photo-o/0c/82/54/6a/manila-symphony-orchestra.jpg?w=1200&h=1200&s=1,https://www.tripadvisor.ch/Attraction_Review-g298450-d10297087-Reviews-Circuit_Lane-Makati_Metro_Manila_Luzon.html
ayala_malls_circuit,ayala_malls_circuit/ayala_malls_circuit_0189.jpg,https://www.spellrealty.com/sites/spellrealty.com/files/pictures/developers/ayalaland_inc/articles/circuit_makati/Circuit_Makati3.png,https://www.spellrealty.com/philippines/why-live-and-invest-in-circuit-makati_27.html
ayala_malls_circuit,ayala_malls_circuit/ayala_malls_circuit_0190.jpg,https://farm1.staticflickr.com/564/22993984169_ed17b79ba1_b.jpg,https://www.ruthdelacruz.com/2015/11/stores-restaurants-circuit-lane-makati.html
ayala_malls_circuit,ayala_malls_circuit/ayala_malls_circuit_0191.jpg,https://thumbs.dreamstime.com/b/nov-christmas-decoreation-circuit-lane-makati-philippines-nov-christmas-decoreation-circuit-lane-makati-105845054.jpg,https://www.dreamstime.com/nov-christmas-decoreation-circuit-lane-makati-philippines-nov-christmas-decoreation-circuit-lane-makati-image105845054
ayala_malls_circuit,ayala_malls_circuit/ayala_malls_circuit_0192.jpg,https://dynamic-media-cdn.tripadvisor.com/media/photo-o/0b/ac/07/85/building-s-view.jpg?w=1200&h=1200&s=1,https://www.tripadvisor.com.au/Attraction_Review-g298450-d10297087-Reviews-Circuit_Lane-Makati_Metro_Manila_Luzon.html
ayala_malls_circuit,ayala_malls_circuit/ayala_malls_circuit_0195.jpg,https://farm1.staticflickr.com/666/22734752933_ed9909f6f1_b.jpg,https://www.ruthdelacruz.com/2015/11/stores-restaurants-circuit-lane-makati.html
ayala_malls_circuit,ayala_malls_circuit/ayala_malls_circuit_0196.jpg,https://cdn.sanity.io/images/4f3ey4m9/production/74781a97e1b8ee4260292f427f1deedaf5270c66-5245x2947.jpg?auto=format&fit=max&q=75&w=1280,https://irealtee.com/properties/circuit-makati-phase-2-commercial-lots-ayala-land
ayala_malls_circuit,ayala_malls_circuit/ayala_malls_circuit_0198.jpg,https://farm6.staticflickr.com/5720/23253534952_8fe23a0ddb_b.jpg,https://www.ruthdelacruz.com/2015/11/stores-restaurants-circuit-lane-makati.html
ayala_malls_circuit,ayala_malls_circuit/ayala_malls_circuit_0202.jpg,https://farm1.staticflickr.com/657/23253537432_9575e8eaef_b.jpg,https://www.ruthdelacruz.com/2015/11/stores-restaurants-circuit-lane-makati.html
ayala_malls_circuit,ayala_malls_circuit/ayala_malls_circuit_0210.jpg,https://media.gettyimages.com/id/1237044349/photo/visitors-rest-in-an-open-area-of-ayala-land-inc-s-circuit-makati-development-in-makati-metro.jpg?s=612x612&w=gi&k=20&c=-9SCqcvIXPKIDGf-lyqXT4OASptaH_nPNoeD17K2zo4=,https://www.gettyimages.in/photos/circuit-makati
ayala_malls_circuit,ayala_malls_circuit/ayala_malls_circuit_0236.jpg,https://farm1.staticflickr.com/625/22733519114_b5ba241917_b.jpg,https://www.ruthdelacruz.com/2015/11/stores-restaurants-circuit-lane-makati.html
ayala_malls_circuit,ayala_malls_circuit/ayala_malls_circuit_0237.jpg,https://media-cdn.tripadvisor.com/media/photo-s/18/bc/d2/1b/ayala-malls-circuit.jpg,https://www.tripadvisor.com.au/Attraction_Review-g298450-d10297087-Reviews-Circuit_Lane-Makati_Metro_Manila_Luzon.html
ayala_malls_circuit,ayala_malls_circuit/ayala_malls_circuit_0238.jpg,https://imhotel.com/wp-content/uploads/2026/06/Circuit-Lane.jpg,https://imhotel.com/experience/circuit-lane/
ayala_malls_circuit,ayala_malls_circuit/ayala_malls_circuit_0239.jpg,https://dynamic-media-cdn.tripadvisor.com/media/photo-o/0c/82/54/6a/manila-symphony-orchestra.jpg?w=1400&h=800&s=1,https://www.tripadvisor.com/Attraction_Review-g298450-d10297087-Reviews-Circuit_Lane-Makati_Metro_Manila_Luzon.html
ayala_malls_circuit,ayala_malls_circuit/ayala_malls_circuit_0241.jpg,"https://cdn.sanity.io/images/4f3ey4m9/production/29ed158b1368b18d8119b0d22278fd64f8660e55-2552x1282.png?rect=49,0,2454,1282&w=1200&h=627&fit=crop&auto=format",https://ayalaland.com/blog/circuit-makati-guide
ayala_malls_circuit,ayala_malls_circuit/ayala_malls_circuit_0249.jpg,https://4.bp.blogspot.com/-ZgJIVS2qFoM/VoC-RYefv0I/AAAAAAAA1CE/6suO94R_Ovc/s1600/circuitmakati001.jpg,https://markcerbo.blogspot.com/2015/12/5-places-to-see-at-circuit-makati.html
ayala_malls_circuit,ayala_malls_circuit/ayala_malls_circuit_0250.jpg,https://dynamic-media-cdn.tripadvisor.com/media/photo-o/0c/82/54/10/manila-symphony-orchestra.jpg?w=1200&h=1200&s=1,https://www.tripadvisor.com.ph/Attraction_Review-g298450-d10297087-Reviews-Circuit_Lane-Makati_Metro_Manila_Luzon.html
ayala_malls_circuit,ayala_malls_circuit/ayala_malls_circuit_0251.jpg,https://lightplaninc.com/wp-content/uploads/2023/09/MG_1822-HDR.jpg,https://lightplaninc.com/works/circuit-lane/
ayala_malls_circuit,ayala_malls_circuit/ayala_malls_circuit_0252.jpg,https://thumbs.dreamstime.com/z/nov-christmas-decoreation-circuit-lane-makati-nov-christmas-decoreation-circuit-lane-makati-philippines-105844250.jpg,https://www.dreamstime.com/nov-christmas-decoreation-circuit-lane-makati-nov-christmas-decoreation-circuit-lane-makati-philippines-image105844250
ayala_malls_circuit,ayala_malls_circuit/ayala_malls_circuit_0255.jpg,https://dynamic-media-cdn.tripadvisor.com/media/photo-o/0c/82/53/e2/manila-symphony-orchestra.jpg?w=1200&h=1200&s=1,https://www.tripadvisor.com.ph/Attraction_Review-g298450-d10297087-Reviews-Circuit_Lane-Makati_Metro_Manila_Luzon.html
ayala_malls_circuit,ayala_malls_circuit/ayala_malls_circuit_0257.jpg,https://thumbs.dreamstime.com/b/nov-christmas-decoreation-circuit-lane-makati-nov-christmas-decoreation-circuit-lane-makati-philippines-105844250.jpg,https://www.dreamstime.com/nov-christmas-decoreation-circuit-lane-makati-nov-christmas-decoreation-circuit-lane-makati-philippines-image105844250
ayala_malls_circuit,ayala_malls_circuit/ayala_malls_circuit_0258.jpg,https://i.pinimg.com/736x/be/6f/f5/be6ff5448eaf8c5bba3d69c850d91c04.jpg,https://ph.pinterest.com/pin/ayala-malls-circuit-september-2018--662662532648048269/
ayala_malls_circuit,ayala_malls_circuit/ayala_malls_circuit_0260.jpg,https://c8.alamy.com/comp/J6PA2D/07935-exterior-of-circuit-lane-ayala-malls-circuit-carmona-makati-J6PA2D.jpg,https://storage.googleapis.com/dptylnxmuomgae/ayala-malls-circuit.html
ayala_malls_circuit,ayala_malls_circuit/ayala_malls_circuit_0262.jpg,https://primer.com.ph/blog/wp-content/uploads/sites/14/2018/07/37895498_1925006917808824_1935254844159819776_o-e1533018833444.jpg,https://primer.com.ph/blog/2018/07/31/ayala-malls-circuit-officially-opens/
ayala_malls_circuit,ayala_malls_circuit/ayala_malls_circuit_0265.jpg,https://i.ytimg.com/vi/B-UzFfmuqpY/maxresdefault.jpg,https://www.youtube.com/watch?v=B-UzFfmuqpY
ayala_malls_circuit,ayala_malls_circuit/ayala_malls_circuit_0267.jpg,https://makeitmakati.com/wp-content/uploads/sites/14/2018/07/002.jpg,https://makeitmakati.com/free-p2p-rides-ayala-malls-circuit/
ayala_malls_circuit,ayala_malls_circuit/ayala_malls_circuit_0268.jpg,https://img.lamudi.com/eyJidWNrZXQiOiJwcmQtbGlmdWxsY29ubmVjdC1wcm9qZWN0cy1hZG1pbi1pbWFnZXMiLCJrZXkiOiI2Njg4ZjAzYS1hMzdhLTRmNjEtYjE5Ni1lNDBmMWIzMTZlZDkvNjY4OGYwM2EtYTM3YS00ZjYxLWIxOTYtZTQwZjFiMzE2ZWQ5XzAwN2Y2NTFiLThhYTAtNDJkOS1hZGM5LWQxMzAwNzkyNDk5MC5qcGciLCJicmFuZCI6ImxhbXVkaSIsImVkaXRzIjp7InJvdGF0ZSI6bnVsbCwicmVzaXplIjp7IndpZHRoIjo3NTMsImhlaWdodCI6NDE1LCJmaXQiOiJjb3ZlciJ9fX0=,https://www.lamudi.com.ph/projects/ayala-malls-circuit/
ayala_malls_circuit,ayala_malls_circuit/ayala_malls_circuit_0270.jpg,https://2.bp.blogspot.com/-fnTvXqQFP4w/XEXMXievnYI/AAAAAAAAUL0/NxtBCCtgeyMpKrSPhgwpaLAjJbTXIj_EQCEwYBhgL/s1600/Circuit%2BMall%2BWKT%2B%25283%2529.jpg,https://www.wakitravels.com/2019/01/a-quick-tour-in-circuit-mall-makati.html
ayala_malls_circuit,ayala_malls_circuit/ayala_malls_circuit_0271.jpg,https://visor.ph/wp-content/uploads/2022/12/Ayala-4.jpg,https://visor.ph/bikes/this-is-how-ayala-malls-supports-the-cycling-community/
ayala_malls_circuit,ayala_malls_circuit/ayala_malls_circuit_0273.jpg,https://mir-s3-cdn-cf.behance.net/projects/404/f59233142854359.Y3JvcCwyMTQyLDE2NzUsMzY4NSw1NTE.png,https://www.behance.net/search/projects/ayala malls
ayala_malls_circuit,ayala_malls_circuit/ayala_malls_circuit_0274.jpg,https://i.ytimg.com/vi/xvNkOPuZNZg/maxresdefault.jpg,https://www.youtube.com/watch?v=xvNkOPuZNZg
ayala_malls_circuit,ayala_malls_circuit/ayala_malls_circuit_0285.jpg,https://realestateblogph.com/wp-content/uploads/2022/05/Ayala-Malls-Circuit-620x412-1.webp,https://realestateblogph.com/2022/06/makatis-newest-address-a-stage-for-life-to-unfold/
ayala_malls_circuit,ayala_malls_circuit/ayala_malls_circuit_0286.jpg,https://c8.alamy.com/comp/J6PA3B/07935-exterior-of-circuit-lane-ayala-malls-circuit-carmona-makati-J6PA3B.jpg,https://www.alamy.com/stock-photo-07935-exterior-of-circuit-lane-ayala-malls-circuit-carmona-makati-141861759.html
ayala_malls_circuit,ayala_malls_circuit/ayala_malls_circuit_0287.jpg,https://l450v.alamy.com/450v/j6pa1w/the-image-shows-the-exterior-view-of-the-circuit-lane-at-ayala-malls-j6pa1w.jpg,https://www.alamy.com/stock-photo-this-image-shows-the-exterior-of-circuit-lane-in-the-ayala-malls-circuit-141861751.html
ayala_malls_circuit,ayala_malls_circuit/ayala_malls_circuit_0288.jpg,https://c8.alamy.com/comp/J6PA1X/07935-exterior-of-circuit-lane-ayala-malls-circuit-carmona-makati-J6PA1X.jpg,https://www.alamy.com/stock-photo-07935-exterior-of-circuit-lane-ayala-malls-circuit-carmona-makati-141861718.html
ayala_malls_circuit,ayala_malls_circuit/ayala_malls_circuit_0295.jpg,https://www.rankthemag.ph/wp-content/uploads/2018/11/ayalabanner.jpg,https://www.rankthemag.ph/christmas-ayala-malls-circuit/
st_john_bosco_parish,st_john_bosco_parish/st_john_bosco_parish_0000.jpg,"https://d3fphkxyf5o5bm.cloudfront.net/image-resize/format=webp,w=1200/QwRY54Li1HMwD7oNfofmP5HlOPPJ37kjh9vFp3o7Dd",https://mindtrip.ai/attraction/makati-luzon/st-john-bosco-parish-church-makati-city-archdiocese-manila/at-dTHEqkTP
st_john_bosco_parish,st_john_bosco_parish/st_john_bosco_parish_0001.jpg,https://live.staticflickr.com/7023/6684487943_2eec4383a3_b.jpg,https://www.flickr.com/photos/28098727@N00/6684487943
st_john_bosco_parish,st_john_bosco_parish/st_john_bosco_parish_0002.jpg,https://philippinechurches.com/wp-content/uploads/2020/02/st-john-bosco-parish-makati.jpg,https://philippinechurches.com/category/metro-manila/makati-city/
st_john_bosco_parish,st_john_bosco_parish/st_john_bosco_parish_0003.jpg,https://s3-media0.fl.yelpcdn.com/bphoto/VsedkUswCvZUttntvwmJrA/l.jpg,https://www.yelp.com/biz/st-john-bosco-parish-church-makati
st_john_bosco_parish,st_john_bosco_parish/st_john_bosco_parish_0004.jpg,https://d384rxa9e2cak.cloudfront.net/public/churchbanners/churches_1472114741_731_6508.jpg,https://www.brideworthy.com/churches/don-bosco-church/
st_john_bosco_parish,st_john_bosco_parish/st_john_bosco_parish_0008.jpg,http://benjielayug.com/wp-content/uploads/2021/01/Church-of-St.-John-Bosco-4.jpg,https://benjielayug.com/2021/02/church-of-st-john-bosco-makati-city-metro-manila.html
st_john_bosco_parish,st_john_bosco_parish/st_john_bosco_parish_0009.jpg,https://www.joinmychurch.com/images/church-pictures/amp/church-picture-464902-1.jpg,https://www.joinmychurch.com/churches/Saint-John-Bosco-Parish-Makati-City-Metro-Manila-Philippines/464902
st_john_bosco_parish,st_john_bosco_parish/st_john_bosco_parish_0010.jpg,https://i0.wp.com/c1.staticflickr.com/5/4697/25028224267_6bf71299e2_b.jpg?ssl=1,https://www.theurbanroamer.com/st-john-bosco-church-makati/
st_john_bosco_parish,st_john_bosco_parish/st_john_bosco_parish_0011.jpg,https://i.pinimg.com/736x/07/f1/fc/07f1fcb7db26e32a7ba9b311246cd007.jpg,https://www.pinterest.com/pin/st-john-bosco-parish-a-beautiful-catholic-church-in-makati--982066262463997805/
st_john_bosco_parish,st_john_bosco_parish/st_john_bosco_parish_0013.jpg,http://benjielayug.com/wp-content/uploads/2021/01/Church-of-St.-John-Bosco-5.jpg,https://benjielayug.com/2021/02/church-of-st-john-bosco-makati-city-metro-manila.html
st_john_bosco_parish,st_john_bosco_parish/st_john_bosco_parish_0015.jpg,http://www.ww.sjbmakati.com/data0/images/slide_01.jpg,http://ww.sjbmakati.com/index.html
st_john_bosco_parish,st_john_bosco_parish/st_john_bosco_parish_0017.jpg,https://i.pinimg.com/736x/8f/0b/3a/8f0b3a04ba3336c6f2b62b7ab78f1882.jpg,https://ph.pinterest.com/pin/st-john-bosco-parish-church-makati-city-philippines--436356651397455548/
st_john_bosco_parish,st_john_bosco_parish/st_john_bosco_parish_0018.jpg,https://i0.wp.com/c1.staticflickr.com/5/4620/39900201001_9b9005cb4c_b.jpg?ssl=1,https://www.theurbanroamer.com/st-john-bosco-church-makati/
st_john_bosco_parish,st_john_bosco_parish/st_john_bosco_parish_0022.jpg,https://www.shutterstock.com/image-photo/stjohn-bosco-parish-makati-don-600nw-1095410810.jpg,https://www.shutterstock.com/search/don-bosco-church-philippines
st_john_bosco_parish,st_john_bosco_parish/st_john_bosco_parish_0028.jpg,https://3.bp.blogspot.com/-ltq2Vp5P8Mk/Vu_PVIlhtDI/AAAAAAAACTs/ULK0elNDop0lmehPgdl27V1x-0zKaK6lQ/w1200-h630-p-k-no-nu/st%2Bjohn%2Bbosco%2Bparish%2Bmakati%2B01.JPG,https://philconfessionssked.blogspot.com/2010/02/st-john-bosco-parish-makati-city-metro.html
st_john_bosco_parish,st_john_bosco_parish/st_john_bosco_parish_0031.jpg,"https://static.wixstatic.com/media/b108ba_ce3715f5e5144cc6b909b5d8d32e7c39~mv2.jpeg/v1/fill/w_1920,h_1080,al_c,q_90/b108ba_ce3715f5e5144cc6b909b5d8d32e7c39~mv2.jpeg",https://www.sjbmakati.com/
st_john_bosco_parish,st_john_bosco_parish/st_john_bosco_parish_0034.jpg,https://www.schedules.ph/wp-content/uploads/2022/12/Screenshot_1.png,https://www.schedules.ph/mass/st-john-bosco-parish-mass-schedule/
st_john_bosco_parish,st_john_bosco_parish/st_john_bosco_parish_0035.jpg,"https://static.wixstatic.com/media/96dcbc_f4ca480d976748d195cda1b84b0cf012~mv2.jpg/v1/fit/w_2500,h_1330,al_c/96dcbc_f4ca480d976748d195cda1b84b0cf012~mv2.jpg",https://www.sjbmakati.com/
st_john_bosco_parish,st_john_bosco_parish/st_john_bosco_parish_0045.jpg,https://3.bp.blogspot.com/-ltq2Vp5P8Mk/Vu_PVIlhtDI/AAAAAAAACTs/ULK0elNDop0lmehPgdl27V1x-0zKaK6lQ/s1600/st%2Bjohn%2Bbosco%2Bparish%2Bmakati%2B01.JPG,https://philconfessionssked.blogspot.com/2010/02/st-john-bosco-parish-makati-city-metro.html
st_john_bosco_parish,st_john_bosco_parish/st_john_bosco_parish_0046.jpg,http://hoshilandia.com/wp-content/uploads/2018/03/St.-John-Bosco-Church-in-Makati-by-Hitokirihoshi.jpg,https://hoshilandia.com/2018/03/visita-iglesia-churches-in-makati-city/
st_john_bosco_parish,st_john_bosco_parish/st_john_bosco_parish_0047.jpg,https://i.pinimg.com/originals/0a/53/16/0a5316377b8ec6cd08bcd90c47990c7c.jpg,https://in.pinterest.com/pin/st-john-bosco-parish-church--509821620291059397/
st_john_bosco_parish,st_john_bosco_parish/st_john_bosco_parish_0050.jpg,https://i.ytimg.com/vi/Fg4qdIgjosM/maxresdefault.jpg?sqp=-oaymwEmCIAKENAF8quKqQMa8AEB-AH-CYAC0AWKAgwIABABGGUgZChUMA8=&rs=AOn4CLDVUlXuDFUZLFbb4ouqSx63rNW2cQ,https://www.youtube.com/watch?v=Fg4qdIgjosM
st_john_bosco_parish,st_john_bosco_parish/st_john_bosco_parish_0051.jpg,https://c8.alamy.com/comp/J6P97X/san-lorenzo-john-bosco-parish-church-located-in-pio-del-pilar-makati-J6P97X.jpg,https://www.alamy.com/stock-photo-san-lorenzo-john-bosco-parish-church-located-in-pio-del-pilar-makati-141861102.html
st_john_bosco_parish,st_john_bosco_parish/st_john_bosco_parish_0070.jpg,https://1.bp.blogspot.com/-BhobBHqO-x8/UJxshAPwTxI/AAAAAAAADUM/fYwIJdNyRbM/s1600/Don+Bosco+Church.JPG,https://theparadoxicleyline.blogspot.com/2014/04/visita-iglesia-don-bosco-church.html
st_john_bosco_parish,st_john_bosco_parish/st_john_bosco_parish_0071.jpg,https://c8.alamy.com/comp/J6P914/san-lorenzo-john-bosco-parish-church-located-in-pio-del-pilar-makati-J6P914.jpg,https://www.alamy.com/stock-photo-san-lorenzo-john-bosco-parish-church-located-in-pio-del-pilar-makati-141860912.html
st_john_bosco_parish,st_john_bosco_parish/st_john_bosco_parish_0074.jpg,https://3.bp.blogspot.com/-1Zj6OukwGeU/UVbOY47piKI/AAAAAAAADGw/tGtWuBqtFVQ/s1600/DON+BOSCO.JPG,https://thelassbehindthepen.blogspot.com/2013/03/visita-iglesia-2013.html
st_john_bosco_parish,st_john_bosco_parish/st_john_bosco_parish_0075.jpg,https://c8.alamy.com/comp/J6P97D/san-lorenzo-john-bosco-parish-church-located-in-pio-del-pilar-makati-J6P97D.jpg,https://www.alamy.com/stock-photo-san-lorenzo-john-bosco-parish-church-located-in-pio-del-pilar-makati-141861089.html
st_john_bosco_parish,st_john_bosco_parish/st_john_bosco_parish_0078.jpg,https://masstimeph.com/wp-content/uploads/2025/01/1024px-Don_boscojf-800x576.jpg,https://masstimeph.com/listing/st-john-bosco-parish/
st_john_bosco_parish,st_john_bosco_parish/st_john_bosco_parish_0079.jpg,https://blogger.googleusercontent.com/img/b/R29vZ2xl/AVvXsEiLhx0EmJGKT9qy8p0KKl6vmdTdcuPTl9Wx52T4b-TBwInDgalGFYWX1nt0VA2gQ05EFNmAtmAN8By6-qMsQ_odFVLd3chzg_OxPbltuHh1uXbxvrf2efPao60jNq8oKMHdS_Rn4u2ovrQ/s1600/20191020_173717-01.jpeg,https://istar-tariray.blogspot.com/2019/11/istariray23-travelst-john-bosco-church.html
st_john_bosco_parish,st_john_bosco_parish/st_john_bosco_parish_0080.jpg,https://1.bp.blogspot.com/-OVPL2QsLh_g/VIZOeRLNfBI/AAAAAAAAAb8/Cca9CCjoh8E/s1600/ST.%2BJOHN%2BBOSCO%2BPARISH%2BMAKATI.jpg,https://mass-schedules88.blogspot.com/2014/12/mass-schedules-st-john-bosco-parish.html
st_john_bosco_parish,st_john_bosco_parish/st_john_bosco_parish_0082.jpg,https://www.schedules.ph/wp-content/uploads/2022/12/Screenshot_2.png,https://www.schedules.ph/mass/st-john-bosco-parish-mass-schedule/
st_john_bosco_parish,st_john_bosco_parish/st_john_bosco_parish_0083.jpg,https://1.bp.blogspot.com/-TTHzCu1bsoQ/Xcp2csLdK-I/AAAAAAAEpRI/qeY5pmJ6f18kzmWCfaPpW9rDMMalvv5ZQCKgBGAsYHg/s1600/20191020_173725-02.jpeg,https://istar-tariray.blogspot.com/2019/11/istariray23-travelst-john-bosco-church.html
st_john_bosco_parish,st_john_bosco_parish/st_john_bosco_parish_0098.jpg,https://www.catholicpilgrimageph.com/wp-content/uploads/2022/05/don-bosco-makati.jpg,https://www.catholicpilgrimageph.com/best-all-boys-school-in-metro-manila-is-in-makati-don-bosco-makati/don-bosco-makati/
st_john_bosco_parish,st_john_bosco_parish/st_john_bosco_parish_0103.jpg,https://deuts.net/wp-content/uploads/2007/01/don_bosco.jpg,https://deuts.net/2007/01/mybloglog/don-bosco-mass-schedule/
st_john_bosco_parish,st_john_bosco_parish/st_john_bosco_parish_0108.jpg,https://www.catholicpilgrimageph.com/wp-content/uploads/2022/05/don-bosco-makati-620x330.jpg,https://www.catholicpilgrimageph.com/spam-ip/
st_john_bosco_parish,st_john_bosco_parish/st_john_bosco_parish_0122.jpg,https://misadito.com/images/churches/metro-manila-makati-St-John-Bosco-Parish-Makati-1024.jpg,https://misadito.com/find/catholic-churches-in-Metro-Manila/church-in-Makati/St-John-Bosco-Parish.html
st_john_bosco_parish,st_john_bosco_parish/st_john_bosco_parish_0124.jpg,https://c8.alamy.com/comp/J6P8YP/07219-san-lorenzo-john-bosco-parish-church-pio-del-pilar-makati-city-J6P8YP.jpg,https://www.alamy.com/stock-photo-07219-san-lorenzo-john-bosco-parish-church-pio-del-pilar-makati-city-141860874.html
st_john_bosco_parish,st_john_bosco_parish/st_john_bosco_parish_0126.jpg,"https://static.wixstatic.com/media/96dcbc_7bc87b1e72064659a1e8132918014eab~mv2.jpg/v1/fill/w_1582,h_1055,al_c,q_85,usm_0.66_1.00_0.01,enc_avif,quality_auto/96dcbc_7bc87b1e72064659a1e8132918014eab~mv2.jpg",https://www.sjbmakati.com/our-parish
st_john_bosco_parish,st_john_bosco_parish/st_john_bosco_parish_0127.jpg,https://2.bp.blogspot.com/-fXXdnlC-2MM/Vu6mkmsLS_I/AAAAAAAAkqs/3dHj_DuGWs8prx9M5pGoofK_L6ccodfiQ/s1600/Visita%2BIglesia%2BMakati%2B07.JPG,https://www.pinasmuna.com/2016/03/visita-iglesia-in-makati.html
the_landmark_makati,the_landmark_makati/landmark_from_mpw_0140.jpg,https://s3-media0.fl.yelpcdn.com/bphoto/MRiBMqjKe_Y6lX3Dnma06A/l.jpg,https://www.yelp.com/biz/the-landmark-makati
the_landmark_makati,the_landmark_makati/landmark_from_mpw_0141.jpg,"https://getoccupi.com/cdn-cgi/image/width=900,quality=85,format=auto/https://static.getoccupi.com/uploads/mall_photo/photo/38894/greenbelt-shopping-mall-aug-makati-metro-manil-manila-philippines-landmark-97855171.jpg",https://getoccupi.com/malls/landmark-makati
the_landmark_makati,the_landmark_makati/landmark_from_mpw_0142.jpg,"https://getoccupi.com/cdn-cgi/image/width=900,quality=85,format=auto/https://static.getoccupi.com/uploads/mall_photo/photo/38896/stock-photo-makati-avenue-near-greenbelt-and-glorietta-shopping-mall-on-sep-in-metro-manila-710808682.jpg",https://getoccupi.com/malls/landmark-makati
the_landmark_makati,the_landmark_makati/landmark_from_mpw_0151.jpg,https://irs1.4sqi.net/img/general/600x600/45499386_qqA-1urF3xJUBgavahDW6m8x01VaCjcFQ0JHfV4inYo.jpg,https://foursquare.com/v/the-landmark/4ba8b27af964a520c6e739e3
the_landmark_makati,the_landmark_makati/landmark_from_mpw_0152.jpg,https://igx.4sqi.net/img/general/600x600/n0Bx4wyaDOUA_8A372VLRzzUAiSuBRONGwMWOWAzxmg.jpg,https://foursquare.com/v/the-landmark/4ba8b27af964a520c6e739e3
rcbc_plaza,rcbc_plaza/rcbc_plaza_0000.jpg,https://i.pinimg.com/736x/7f/20/c1/7f20c19f839c1e39c36e1a9877eeb34e.jpg,https://br.pinterest.com/pin/rcbc-plaza-makati-city--142637513187251568/
rcbc_plaza,rcbc_plaza/rcbc_plaza_0001.jpg,https://thumbs.dreamstime.com/z/makati-metro-manila-philippines-jan-rcbc-plaza-gt-ayala-avenue-afternoon-view-184959911.jpg,https://www.dreamstime.com/makati-metro-manila-philippines-jan-rcbc-plaza-gt-ayala-avenue-afternoon-view-image184959911
rcbc_plaza,rcbc_plaza/rcbc_plaza_0002.jpg,https://c8.alamy.com/comp/2AMP9CB/manila-philippines-december-7-2017-rcbc-plaza-in-makati-city-metro-manila-philippines-it-was-designed-by-skidmore-owings-and-merrill-architec-2AMP9CB.jpg,https://www.alamy.com/manila-philippines-december-7-2017-rcbc-plaza-in-makati-city-metro-manila-philippines-it-was-designed-by-skidmore-owings-and-merrill-architec-image339780459.html
rcbc_plaza,rcbc_plaza/rcbc_plaza_0003.jpg,https://www.dccd.com/wp-content/uploads/2015/06/2-rcbc.jpg,https://www.dccd.com/project/rcbc-plaza/
rcbc_plaza,rcbc_plaza/rcbc_plaza_0004.jpg,"https://static.wixstatic.com/media/daf320_c189d594bc18448abe900becaf990d2c~mv2.jpeg/v1/fill/w_464,h_591,al_c,q_80,enc_avif,quality_auto/daf320_c189d594bc18448abe900becaf990d2c~mv2.jpeg",https://www.officepro.ph/post/rcbc-plaza-office-property-highlight-in-ayala-avenue-makati-city
rcbc_plaza,rcbc_plaza/rcbc_plaza_0005.jpg,https://www.dccd.com/wp-content/uploads/2015/06/f-rcbc.jpg,https://www.dccd.com/project/rcbc-plaza/
rcbc_plaza,rcbc_plaza/rcbc_plaza_0006.jpg,https://i.pinimg.com/736x/8c/9e/23/8c9e230be2c46086254ad21a75071bad.jpg,https://ph.pinterest.com/pin/rcbc-plaza-makati-city--142637513187251570/
rcbc_plaza,rcbc_plaza/rcbc_plaza_0007.jpg,http://farm2.static.flickr.com/1165/696355083_27630f1415_b.jpg,http://www.skyscrapercity.com/showthread.php?t=445500&page=2
rcbc_plaza,rcbc_plaza/rcbc_plaza_0008.jpg,https://alchetron.com/cdn/rcbc-plaza-132255da-260f-4f41-967c-2e113b4dbc9-resize-750.jpeg,https://alchetron.com/RCBC-Plaza
rcbc_plaza,rcbc_plaza/rcbc_plaza_0009.jpg,https://www.shutterstock.com/shutterstock/photos/1286647267/display_1500/stock-photo-makati-ph-jan-rcbc-plaza-building-facade-on-january-in-makati-philippines-rcbc-1286647267.jpg,https://fity.club/lists/suggestions/rcbc-plaza-logo/
rcbc_plaza,rcbc_plaza/rcbc_plaza_0010.jpg,https://image.shutterstock.com/z/stock-photo-rcbc-plaza-yuchengco-tower-makati-city-manila-july-office-buildings-in-manila-business-653636407.jpg,https://www.shutterstock.com/image-photo/rcbc-plaza-yuchengco-tower-makati-city-653636407
rcbc_plaza,rcbc_plaza/rcbc_plaza_0011.jpg,https://c8.alamy.com/comp/2SBBG83/rcbc-plaza-on-the-building-in-makati-philippines-2SBBG83.jpg,https://www.alamy.com/rcbc-plaza-on-the-building-in-makati-philippines-image643799075.html
rcbc_plaza,rcbc_plaza/rcbc_plaza_0012.jpg,http://farm3.static.flickr.com/2335/2214177985_325745a185_o.jpg,https://www.skyscrapercity.com/threads/makati-rcbc-plaza-192m-170m-46-fl-41-fl.445500/
rcbc_plaza,rcbc_plaza/rcbc_plaza_0013.jpg,https://www.lionunion.com/wp-content/uploads/2022/08/rcbc-plaza-tower-1-banner.jpg,https://www.lionunion.com/property/rcbc-plaza-tower-1/
rcbc_plaza,rcbc_plaza/rcbc_plaza_0014.jpg,https://c8.alamy.com/comp/S0F6N8/rcbc-plaza-yuchengco-tower-modern-office-buildings-in-makati-city-S0F6N8.jpg,https://www.alamy.com/stock-photo/rcbc-plaza-manila.html
rcbc_plaza,rcbc_plaza/rcbc_plaza_0015.jpg,https://4.bp.blogspot.com/-h_v53W2-sOU/U3Nd1w4OFAI/AAAAAAAAC3A/-VQZb_I53MI/s1600/IMG_1886.JPG,https://lexicalcrown.blogspot.com/2014/05/makati-city.html
rcbc_plaza,rcbc_plaza/rcbc_plaza_0016.jpg,https://www.shutterstock.com/shutterstock/photos/1286647240/display_1500/stock-photo-makati-ph-jan-rcbc-plaza-building-facade-on-january-in-makati-philippines-rcbc-1286647240.jpg,https://www.shutterstock.com/image-photo/makati-ph-jan-15-rcbc-plaza-1286647240
rcbc_plaza,rcbc_plaza/rcbc_plaza_0018.jpg,https://www.nloor.com/wp-content/uploads/2022/08/rcbc-plaza-683x1024.jpg,https://www.nloor.com/202208173323569.html
rcbc_plaza,rcbc_plaza/rcbc_plaza_0019.jpg,https://tzmedia.b-cdn.net/media/images/ph/place/max/5ee837916cb636cadf97421477285f1b.jpg?1582270511,https://trek.zone/en/philippines/places/234305/rcbc-plaza-makati
rcbc_plaza,rcbc_plaza/rcbc_plaza_0020.jpg,https://i.ytimg.com/vi/xoC7h0ElS28/oar2.jpg?sqp=-oaymwEkCJUDENAFSFqQAgHyq4qpAxMIARUAAAAAJQAAyEI9AICiQ3gB&rs=AOn4CLA1PHGaLpXZqLmv-ZQykQqaEend3A,https://www.youtube.com/shorts/xoC7h0ElS28
rcbc_plaza,rcbc_plaza/rcbc_plaza_0021.jpg,"https://d3fphkxyf5o5bm.cloudfront.net/image-resize/format=webp,w=720/QwRY54Li1HMwD7oNfqJ4IbriiXtcKJHSc6U0aItFbm",https://mindtrip.ai/attraction/makati-luzon/rcbc-plaza/at-AlstQ6Ay
rcbc_plaza,rcbc_plaza/rcbc_plaza_0023.jpg,https://www.tectonium.com/samples/rcbc-plaza.jpg,https://www.tectonium.com/rcbc-plaza/
rcbc_plaza,rcbc_plaza/rcbc_plaza_0027.jpg,https://s3-media0.fl.yelpcdn.com/bphoto/WBVJXn_JOjbSeeqYuGzVKA/o.jpg,https://www.yelp.com/biz/rcbc-plaza-makati
rcbc_plaza,rcbc_plaza/rcbc_plaza_0028.jpg,https://i.pinimg.com/736x/94/50/14/945014e61a7636d20a7fb6d6a4351657.jpg,https://www.pinterest.com/pin/rcbc-plaza-lobby-makati-city--93660867220592520/
rcbc_plaza,rcbc_plaza/rcbc_plaza_0029.jpg,https://alchetron.com/cdn/rcbc-plaza-b1d706cd-7095-4409-99d1-ca60b1e68c7-resize-750.jpg,https://alchetron.com/RCBC-Plaza
rcbc_plaza,rcbc_plaza/rcbc_plaza_0030.jpg,https://c8.alamy.com/comp/RGAPJK/architectural-design-of-rcbc-plaza-in-makati-philippines-headquarters-of-rizal-commercial-banking-corporation-canadian-australian-embassies-RGAPJK.jpg,https://www.alamy.com/architectural-design-of-rcbc-plaza-in-makati-philippines-headquarters-of-rizal-commercial-banking-corporation-canadian-australian-embassies-image233806571.html
rcbc_plaza,rcbc_plaza/rcbc_plaza_0031.jpg,https://www.rappler.com/tachyon/2025/03/RCBC-building-1.jpeg,https://fity.club/lists/suggestions/rcbc-plaza-logo/
rcbc_plaza,rcbc_plaza/rcbc_plaza_0033.jpg,https://c8.alamy.com/comp/RGAPJE/architectural-design-of-rcbc-plaza-in-makati-philippines-headquarters-of-rizal-commercial-banking-corporation-canadian-australian-embassies-RGAPJE.jpg,https://www.alamy.com/architectural-design-of-rcbc-plaza-in-makati-philippines-headquarters-of-rizal-commercial-banking-corporation-canadian-australian-embassies-image233806566.html
rcbc_plaza,rcbc_plaza/rcbc_plaza_0034.jpg,http://farm3.static.flickr.com/2420/1807355159_7bf6e3f240_o.jpg,https://www.skyscrapercity.com/threads/makati-rcbc-plaza-192m-170m-46-fl-41-fl.445500/
rcbc_plaza,rcbc_plaza/rcbc_plaza_0035.jpg,http://farm2.static.flickr.com/1209/696355033_079bdeb3c2_b.jpg,https://www.skyscrapercity.com/threads/makati-rcbc-plaza-192m-170m-46-fl-41-fl.445500/
rcbc_plaza,rcbc_plaza/rcbc_plaza_0064.jpg,https://i.pinimg.com/736x/05/7e/be/057ebe1ec02ee0a80f788df15786a3c5.jpg,https://www.pinterest.com/pin/rcbc-plaza-the-tallest-building-in-makati--110408628336939041/
rcbc_plaza,rcbc_plaza/rcbc_plaza_0065.jpg,https://alchetron.com/cdn/rcbc-plaza-06be9e7b-61ee-4a8c-be5b-8ba1b6c307d-resize-750.jpeg,https://alchetron.com/RCBC-Plaza
rcbc_plaza,rcbc_plaza/rcbc_plaza_0066.jpg,http://farm3.static.flickr.com/2092/2219660123_66edbf6254_b.jpg,https://www.skyscrapercity.com/threads/makati-rcbc-plaza-192m-170m-46-fl-41-fl.445500/
rcbc_plaza,rcbc_plaza/rcbc_plaza_0067.jpg,https://image.shutterstock.com/shutterstock/photos/1286647252/display_1500/stock-photo-makati-ph-jan-rcbc-plaza-building-facade-on-january-in-makati-philippines-rcbc-1286647252.jpg,https://www.shutterstock.com/image-photo/makati-ph-jan-15-rcbc-plaza-1286647252
rcbc_plaza,rcbc_plaza/rcbc_plaza_0068.jpg,https://st2.depositphotos.com/27209332/42939/i/950/depositphotos_429392466-stock-photo-makati-nov-rcbc-plaza-yuchengco.jpg,https://www.deperu.com/imagenes/429392466-makati-ph-20-nov-rcbc-plaza-yuchengco-torre-edificio-fachada-el-20-de-noviembre-de-2020-en-makati-filipinas.html
rcbc_plaza,rcbc_plaza/rcbc_plaza_0069.jpg,https://www.shutterstock.com/image-photo/makati-philippines-january-2014-rcbc-600w-1617752617.jpg,https://www.shutterstock.com/image-photo/makati-philippines-january-2014-rcbc-plaza-1617752617
rcbc_plaza,rcbc_plaza/rcbc_plaza_0070.jpg,https://st2.depositphotos.com/27209332/42939/i/450/depositphotos_429392498-stock-photo-makati-nov-rcbc-plaza-yuchengco.jpg,https://www.deperu.com/imagenes/429392498-makati-ph-20-nov-rcbc-plaza-yuchengco-torre-edificio-fachada-el-20-de-noviembre-de-2020-en-makati-filipinas.html
rcbc_plaza,rcbc_plaza/rcbc_plaza_0071.jpg,https://thumbs.dreamstime.com/z/makati-metro-manila-philippines-jan-rcbc-plaza-gt-ayala-avenue-afternoon-view-184435761.jpg,https://www.dreamstime.com/makati-metro-manila-philippines-jan-rcbc-plaza-gt-ayala-avenue-afternoon-view-image184435761
rcbc_plaza,rcbc_plaza/rcbc_plaza_0073.jpg,https://rcbcplaza.com.ph/wp-content/uploads/2023/11/4.jpg,https://rcbcplaza.com.ph/gallery/rcbc-plaza/
rcbc_plaza,rcbc_plaza/rcbc_plaza_0074.jpg,https://thumbs.dreamstime.com/z/exterior-greenbelt-makati-metro-manila-philip-philippines-76280778.jpg,https://cartoondealer.com/image/184435761/makati-metro-manila-philippines-rcbc-plaza-gt-plaza-ayala-avenue-afternoon-view.html
rcbc_plaza,rcbc_plaza/rcbc_plaza_0075.jpg,https://pinnacle.ph/images/properties/P3126174/P3126174.jpg,https://pinnacle.ph/office-space-makati-lease-P3126175
rcbc_plaza,rcbc_plaza/rcbc_plaza_0076.jpg,https://as2.ftcdn.net/jpg/12/59/39/95/1000_F_1259399517_MnVzjlxc95HgHTE4ar5tsbEGwVvRX0HO.jpg,https://stock.adobe.com/images/makati-philippines-february-1-2025-rcbc-plaza-on-the-building-in-makati-philippines-rcbc-plaza-is-an-office-skyscraper-complex/1259399517
rcbc_plaza,rcbc_plaza/rcbc_plaza_0077.jpg,"https://static.wixstatic.com/media/05e379_5fca806bfec6439bacbb6f1aea73e07b~mv2.jpg/v1/fit/w_629,h_426,q_90/05e379_5fca806bfec6439bacbb6f1aea73e07b~mv2.jpg",https://www.officepro.ph/buildings/RCBC-Plaza
rcbc_plaza,rcbc_plaza/rcbc_plaza_0089.jpg,https://coinventmediastorage.blob.core.windows.net/media-storage-container/gphoto_ChIJ-WTsYgnJlzMRLAaFedb_kJw_0.jpg,https://airial.travel/attractions/philippines/makati-city/rcbc-plaza-makati-hJDni66_
rcbc_plaza,rcbc_plaza/rcbc_plaza_0090.jpg,https://images.skyscrapercenter.com/building/rcbcplaza_ext-lookingup_(c)alt.jpg,https://www.skyscrapercenter.com/building/rcbc-plaza-tower-2/2753
rcbc_plaza,rcbc_plaza/rcbc_plaza_0091.jpg,https://www.rcbc.com/uploads/media/banner-home_mobile-RCBC-BUilding-12.jpg,https://www.rcbc.com/promos
rcbc_plaza,rcbc_plaza/rcbc_plaza_0093.jpg,https://www.shutterstock.com/shutterstock/photos/1286647255/display_1500/stock-photo-makati-ph-jan-rcbc-plaza-building-facade-on-january-in-makati-philippines-rcbc-1286647255.jpg,https://www.shutterstock.com/image-photo/makati-ph-jan-15-rcbc-plaza-1286647255
rcbc_plaza,rcbc_plaza/rcbc_plaza_0094.jpg,https://rcbcplaza.com.ph/wp-content/uploads/2023/11/2_thumb.jpg,https://rcbcplaza.com.ph/key-features-and-amenities/
rcbc_plaza,rcbc_plaza/rcbc_plaza_0095.jpg,https://rcbcplaza.com.ph/wp-content/uploads/2023/11/5.jpg,https://rcbcplaza.com.ph/gallery/rcbc-plaza/
rcbc_plaza,rcbc_plaza/rcbc_plaza_0096.jpg,https://s3.amazonaws.com/images.skyscrapercenter.com/thumbs/64351_500x650.jpg,https://www.skyscrapercenter.com/complex/632
rcbc_plaza,rcbc_plaza/rcbc_plaza_0097.jpg,https://thumbs.dreamstime.com/b/rcbc-building-facade-bonifacio-global-city-taguig-philippines-ph-oct-october-was-established-as-development-bank-177200035.jpg,https://www.dreamstime.com/rcbc-building-facade-bonifacio-global-city-taguig-philippines-ph-oct-october-was-established-as-development-bank-image177200035
rcbc_plaza,rcbc_plaza/rcbc_plaza_0100.jpg,https://thumbs.dreamstime.com/b/makati-metro-manila-philippines-jan-rcbc-plaza-gt-ayala-avenue-afternoon-view-184435761.jpg,https://www.dreamstime.com/makati-metro-manila-philippines-jan-rcbc-plaza-gt-ayala-avenue-afternoon-view-image184435761
rcbc_plaza,rcbc_plaza/rcbc_plaza_0101.jpg,"https://static.wixstatic.com/media/05e379_3262ac29b4364e32839b44e23bda0e77~mv2.jpg/v1/fit/w_640,h_426,q_90/05e379_3262ac29b4364e32839b44e23bda0e77~mv2.jpg",https://www.officepro.ph/buildings/RCBC-Plaza
rcbc_plaza,rcbc_plaza/rcbc_plaza_0102.jpg,"https://imagedelivery.net/4hgeCwftKXWxSyeV7QJJpA/1e96b972-bf77-40fa-a1d1-0242b4641d00/w=600,compression=fast,format=webp",https://savillsph.com/building/RCBC-Plaza-Tower-2/
rcbc_plaza,rcbc_plaza/rcbc_plaza_0103.jpg,"https://static.wixstatic.com/media/d7817e_a8caa87eb98f47d494e9ec8ab9dc0829~mv2.jpg/v1/fit/w_483,h_320,q_90,enc_avif,quality_auto/d7817e_a8caa87eb98f47d494e9ec8ab9dc0829~mv2.jpg",https://www.officepro.ph/buildings/rcbc-plaza
rcbc_plaza,rcbc_plaza/rcbc_plaza_0113.jpg,https://c8.alamy.com/comp/3A1KHX9/makati-city-manila-philippines-february-1-2025-yuchengco-museum-at-rcbc-plaza-in-makati-city-philippines-3A1KHX9.jpg,https://www.alamy.com/makati-city-manila-philippines-february-1-2025-yuchengco-museum-at-rcbc-plaza-in-makati-city-philippines-image655039793.html
rcbc_plaza,rcbc_plaza/rcbc_plaza_0114.jpg,https://thumbs.dreamstime.com/b/makati-metro-manila-philippines-rcbc-plaza-gt-y-ayala-avenue-view-filipinas-enero-avenida-vista-de-la-tarde-184959911.jpg,https://es.dreamstime.com/makati-metro-manila-philippines-rcbc-plaza-gt-y-ayala-avenue-view-filipinas-enero-avenida-vista-de-la-tarde-image184959911
rcbc_plaza,rcbc_plaza/rcbc_plaza_0116.jpg,https://lh3.ggpht.com/-NN8n4ONZ4SI/UAJ2FxdZlPI/AAAAAAAAJVQ/_9XLTRkJHv8/IMG_5545_thumb.jpg?imgmax=800,https://elmerlovescanon.blogspot.com/2012/07/
rcbc_plaza,rcbc_plaza/rcbc_plaza_0117.jpg,https://i.pinimg.com/736x/31/f9/49/31f949ef10a1df7370fd7067d336397d.jpg,https://www.pinterest.com/pin/rcbc-plaza-tower-ii--549228117058949747/
rcbc_plaza,rcbc_plaza/rcbc_plaza_0119.jpg,https://thumbs.dreamstime.com/b/makati-metro-manila-philippines-may-ayala-avenue-skyline-business-district-185320297.jpg,https://www.dreamstime.com/makati-metro-manila-philippines-jan-rcbc-plaza-gt-ayala-avenue-afternoon-view-image184959911
rcbc_plaza,rcbc_plaza/rcbc_plaza_0149.jpg,https://c8.alamy.com/comp/2SBBG7G/yuchengco-museum-at-rcbc-plaza-in-makati-city-philippines-2SBBG7G.jpg,https://www.alamy.com/yuchengco-museum-at-rcbc-plaza-in-makati-city-philippines-image643799060.html
rcbc_plaza,rcbc_plaza/rcbc_plaza_0154.jpg,https://live.staticflickr.com/65535/49523927396_120e2578de_b.jpg,https://www.flickr.com/photos/186494341@N07/49523927396
rcbc_plaza,rcbc_plaza/rcbc_plaza_0155.jpg,https://cre-book.com/wp-content/uploads/2025/08/RCBC-Plaza-facade-from-Ayala-Avenue.webp,https://cre-book.com/property/rcbc-plaza/
rcbc_plaza,rcbc_plaza/rcbc_plaza_0156.jpg,https://live.staticflickr.com/2488/4085065383_698bd67b68_b.jpg,https://www.flickr.com/photos/xenovah/4085065383/
rcbc_plaza,rcbc_plaza/rcbc_plaza_0157.jpg,https://mominoki-blog.com/wp-content/uploads/2018/03/makati_rcbc_IMG_5276_1024.jpg,https://mominoki-blog.com/buendia_paseo-de-roxas_manila_2017/
rcbc_plaza,rcbc_plaza/rcbc_plaza_0158.jpg,https://i.ytimg.com/vi/e1cOT8oQWN0/maxresdefault.jpg,https://www.youtube.com/watch?v=e1cOT8oQWN0
rcbc_plaza,rcbc_plaza/rcbc_plaza_0159.jpg,https://foreclosedhub.ph/wp-content/uploads/2025/08/eyJidWNrZXQiOiJwcmQtbGlmdWxsY29ubmVjdC1iYWNrZW5kLWIyYi1pbWFnZXMiLCJrZXkiOiJwcm9wZXJ0aWVzL2M0Y2RmMzg1LTg2NGQtNDMzOC04M2NjLWQxNWZmNGRkODYzZC84OGI2Nzk1Mi0wYWZmLTQ3NWUtYmFmZi0wNGViZmI1ZWU1MjAucG5nIiwi.webp,https://foreclosedhub.ph/property/one-central-condo-across-rcbc-ayala-avenue-3/
rcbc_plaza,rcbc_plaza/rcbc_plaza_0160.jpg,https://cdn.manilastandard.net/wp-content/uploads/2025/09/rcbc-plaza.jpg,https://manilastandard.net/spotlight/314645772/rcbc-65-years-of-progress-65-years-of-trust.html
rcbc_plaza,rcbc_plaza/rcbc_plaza_0162.jpg,https://i.ytimg.com/vi/AWlzpWzn4dM/maxresdefault.jpg?sqp=-oaymwEmCIAKENAF8quKqQMa8AEB-AH-CYAC0AWKAgwIABABGF8gXyhfMA8=&rs=AOn4CLB-BcJfbzLHAqwGMlGcjCqXZqwHSw,https://www.youtube.com/watch?v=AWlzpWzn4dM
rcbc_plaza,rcbc_plaza/rcbc_plaza_0163.jpg,https://i.ytimg.com/vi/wmWJ78xS-94/maxresdefault.jpg,https://www.youtube.com/watch?v=wmWJ78xS-94
rcbc_plaza,rcbc_plaza/rcbc_plaza_0164.jpg,https://weavergroup.ph/wp-content/uploads/2025/01/rcbc-plaza-scaled.jpg,https://weavergroup.ph/building/rcbc-plaza-yuchengco-tower/
rcbc_plaza,rcbc_plaza/rcbc_plaza_0171.jpg,https://i0.wp.com/c1.staticflickr.com/9/8830/17753814641_cf871e00bb_b.jpg?ssl=1,https://www.theurbanroamer.com/rcbc-plaza-and-the-alfonso-yuchengco-legacy/
rcbc_plaza,rcbc_plaza/rcbc_plaza_0174.jpg,https://blogger.googleusercontent.com/img/b/R29vZ2xl/AVvXsEibPCsp-Ahy7OExkxkCuuKjTlZgRdc6Su86Fq_UuKfoYF6kJf6JoKimts0bf_cMxUiPXQYJ24ZeUNXqWF3egDJjMElQPMV8KZ8xnbYP3CVeOCn5WKs4cSzdbrGos6AOSBH5eIlkyT50awjQ/s1600/IMG_1881.JPG,https://lexicalcrown.blogspot.com/2014/05/makati-city.html
rcbc_plaza,rcbc_plaza/rcbc_plaza_0175.jpg,https://i.pinimg.com/736x/ff/32/68/ff32689fc115318291cfeb15da902725.jpg,https://ph.pinterest.com/pin/rcbc-plaza--440015826069322328/
rcbc_plaza,rcbc_plaza/rcbc_plaza_0177.jpg,https://i.pinimg.com/originals/cc/a1/3c/cca13cbf9591deac2715d0bb721783a9.jpg,https://www.pinterest.com/pin/located-along-the-business-district-of-makati-city-is-theyuchengco-museum-located-in-rcbc-plazabecause-its-very-centralyuchengco-m--667447607249230765/
rcbc_plaza,rcbc_plaza/rcbc_plaza_0182.jpg,https://cre-book.com/wp-content/uploads/2025/08/RCBC-Plaza-facade-from-Ayala-Avenue-780x750.webp,https://cre-book.com/property/rcbc-plaza/
rcbc_plaza,rcbc_plaza/rcbc_plaza_0189.jpg,https://cdn.pixabay.com/photo/2014/12/14/10/47/tower-567791_1280.jpg,https://pixabay.com/photos/tower-yuchengco-museum-makati-567791/
rcbc_plaza,rcbc_plaza/rcbc_plaza_0193.jpg,https://media-cdn.tripadvisor.com/media/daodao/photo-s/02/81/60/41/rcbc.jpg,https://www.tripadvisor.com.ph/Attraction_Review-g298450-d2453068-Reviews-Yuchengco_Museum-Makati_Metro_Manila_Luzon.html
rcbc_plaza,rcbc_plaza/rcbc_plaza_0194.jpg,https://www.malaysia-traveller.com/images/yuchengco-museum-RCBC-Plaza.jpg,https://www.malaysia-traveller.com/yuchengco-museum.html
rcbc_plaza,rcbc_plaza/rcbc_plaza_0195.jpg,https://images.skyscrapercenter.com/building/marshall-gerometta_5172.jpg,https://www.skyscrapercenter.com/building/rcbc-plaza-yuchengco-tower/1928
rcbc_plaza,rcbc_plaza/rcbc_plaza_0226.jpg,https://i.pinimg.com/originals/b5/0f/69/b50f6983f9c1f994e0385a04df555358.jpg,https://www.pinterest.com/pin/yuchengco-museum-in-makati-city-philippines--461337555593633028/
rcbc_plaza,rcbc_plaza/rcbc_plaza_0230.jpg,https://img.lamudi.com/eyJidWNrZXQiOiJwcmQtbGlmdWxsY29ubmVjdC1wcm9qZWN0cy1hZG1pbi1pbWFnZXMiLCJrZXkiOiI5M2JlMzU3Mi1mZmU3LTQ0ZjktOWQ3ZC0wM2MwZjRhZmRhNjMvOTNiZTM1NzItZmZlNy00NGY5LTlkN2QtMDNjMGY0YWZkYTYzXzIzNjJjM2QyLWUyZjMtNDBmZC1hNjBjLTI5YmZkNDY5YWUwMy5qcGciLCJicmFuZCI6ImxhbXVkaSIsImVkaXRzIjp7InJvdGF0ZSI6bnVsbCwicmVzaXplIjp7IndpZHRoIjo3NTMsImhlaWdodCI6NDE1LCJmaXQiOiJjb3ZlciJ9fX0=,https://www.lamudi.com.ph/projects/yuchengco-tower/
rcbc_plaza,rcbc_plaza/rcbc_plaza_0246.jpg,https://fastly.4sqi.net/img/general/600x600/198214840_Lk2656PScv5JCs0fAiYkVcbTzOmg-59i9GIH5gO5Zco.jpg,https://foursquare.com/v/rcbc-plaza-tower-2/4c636130e13495217cb5c3f0
rcbc_plaza,rcbc_plaza/rcbc_plaza_0247.jpg,https://listingsprod.blob.core.windows.net/ourlistings-phl/40f8ab31-0caa-4454-b0f3-33f09423f90f/8ff01544-d600-43a0-8e78-84b74658dc74-672-404,https://www.colliers.com/en-ph/properties/office-space-for-lease-in-ayala-avenue-makati/phl-rcbc-plaza-tower-2/phl22000245
rcbc_plaza,rcbc_plaza/rcbc_plaza_0248.jpg,https://swensonstone.com/assets/images/rcbc-plaza-B_8sfgMk.jpg,https://swensonstone.com/projects/rcbc-plaza
sm_makati,sm_makati/sm_makati_0000.jpg,https://en-academic.com/pictures/enwiki/83/SM_Makati.jpg,https://en-academic.com/dic.nsf/enwiki/9949917
sm_makati,sm_makati/sm_makati_0003.jpg,https://2.bp.blogspot.com/_v4LFajlnKos/S_o5ZOEtzJI/AAAAAAAAAAc/-tasrHCMI3s/s1600/SM+Makati+Facade.jpg,https://smpfw2010.blogspot.com/p/passion-for-fashion.html
sm_makati,sm_makati/sm_makati_0006.jpg,https://i.ytimg.com/vi/oXtkXldJy2Y/maxresdefault.jpg?sqp=-oaymwEoCIAKENAF8quKqQMcGADwAQH4Ac4FgAKACooCDAgAEAEYRiBPKGUwDw==&rs=AOn4CLB6fWWjXhZx3O401bVskIH5vbqkUg,https://www.youtube.com/watch?v=oXtkXldJy2Y
sm_makati,sm_makati/sm_makati_0030.jpg,https://c8.alamy.com/comp/J6P87B/sm-cyber-makati-is-a-modern-commercial-complex-located-in-makati-city-J6P87B.jpg,https://www.alamy.com/stock-photo-sm-cyber-makati-is-a-modern-commercial-complex-located-in-makati-city-141860303.html
sm_makati,sm_makati/sm_makati_0032.jpg,https://i.ytimg.com/vi/Mu-1-Zmk_dM/maxresdefault.jpg,https://www.youtube.com/watch?v=Mu-1-Zmk_dM
sm_makati,sm_makati/sm_makati_0033.jpg,https://i.ytimg.com/vi/iAEB1KDXwug/maxresdefault.jpg,https://www.youtube.com/watch?v=iAEB1KDXwug
sm_makati,sm_makati/sm_makati_0043.jpg,https://dynamic-media-cdn.tripadvisor.com/media/photo-o/10/2d/59/28/photo2jpg.jpg?w=1400&h=800&s=1,https://www.tripadvisor.com.ph/Attraction_Review-g298450-d8113844-Reviews-SM_Makati-Makati_Metro_Manila_Luzon.html
sm_makati,sm_makati/sm_makati_0114.jpg,https://i.ytimg.com/vi/oXtkXldJy2Y/hqdefault.jpg?sqp=-oaymwEoCOADEOgC8quKqQMcGADwAQH4Ac4FgAKACooCDAgAEAEYRiBPKGUwDw==&rs=AOn4CLDk1Bxa-KZIbY0E6sqUhax5PI2uLg,https://www.youtube.com/shorts/oXtkXldJy2Y
sm_makati,sm_makati/sm_makati_0120.jpg,https://thumbs.dreamstime.com/z/sm-city-marikina-mall-facade-philippines-ph-feb-february-st-class-highly-urbanized-national-capital-region-270407075.jpg,https://www.dreamstime.com/sm-city-marikina-mall-facade-philippines-ph-feb-february-st-class-highly-urbanized-national-capital-region-image270407075
sm_makati,sm_makati/sm_makati_0130.jpg,https://fastly.4sqi.net/img/general/600x600/16943617_AZ1rIiQNwEwskmGkrY09CCtogU8z2k2O5V80hQaSQgE.jpg,https://foursquare.com/v/sm-makati/4b5ae98ff964a52000da28e3/photos
sm_makati,sm_makati/sm_makati_0211.jpg,https://contents.smsupermalls.com/data/uploads/2018/04/SMCM.jpg,https://www.smsupermalls.com/mall-directory/sm-city-manila/information
sm_makati,sm_makati/sm_makati_0256.jpg,https://photos.wikimapia.org/p/00/00/43/51/55_big.jpg,https://wikimapia.org/585015/SM-Makati
sm_makati,sm_makati/sm_makati_0262.jpg,https://photos.wikimapia.org/p/00/00/41/62/02_big.jpg,https://wikimapia.org/585015/SM-Makati
sm_makati,sm_makati/sm_makati_0263.jpg,https://s3-media0.fl.yelpcdn.com/bphoto/aItEqlRAQsGU9bsHfF9r9w/l.jpg,https://www.yelp.com/biz/sm-makati-makati
sm_makati,sm_makati/sm_makati_0308.jpg,https://4.bp.blogspot.com/-IyGv63tUaWM/ThSTOwNSb4I/AAAAAAAAB8Y/bdUrvaiLot4/s1600/sunday07032011022.jpg,https://markcerbo.blogspot.com/2011/07/random-snaps-sunday-at-ayala-malls.html
sm_makati,sm_makati/sm_makati_0620.jpg,"https://d3fphkxyf5o5bm.cloudfront.net/image-resize/format=webp,w=720/QwRY54Li1HMwD7oNfpG6TddAXkFLZ37lBdn6XGTmfA",https://mindtrip.ai/attraction/makati-luzon/watsons-sm-makati-department-store/at-KWnzRR4P
sm_makati,sm_makati/sm_makati_0621.jpg,http://retaildesignblog.net/wp-content/uploads/2014/08/SM-shoes-department-Makati-Philippines-04-.jpg,https://retaildesignblog.net/2014/08/28/sm-shoes-department-makati-philippines/
sm_makati,sm_makati/sm_makati_0622.jpg,https://suresource-inc.com/wp-content/uploads/2025/04/20241001_141741-min-scaled.jpg,https://www.suresource-inc.com/levis-sm-makati-department-store/
sm_makati,sm_makati/sm_makati_0623.jpg,https://2.bp.blogspot.com/-porbkQjUW5E/VIK2qPpkEQI/AAAAAAAANHg/fN9bLNYrm88/s1600/So%2BMuch%2BBeauty%2Bat%2Bthe%2BNew%2BSM%2BMakati%2B010.jpg,https://www.tinavilla.com/2014/12/the-new-sm-store-beauty-section-in-sm-makati.html
sm_makati,sm_makati/sm_makati_0624.jpg,https://retaildesignblog.net/wp-content/uploads/2014/08/SM-shoes-department-Makati-Philippines-05-.jpg,https://retaildesignblog.net/2014/08/28/sm-shoes-department-makati-philippines/
sm_makati,sm_makati/sm_makati_0627.jpg,http://retaildesignblog.net/wp-content/uploads/2014/08/SM-shoes-department-Makati-Philippines-02-.jpg,https://retaildesignblog.net/2014/08/28/sm-shoes-department-makati-philippines/
sm_makati,sm_makati/sm_makati_0628.jpg,https://3.bp.blogspot.com/-Ga78wBsC0Lo/VIK6dHX3OSI/AAAAAAAANIw/EidfIBMumHQ/s1600/So%2BMuch%2BBeauty%2Bat%2Bthe%2BNew%2BSM%2BMakati%2B049.jpg,https://www.tinavilla.com/2014/12/the-new-sm-store-beauty-section-in-sm-makati.html
sm_makati,sm_makati/sm_makati_0629.jpg,"https://d3fphkxyf5o5bm.cloudfront.net/image-resize/format=webp,w=720/QwRY54Li1HMwD7oNfoyKt3fPDnHMSGKCqrwOW2aRFp",https://mindtrip.ai/attraction/makati-luzon/sm-store/at-KITVWJ3L
sm_makati,sm_makati/sm_makati_0631.jpg,https://i.ytimg.com/vi/bZPoy135xTE/maxresdefault.jpg,https://www.youtube.com/watch?v=bZPoy135xTE
sm_makati,sm_makati/sm_makati_0644.jpg,https://i.ytimg.com/vi/eFNFssrka7o/hqdefault.jpg,https://www.youtube.com/watch?v=eFNFssrka7o
sm_makati,sm_makati/sm_makati_0646.jpg,https://i.ytimg.com/vi/Mragtp2ZlIk/maxresdefault.jpg?sqp=-oaymwEmCIAKENAF8quKqQMa8AEB-AH-CYAC0AWKAgwIABABGGUgZShlMA8=&rs=AOn4CLAmylYTNUPJLf2zBQMdlQoauHdOjQ,https://www.youtube.com/watch?v=Mragtp2ZlIk
sm_makati,sm_makati/sm_makati_0655.jpg,https://i.ytimg.com/vi/BqKr4-ozIBE/hqdefault.jpg,https://www.youtube.com/watch?v=BqKr4-ozIBE
sm_makati,sm_makati/sm_makati_0664.jpg,https://media-cdn.tripadvisor.com/media/photo-m/1280/13/41/ec/4e/photo0jpg.jpg,https://www.tripadvisor.ca/Restaurant_Review-g298450-d1818642-Reviews-McDonald_s_SM_Makati-Makati_Metro_Manila_Luzon.html
one_ayala,sm_makati/sm_makati_0309.jpg,"https://d3fphkxyf5o5bm.cloudfront.net/image-resize/format=webp,w=1200/QwRY54Li1HMwD7oNfoxw0yz20lRB36ZNVlr75Yy0sz",https://mindtrip.ai/attraction/makati-luzon/ayala/at-6vJamJTJ
greenbelt,sm_makati/sm_makati_0285.jpg,https://live.staticflickr.com/8346/8246145772_87673b8acc_b.jpg,https://fity.club/lists/suggestions/ayala-center-makati-city/
greenbelt,sm_makati/sm_makati_0288.jpg,https://c8.alamy.com/comp/MNKC51/philippines-manila-makati-12-august-2017-the-greenbelt-shopping-mall-in-makati-philippines-MNKC51.jpg,https://www.alamy.com/stock-photo/ayala-mall.html
greenbelt,sm_makati/sm_makati_0312.jpg,https://c8.alamy.com/comp/2D556J3/exterior-of-the-ayala-center-mall-in-cebu-city-2D556J3.jpg,https://www.alamy.com/exterior-of-the-ayala-center-mall-in-cebu-city-image381816347.html
greenbelt,sm_makati/sm_makati_0314.jpg,https://c8.alamy.com/comp/2D555B1/exterior-of-the-ayala-center-mall-in-cebu-city-2D555B1.jpg,https://www.alamy.com/exterior-of-the-ayala-center-mall-in-cebu-city-image381815365.html
greenbelt,sm_makati/sm_makati_0315.jpg,https://thumbs.dreamstime.com/z/greenbelt-shopping-mall-located-ayala-center-makati-metro-manila-philippines-which-just-near-glorietta-sm-makati-83312967.jpg,https://fity.club/lists/suggestions/ayala-center-makati-city/
greenbelt,sm_makati/sm_makati_0316.jpg,https://c8.alamy.com/comp/2D55485/exterior-of-the-ayala-center-mall-in-cebu-city-2D55485.jpg,https://www.alamy.com/exterior-of-the-ayala-center-mall-in-cebu-city-image381814501.html
greenbelt,sm_makati/sm_makati_0327.jpg,https://thumbs.dreamstime.com/z/terraces-ayala-center-cebu-city-philippines-night-july-food-beverage-strip-beautiful-landscaping-98927604.jpg,https://www.dreamstime.com/editorial-stock-image-terraces-ayala-center-cebu-city-philippines-night-july-food-beverage-strip-beautiful-landscaping-image98927604
greenbelt,sm_makati/sm_makati_0348.jpg,https://1.bp.blogspot.com/-8cTVTaVTKnc/U_NpGPFbv7I/AAAAAAAAFGI/Ja7OYl1bd80/s1600/IMG00522.jpg,https://mustbethatgirl.blogspot.com/2014/08/night-scenes-at-ayala-center-cebu.html
the_landmark_makati,sm_makati/sm_makati_0637.jpg,https://s3-media0.fl.yelpcdn.com/bphoto/53oJqK9ZNyFNDVKzUjYT4Q/300s.jpg,https://www.yelp.com/biz/the-landmark-makati
the_landmark_makati,sm_makati/sm_makati_0645.jpg,https://i.ytimg.com/vi/C6SfJ0_cGmE/maxresdefault.jpg,https://www.youtube.com/watch?v=C6SfJ0_cGmE
the_landmark_makati,sm_makati/sm_makati_0662.jpg,https://i.pinimg.com/originals/c7/97/a5/c797a5859dd9c07ba869065ce7164ffa.jpg,https://it.pinterest.com/pin/food-court-in-landmark-mall-makati--387098530452643068/
the_landmark_makati,sm_makati/sm_makati_0672.jpg,https://i.ytimg.com/vi/SRS2yTuQUwY/maxresdefault.jpg,https://www.youtube.com/watch?v=SRS2yTuQUwY
the_landmark_makati,sm_makati/sm_makati_0691.jpg,https://i.ytimg.com/vi/XmozzzbU19Q/hqdefault.jpg,https://www.youtube.com/watch?v=XmozzzbU19Q
the_landmark_makati,the_landmark_makati/the_landmark_makati_0000.jpg,"https://getoccupi.com/cdn-cgi/image/width=1200,quality=85,format=auto/https://static.getoccupi.com/uploads/mall_photo/photo/35191/unnamed.jpg",https://getoccupi.com/malls/the-landmark
the_landmark_makati,the_landmark_makati/the_landmark_makati_0002.jpg,https://fastly.4sqi.net/img/general/600x600/50u3tPmOvHQIXwc1NeX1By7d_ZtwV0I46jq-7feSHfY.jpg,https://foursquare.com/v/the-landmark/4ba8b27af964a520c6e739e3
the_landmark_makati,the_landmark_makati/the_landmark_makati_0003.jpg,https://i.redd.it/ke0jdgwv93101.jpg,https://www.reddit.com/r/brutalism/comments/7glf6a/the_landmark_department_store_makati_cbd/
the_landmark_makati,the_landmark_makati/the_landmark_makati_0005.jpg,http://photos.wikimapia.org/p/00/00/55/46/64_big.jpg,https://wikimapia.org/532077/The-Landmark
the_landmark_makati,the_landmark_makati/the_landmark_makati_0007.jpg,https://fastly.4sqi.net/img/general/600x600/9919490_Af9vJt9FJc9GZDpJFR5QeOqEmTyfGQmgzhbsgeL4l4s.jpg,https://foursquare.com/v/the-landmark/4ba8b27af964a520c6e739e3
the_landmark_makati,the_landmark_makati/the_landmark_makati_0008.jpg,https://2.bp.blogspot.com/-tL2zmFQP3T4/TdesTw1EcUI/AAAAAAAACEw/iojTJBFAsuw/s1600/1.jpg,https://bakerymom.blogspot.com/2011/05/baking-supplies-stores-landmark-makati.html
the_landmark_makati,the_landmark_makati/the_landmark_makati_0015.jpg,https://www.schedules.ph/wp-content/uploads/2022/12/AboutLandmark-Page-Main-Image-800x600.jpg,https://fity.club/lists/suggestions/landmark-makati-logo/
the_landmark_makati,the_landmark_makati/the_landmark_makati_0023.jpg,https://fastly.4sqi.net/img/general/200x200/XFSYYiP2MNUozR_-kiRVYB-vtuPj1X9-6SJki7Z8Ipg.jpg,https://foursquare.com/v/the-landmark/4ba8b27af964a520c6e739e3
the_landmark_makati,the_landmark_makati/the_landmark_makati_0024.jpg,https://monolithconstruction.com.ph/wp-content/uploads/2021/05/The-Landmark-Extension.jpg,https://monolithconstruction.com.ph/project/the-landmark-makati-extension/
the_landmark_makati,the_landmark_makati/the_landmark_makati_0026.jpg,https://www.rappler.com/tachyon/2023/01/73278806_2684119464960626_5070307608456331264_n.jpeg,https://www.rappler.com/business/landmark-mall-cashiers-response-alleged-theft-senate-hearing-january-2023/
the_landmark_makati,the_landmark_makati/the_landmark_makati_0027.jpg,http://photos.wikimapia.org/p/00/00/55/46/67_big.jpg,https://wikimapia.org/532077/The-Landmark
the_landmark_makati,the_landmark_makati/the_landmark_makati_0047.jpg,https://fastly.4sqi.net/img/general/200x200/4354898_IVQ9T0luMCXhPPAyILHqbFAxaToDljVIXxkwov3-CP4.jpg,https://foursquare.com/v/the-landmark/4ba8b27af964a520c6e739e3
the_landmark_makati,the_landmark_makati/the_landmark_makati_0049.jpg,https://philnews.ph/wp-content/uploads/2018/03/landmark.jpg,https://philnews.ph/2018/03/23/fb-page-exposed-horrible-working-place-landmark-makati-employees/
the_landmark_makati,the_landmark_makati/the_landmark_makati_0064.jpg,https://images.yummy.ph/yummy/uploads/2022/09/landmark-supermarket-department-store-01.png,https://jewel.nomayersfifty.de/landmark-department-store-returns-refunds-the-landmark-official-store/
the_landmark_makati,the_landmark_makati/the_landmark_makati_0066.jpg,http://2.bp.blogspot.com/-fTB4cQqYz9I/Teyk436EENI/AAAAAAAAAqo/8XE-oRow-CI/s1600/Landmark.jpg,https://www.skyscrapercity.com/threads/ayala-center.527303/page-114
greenbelt,the_landmark_makati/the_landmark_makati_0155.jpg,https://i.ytimg.com/vi/vk5SWfNLw9E/maxresdefault.jpg,https://www.youtube.com/watch?v=vk5SWfNLw9E
greenbelt,the_landmark_makati/the_landmark_makati_0156.jpg,https://i.ytimg.com/vi/qH9mImH5Ck0/maxresdefault.jpg,https://www.youtube.com/watch?v=qH9mImH5Ck0
greenbelt,greenbelt/greenbelt_0000.jpg,https://c8.alamy.com/comp/PNACCD/makati-philippines-july-30-2018-view-of-greenbelt-shopping-mall-PNACCD.jpg,https://ar.inspiredpencil.com/pictures-2023/greenbelt-1
greenbelt,greenbelt/greenbelt_0001.jpg,https://2hottravellers.com/wp-content/uploads/2022/03/Greenbelt-Makati-1.jpg,https://ar.inspiredpencil.com/pictures-2023/greenbelt-mall-makati
greenbelt,greenbelt/greenbelt_0004.jpg,https://s3-media2.fl.yelpcdn.com/bphoto/lJs6CUuUG2VTt0katzGDzg/o.jpg,https://www.yelp.com/biz/greenbelt-makati-2
greenbelt,greenbelt/greenbelt_0005.jpg,https://dynamic-media-cdn.tripadvisor.com/media/photo-o/0d/8f/42/39/photo1jpg.jpg?w=1200&h=1200&s=1,https://www.tripadvisor.be/Attraction_Review-g298450-d2648995-Reviews-Greenbelt_Mall-Makati_Metro_Manila_Luzon.html
greenbelt,greenbelt/greenbelt_0007.jpg,https://c8.alamy.com/comp/CN4Y29/philippines-luzon-island-manila-makati-district-the-greenbelt-mall-CN4Y29.jpg,https://ar.inspiredpencil.com/pictures-2023/greenbelt-mall
greenbelt,greenbelt/greenbelt_0008.jpg,https://i.pinimg.com/736x/f2/dd/a8/f2dda8b790449a5365a292297ca5efc0--green-belt-building-design.jpg,https://www.pinterest.com/pin/307300374543388216/
greenbelt,greenbelt/greenbelt_0009.jpg,https://c8.alamy.com/comp/GJFM6M/greenbelt-shopping-mall-makati-metro-manila-the-philippines-GJFM6M.jpg,https://ar.inspiredpencil.com/pictures-2023/greenbelt-mall
greenbelt,greenbelt/greenbelt_0010.jpg,https://c8.alamy.com/comp/MNKC4P/philippines-manila-makati-12-august-2017-the-greenbelt-shopping-mall-in-makati-philippines-MNKC4P.jpg,https://www.alamy.com/stock-photo/greenbelt-mall.html
greenbelt,greenbelt/greenbelt_0012.jpg,https://thumbs.dreamstime.com/z/greenbelt-mall-makati-philippines-83643297.jpg,https://www.dreamstime.com/editorial-photography-greenbelt-mall-makati-philippines-image83643297
greenbelt,greenbelt/greenbelt_0013.jpg,https://2.bp.blogspot.com/_q_cZlrNa2go/TAQLgerewAI/AAAAAAAAADM/mEOvAb_foYY/s1600/whitebalance1.jpg,https://phototraveler81.blogspot.com/2010/05/greenbelt-makati-city-philippines.html
greenbelt,greenbelt/greenbelt_0014.jpg,https://thumbs.dreamstime.com/z/greenbelt-shopping-mall-aug-makati-metro-manil-manila-philippines-landmark-97855048.jpg,https://www.dreamstime.com/editorial-stock-photo-greenbelt-shopping-mall-aug-makati-metro-manil-manila-philippines-landmark-image97855048
greenbelt,greenbelt/greenbelt_0015.jpg,"https://static.wixstatic.com/media/d6f8ec_0a5367b245414bc884e586858148bd4f~mv2.jpg/v1/fill/w_1000,h_667,al_c,q_85,usm_0.66_1.00_0.01/d6f8ec_0a5367b245414bc884e586858148bd4f~mv2.jpg",https://www.bedandgoinc.com/post/top-6-condos-in-the-greenbelt-makati-area-and-why-it-s-a-hotspot-for-manila-rent
greenbelt,greenbelt/greenbelt_0017.jpg,https://live.staticflickr.com/4355/36937869412_65425a3212_b.jpg,https://www.flickr.com/photos/travelourplanet/36937869412
greenbelt,greenbelt/greenbelt_0018.jpg,https://media.istockphoto.com/id/621847084/photo/greenbelt-shopping-mall-at-makati-in-metro-manila.jpg?s=1024x1024&w=is&k=20&c=nltgcqzCxw9pCoezSQx1s_sDeFddGD1NEIxYa6d5P8w=,https://www.istockphoto.com/photo/greenbelt-shopping-mall-at-makati-in-metro-manila-gm621847084-108708789
greenbelt,greenbelt/greenbelt_0019.jpg,https://c8.alamy.com/comp/M1X14H/makati-manila-philippines-jan-31-2018-road-view-beside-greenbelt-shopping-M1X14H.jpg,https://www.alamy.com/stock-photo/greenbelt-shopping-mall-in-makati.html
greenbelt,greenbelt/greenbelt_0020.jpg,https://c8.alamy.com/comp/JWK4W6/greenbelt-shopping-mall-on-aug-12-2017-at-makati-in-metro-manila-philippines-JWK4W6.jpg,https://www.alamy.com/greenbelt-shopping-mall-on-aug-12-2017-at-makati-in-metro-manila-philippines-image153470274.html
greenbelt,greenbelt/greenbelt_0022.jpg,https://i.ytimg.com/vi/coyc6k3pPUM/maxresdefault.jpg,https://ar.inspiredpencil.com/pictures-2023/greenbelt-mall-makati
greenbelt,greenbelt/greenbelt_0023.jpg,https://c8.alamy.com/comp/PNACC4/buildings-in-makati-PNACC4.jpg,https://www.alamy.com/stock-photo/greenbelt-mall.html
greenbelt,greenbelt/greenbelt_0025.jpg,https://thumbs.dreamstime.com/z/greenbelt-mall-makati-philippines-83643217.jpg,https://www.dreamstime.com/editorial-photography-greenbelt-mall-makati-philippines-image83643217
greenbelt,greenbelt/greenbelt_0027.jpg,https://media-cdn.tripadvisor.com/media/photo-s/11/e1/26/78/img-20180117-144925-largejpg.jpg,https://www.tripadvisor.com/Attraction_Review-g298450-d2648995-Reviews-Greenbelt_Mall-Makati_Metro_Manila_Luzon.html
greenbelt,greenbelt/greenbelt_0029.jpg,https://media.istockphoto.com/id/621846486/photo/greenbelt-shopping-mall-at-makati-in-metro-manila.jpg?s=1024x1024&w=is&k=20&c=GybC5kI45EwC-kRYC_5zuzg5Q4T_9c5Faozcl3f7dmQ=,https://www.istockphoto.com/photo/greenbelt-shopping-mall-at-makati-in-metro-manila-gm621846486-108708159
greenbelt,greenbelt/greenbelt_0031.jpg,https://2hottravellers.com/wp-content/uploads/2021/01/greenbelt-park-makati-day-view-aerial.jpg,https://2hottravellers.com/greenbelt-park-a-charming-place-in-makati-city/
greenbelt,greenbelt/greenbelt_0032.jpg,https://c8.alamy.com/comp/C90R4R/greenbelt-5-shopping-mall-in-greenbelt-park-in-makati-city-makati-C90R4R.jpg,https://www.alamy.com/stock-photo-greenbelt-5-shopping-mall-in-greenbelt-park-in-makati-city-makati-39970807.html
greenbelt,greenbelt/greenbelt_0033.jpg,https://dynamic-media-cdn.tripadvisor.com/media/photo-o/2b/2f/38/ff/caption.jpg?w=1200&h=1200&s=1,https://fr.tripadvisor.be/Attraction_Review-g298450-d2648995-Reviews-Greenbelt_Mall-Makati_Metro_Manila_Luzon.html
greenbelt,greenbelt/greenbelt_0037.jpg,https://i.ytimg.com/vi/6HLJEXQwUEw/maxresdefault.jpg,https://www.youtube.com/watch?v=6HLJEXQwUEw
greenbelt,greenbelt/greenbelt_0038.jpg,https://thumbs.dreamstime.com/b/greenbelt-mall-makati-philippines-83643297.jpg,https://www.dreamstime.com/editorial-photography-greenbelt-mall-makati-philippines-image83643297
greenbelt,greenbelt/greenbelt_0041.jpg,"https://ik.imagekit.io/tvlk/blog/2023/06/shutterstock_638345005.jpg?tr=dpr-2,w-675",https://www.traveloka.com/en-ph/explore/destination/uncover-the-best-of-makati-a-guide-to-planning-the-perfect-staycation-in-the-philippines-acc/244679
greenbelt,greenbelt/greenbelt_0042.jpg,https://islandtimes.com/wp-content/uploads/2023/02/PPM-IT-2.png,https://islandtimes.com/exploring-greenbelt-mall-and-makati-city-a-shopping-and-sightseeing-guide/
greenbelt,greenbelt/greenbelt_0048.jpg,"https://getoccupi.com/cdn-cgi/image/width=1200,quality=85,format=auto/https://static.getoccupi.com/uploads/mall_photo/photo/27820/stock-photo-manila-philippines-december-people-visit-greenbelt-shopping-center-in-makati-city-1278190810.jpg",https://getoccupi.com/malls/greenbelt-mall
greenbelt,greenbelt/greenbelt_0063.jpg,https://c8.alamy.com/comp/2RTWAXC/greenbelt-in-makati-manila-2RTWAXC.jpg,https://www.alamy.com/greenbelt-in-makati-manila-image566040900.html
greenbelt,greenbelt/greenbelt_0073.jpg,https://thumbs.dreamstime.com/z/greenbelt-mall-makati-philippines-83643459.jpg,https://www.dreamstime.com/editorial-stock-image-greenbelt-mall-makati-philippines-image83643459
greenbelt,greenbelt/greenbelt_0075.jpg,https://thumbs.dreamstime.com/z/greenbelt-shopping-mall-located-ayala-center-makati-metro-manila-philippines-which-just-near-glorietta-sm-makati-83312716.jpg,https://www.dreamstime.com/editorial-photo-greenbelt-shopping-mall-located-ayala-center-makati-metro-manila-philippines-which-just-near-glorietta-sm-makati-image83312716
greenbelt,greenbelt/greenbelt_0076.jpg,https://c8.alamy.com/comp/FGG1EX/the-exterior-of-greenbelt-5-in-makati-metro-manila-the-philippines-FGG1EX.jpg,https://www.alamy.com/stock-photo-the-exterior-of-greenbelt-5-in-makati-metro-manila-the-philippines-96238770.html
greenbelt,greenbelt/greenbelt_0077.jpg,https://i.pinimg.com/originals/dc/05/b8/dc05b8db21224b9ca00875f64f447646.jpg,https://www.pinterest.com/pin/greenbelt-makati-city-philippines--350577152258204011/
greenbelt,greenbelt/greenbelt_0078.jpg,https://heroesofadventure.com/wp-content/uploads/2019/07/Greenbelt.Makati.original.13676-1.jpg,https://heroesofadventure.com/listing/greenbelt-mall-makati-manila-philippines/
greenbelt,greenbelt/greenbelt_0079.jpg,https://blogger.googleusercontent.com/img/b/R29vZ2xl/AVvXsEgZXub1gV3DU6RcSSvn_csPDpDoRXx23t1xMDARDJViB6lmdqZ5gOjqWjBvVvyRm2zS5Z8gZpxXg7n7UVR6icdOyp1cKGRk0HqPUGF4mWYmWBLF8fYIMlCOL9uGi_bi0J5pMgNvJNtdidw/s1600/IMG_ORG_1711900235216.jpeg,https://istar-tariray.blogspot.com/2024/04/greenbelt-1-makati.html
greenbelt,greenbelt/greenbelt_0080.jpg,"https://d3fphkxyf5o5bm.cloudfront.net/image-resize/format=webp,w=1200/QwRY54Li1HMwD7oNfput7mdZbIEFeXdxbiYdWrHqHk",https://mindtrip.ai/attraction/makati-luzon/greenbelt/at-J6hOxPyu
greenbelt,greenbelt/greenbelt_0081.jpg,https://c8.alamy.com/comp/PKYNJ9/greenbelt-makati-philippines-PKYNJ9.jpg,https://www.alamy.com/greenbelt-makati-philippines-image218812561.html
greenbelt,greenbelt/greenbelt_0082.jpg,https://c8.alamy.com/comp/PKYNGA/greenbelt-makati-philippines-PKYNGA.jpg,https://www.alamy.com/greenbelt-makati-philippines-image218812506.html
greenbelt,greenbelt/greenbelt_0083.jpg,https://thumbs.dreamstime.com/b/sep-entrance-greenbelt-makati-sep-entrance-greenbelt-makati-philippines-99727783.jpg,https://www.dreamstime.com/sep-entrance-greenbelt-makati-sep-entrance-greenbelt-makati-philippines-image99727783
greenbelt,greenbelt/greenbelt_0084.jpg,https://business.inquirer.net/files/2024/10/Greenbelt-1-Facade-Paseo-De-Roxas-View-1-1024x488.jpg,https://business.inquirer.net/483056/makati-redefining-urban-living-beyond-business
greenbelt,greenbelt/greenbelt_0085.jpg,https://thumbs.dreamstime.com/b/greenbelt-makati-city-dec-philippines-83573642.jpg?w=992,https://www.dreamstime.com/editorial-photography-greenbelt-makati-city-dec-philippines-image83573642
greenbelt,greenbelt/greenbelt_0086.jpg,https://thumbs.dreamstime.com/b/greenbelt-makati-city-dec-philippines-83571990.jpg,https://www.dreamstime.com/editorial-image-greenbelt-makati-city-dec-philippines-image83573275
greenbelt,greenbelt/greenbelt_0087.jpg,https://thumbs.dreamstime.com/b/sep-entrance-greenbelt-makati-philippines-sep-entrance-greenbelt-makati-philip-99726879.jpg,https://www.dreamstime.com/sep-entrance-greenbelt-makati-philippines-sep-entrance-greenbelt-makati-philip-image99726879
greenbelt,greenbelt/greenbelt_0088.jpg,https://thumbs.dreamstime.com/b/gardens-walkway-greenbelt-park-makati-metro-manila-t-philippines-66951238.jpg,https://ar.inspiredpencil.com/pictures-2023/greenbelt-park-makati
greenbelt,greenbelt/greenbelt_0090.jpg,https://mendozaarchitects.com/wp-content/uploads/2024/08/EXT_FRONT-2-1536x858.jpg,https://mendozaarchitects.com/architecture-category/greenbelt-2/
greenbelt,greenbelt/greenbelt_0091.jpg,https://c8.alamy.com/comp/FGG1XJ/garden-and-skyscrapers-at-greenbelt-park-in-ayala-makati-metro-manila-FGG1XJ.jpg,https://ar.inspiredpencil.com/pictures-2023/greenbelt-park-makati
greenbelt,greenbelt/greenbelt_0093.jpg,https://img00.deviantart.net/91f5/i/2011/258/3/8/greenbelt_5__makati_by_dysenteryanalyn-d49z3bx.jpg,https://storage.googleapis.com/dvfimqbxwrqsze/engagement-rings-greenbelt-makati.html
greenbelt,greenbelt/greenbelt_0094.jpg,https://thumbs.dreamstime.com/z/nov-greenbelt-park-panoramic-view-greenbelt-makati-nov-greenbelt-park-panoramic-view-greenbelt-maka-103293129.jpg,https://www.dreamstime.com/nov-greenbelt-park-panoramic-view-greenbelt-makati-nov-greenbelt-park-panoramic-view-greenbelt-maka-image103293129
greenbelt,greenbelt/greenbelt_0095.jpg,https://thumbs.dreamstime.com/b/nov-greenbelt-park-panoramic-view-greenbelt-maka-nov-greenbelt-park-panoramic-view-greenbelt-makati-103293069.jpg,https://www.dreamstime.com/nov-greenbelt-park-panoramic-view-greenbelt-maka-nov-greenbelt-park-panoramic-view-greenbelt-makati-image103293069
greenbelt,greenbelt/greenbelt_0096.jpg,https://i.redd.it/iuc7vmf8985c1.jpeg,https://www.reddit.com/r/ITookAPicturePH/comments/18e8ttr/greenbelt_makati/
greenbelt,greenbelt/greenbelt_0097.jpg,https://thumbs.dreamstime.com/b/sep-entrance-greenbelt-makati-philip-philippines-99727031.jpg,https://www.dreamstime.com/sep-entrance-greenbelt-makati-philip-philippines-image99727031
greenbelt,greenbelt/greenbelt_0098.jpg,https://i.pinimg.com/736x/7b/e9/34/7be934a1297057f8478c63ad9f645381.jpg,https://ph.pinterest.com/pin/greenbelt-makati-city--541487555171150275/
greenbelt,greenbelt/greenbelt_0099.jpg,https://thumbs.dreamstime.com/z/greenbelt-makati-city-dec-philippines-83571943.jpg,https://www.dreamstime.com/editorial-stock-photo-greenbelt-makati-city-dec-philippines-image83571943
greenbelt,greenbelt/greenbelt_0100.jpg,https://thumbs.dreamstime.com/z/nov-greenbelt-view-greenbelt-parking-area-makati-philippines-nov-greenbelt-view-greenbelt-parking-area-makati-105845490.jpg,https://www.dreamstime.com/nov-greenbelt-view-greenbelt-parking-area-makati-philippines-nov-greenbelt-view-greenbelt-parking-area-makati-image105845490
greenbelt,greenbelt/greenbelt_0101.jpg,https://i.pinimg.com/736x/92/1f/15/921f15874fc66e44af96fef237ca2e96.jpg,https://www.pinterest.com/pin/greenbelt-makati--1144336586544110932/
greenbelt,greenbelt/greenbelt_0104.jpg,https://thumbs.dreamstime.com/z/city-garden-greenbelt-makati-philippines-city-garden-greenbelt-makati-philippines-126324479.jpg,https://www.dreamstime.com/city-garden-greenbelt-makati-philippines-city-garden-greenbelt-makati-philippines-image126324479
greenbelt,greenbelt/greenbelt_0105.jpg,https://thumbs.dreamstime.com/b/greenbelt-makati-city-dec-philippines-83574583.jpg,https://www.dreamstime.com/editorial-stock-photo-greenbelt-makati-city-dec-philippines-image83574583
greenbelt,greenbelt/greenbelt_0106.jpg,https://as2.ftcdn.net/v2/jpg/01/07/63/79/1000_F_107637927_MNgD3ng78KsDXUXFwINGlUqWvf79McOZ.jpg,https://stock.adobe.com/images/greenbelt-park-makati-metro-manila-philippines/107637927
greenbelt,greenbelt/greenbelt_0107.jpg,https://i.pinimg.com/originals/bb/be/8a/bbbe8a05525bb3ec24ffcbc18770ef10.jpg,https://ph.pinterest.com/pin/greenbelt-5-makati-manila--293296994455233323/
greenbelt,greenbelt/greenbelt_0108.jpg,https://i.pinimg.com/736x/8f/48/17/8f48170b1e1ab2fdd504e88498186fea.jpg,https://in.pinterest.com/pin/greenbelt-makati-philippines-sculpture-in-grassy-area--316166836313960455/
greenbelt,greenbelt/greenbelt_0109.jpg,https://i.pinimg.com/originals/b2/1f/a2/b21fa291b323e5e343aef9b03af13843.png,https://id.pinterest.com/pin/greenbelt-park-makati-2020-all-you-need-to-know-before-you-go-with-photos-tripadvisor--97671885656550976/
greenbelt,greenbelt/greenbelt_0110.jpg,https://preview.redd.it/6pcsvq6grzj61.jpg?width=1080&crop=smart&auto=webp&s=c91e4e9ad9103b19b234490b86b7214b1fb2625c,https://www.reddit.com/r/Philippines/comments/ltkrxc/greenbelt_makati_022021/
greenbelt,greenbelt/greenbelt_0112.jpg,https://i.ytimg.com/vi/ZI8gmRJi-3E/maxresdefault.jpg,https://www.youtube.com/watch?v=ZI8gmRJi-3E
greenbelt,greenbelt/greenbelt_0113.jpg,https://i.ytimg.com/vi/grwE18T7SDo/maxresdefault.jpg,https://www.youtube.com/watch?v=grwE18T7SDo
greenbelt,greenbelt/greenbelt_0115.jpg,https://i.pinimg.com/736x/55/61/98/556198f49240fe89554138685103d5b8.jpg,https://ph.pinterest.com/pin/greenbelt-3-makati--329044316495985606/
greenbelt,greenbelt/greenbelt_0116.jpg,https://i.pinimg.com/736x/a5/88/6a/a5886a82c711c28d1b13b5d4a0314146.jpg,https://ph.pinterest.com/pin/greenbelt-3-makati-city-philippines--340936634263269100/
greenbelt,greenbelt/greenbelt_0122.jpg,https://dynamic-media-cdn.tripadvisor.com/media/photo-o/0f/60/5e/72/greenbelt-park.jpg?w=1200&h=1200&s=1,https://www.tripadvisor.co.id/Attraction_Review-g298450-d556735-Reviews-Greenbelt_Park-Makati_Metro_Manila_Luzon.html
greenbelt,greenbelt/greenbelt_0125.jpg,https://dynamic-media-cdn.tripadvisor.com/media/photo-o/03/b9/94/61/greenbelt-park.jpg?w=1200&h=1200&s=1,https://www.tripadvisor.co.nz/Attraction_Review-g298450-d556735-Reviews-Greenbelt_Park-Makati_Metro_Manila_Luzon.html
greenbelt,greenbelt/greenbelt_0130.jpg,https://i.ytimg.com/vi/RF6pV6IhV4k/maxresdefault.jpg,https://www.youtube.com/watch?v=RF6pV6IhV4k
greenbelt,greenbelt/greenbelt_0132.jpg,https://thumbs.dreamstime.com/z/nov-greenbelt-ground-floor-makati-philippines-nov-greenbelt-ground-floor-makati-105845881.jpg,https://www.dreamstime.com/nov-greenbelt-ground-floor-makati-philippines-nov-greenbelt-ground-floor-makati-image105845881
greenbelt,greenbelt/greenbelt_0134.jpg,https://image.shutterstock.com/z/stock-photo-gardens-and-skyscrapers-at-greenbelt-park-in-ayala-makati-metro-manila-the-philippines-472805590.jpg,https://www.shutterstock.com/search/greenbelt-makati
greenbelt,greenbelt/greenbelt_0135.jpg,https://blogger.googleusercontent.com/img/b/R29vZ2xl/AVvXsEgZXub1gV3DU6RcSSvn_csPDpDoRXx23t1xMDARDJViB6lmdqZ5gOjqWjBvVvyRm2zS5Z8gZpxXg7n7UVR6icdOyp1cKGRk0HqPUGF4mWYmWBLF8fYIMlCOL9uGi_bi0J5pMgNvJNtdidw/w1200-h630-p-k-no-nu/IMG_ORG_1711900235216.jpeg,https://istar-tariray.blogspot.com/2024/04/greenbelt-1-makati.html
greenbelt,greenbelt/greenbelt_0136.jpg,https://c8.alamy.com/comp/K6A0DX/sep-10-2017-at-the-entrance-of-the-greenbelt-5-makati-philippines-K6A0DX.jpg,https://www.alamy.com/sep-10-2017-at-the-entrance-of-the-greenbelt-5-makati-philippines-image158801158.html
greenbelt,greenbelt/greenbelt_0137.jpg,https://gfparchitects.com/wp-content/uploads/2024/11/10-1.webp,https://gfparchitects.com/sustainability/
greenbelt,greenbelt/greenbelt_0138.jpg,https://thumbs.dreamstime.com/z/makati-towers-condominiums-greenbelt-makati-philippines-as-seen-ayala-center-96354229.jpg,https://www.dreamstime.com/editorial-stock-image-makati-towers-condominiums-greenbelt-makati-philippines-as-seen-ayala-center-image96354229
greenbelt,greenbelt/greenbelt_0139.jpg,https://c8.alamy.com/comp/FGG1FC/pond-and-buildings-at-greenbelt-park-in-ayala-makati-metro-manila-FGG1FC.jpg,https://ar.inspiredpencil.com/pictures-2023/greenbelt-park-makati
greenbelt,greenbelt/greenbelt_0141.jpg,https://c8.alamy.com/comp/K6A11N/sep-10-2017-greenbelt3-view-from-greenbelt-park-makati-philippines-K6A11N.jpg,https://www.alamy.com/sep-10-2017-greenbelt3-view-from-greenbelt-park-makati-philippines-image158801601.html
greenbelt,greenbelt/greenbelt_0142.jpg,https://media01.stockfood.com/largepreviews/MjE3Mjc3ODIyMA==/70089620-Greenbelt-square-Makati-District-Manila-Philippines.jpg,https://www.lookphotos.com/en-us/images/70089620-Greenbelt-square-Makati-District-Manila-Philippines
greenbelt,greenbelt/greenbelt_0144.jpg,https://c8.alamy.com/comp/BWY2AJ/greenbelt-square-makati-district-manila-park-philippines-asia-skyline-BWY2AJ.jpg,https://www.alamy.com/stock-photo-greenbelt-square-makati-district-manila-park-philippines-asia-skyline-33171338.html
greenbelt,greenbelt/greenbelt_0145.jpg,https://c8.alamy.com/comp/FGG1XG/gardens-and-skyscrapers-at-greenbelt-park-in-ayala-makati-metro-manila-FGG1XG.jpg,https://www.alamy.com/stock-photo-gardens-and-skyscrapers-at-greenbelt-park-in-ayala-makati-metro-manila-96239096.html
greenbelt,greenbelt/greenbelt_0146.jpg,https://thumbs.dreamstime.com/b/greenbelt-mall-makati-philippines-ayala-center-96354327.jpg,https://www.dreamstime.com/editorial-image-greenbelt-mall-park-makati-philippines-center-business-district-ayala-center-image96354180
greenbelt,greenbelt/greenbelt_0150.jpg,https://islandtimes.com/wp-content/uploads/2023/02/Greenbelt-IT-5-1-1200x563.png,https://islandtimes.com/exploring-greenbelt-mall-and-makati-city-a-shopping-and-sightseeing-guide/
greenbelt,greenbelt/greenbelt_0153.jpg,https://islandtimes.com/wp-content/uploads/2023/01/IT-770x460.png,https://islandtimes.com/exploring-greenbelt-mall-and-makati-city-a-shopping-and-sightseeing-guide/
greenbelt,greenbelt/greenbelt_0155.jpg,https://media-cdn.tripadvisor.com/media/photo-s/17/24/6c/de/photo4jpg.jpg,https://www.tripadvisor.com.ph/Attraction_Review-g298450-d556735-Reviews-Greenbelt_Park-Makati_Metro_Manila_Luzon.html
greenbelt,greenbelt/greenbelt_0156.jpg,http://farm3.static.flickr.com/2456/3779026503_153cd492ce_b.jpg,https://www.skyscrapercity.com/threads/makati-city.96151/page-491
greenbelt,greenbelt/greenbelt_0157.jpg,https://2.bp.blogspot.com/-02GiaVDYvMI/TlJuK79i3sI/AAAAAAAADBo/62SzbvS9X5w/s1600/75.jpg,https://byaheroph.blogspot.com/2011/08/greenbelt-chapel-in-makati-city.html
greenbelt,greenbelt/greenbelt_0158.jpg,https://s3-media4.fl.yelpcdn.com/bphoto/FpCjhfM8vub81D_-GLEgjw/o.jpg,https://www.yelp.com/biz/greenbelt-makati-2
greenbelt,greenbelt/greenbelt_0164.jpg,https://mendozaarchitects.com/wp-content/uploads/2024/08/entrance-4.jpg,https://mendozaarchitects.com/category/architecture-category/
greenbelt,greenbelt/greenbelt_0165.jpg,https://www.shutterstock.com/shutterstock/photos/1843216990/display_1500/stock-photo-makati-philippines-oct-the-imposing-facade-of-greenbelt-part-of-the-ayala-center-1843216990.jpg,https://animalia-life.club/qa/pictures/greenbelt-5
greenbelt,greenbelt/greenbelt_0166.jpg,https://cdn.manilastandard.net/wp-content/uploads/2024/02/Goodbye-Greenbelt-1.png,https://manilastandard.net/?p=314417156
greenbelt,greenbelt/greenbelt_0167.jpg,https://as1.ftcdn.net/v2/jpg/01/26/52/40/1000_F_126524093_oashsRX70pVaMta9TDCe6g32CGxTCcQr.jpg,https://ar.inspiredpencil.com/pictures-2023/greenbelt-mall
greenbelt,greenbelt/greenbelt_0169.jpg,https://i.pinimg.com/736x/bc/42/77/bc427745a8a1864fb2f67bde86cb6aed--acapulco-mexico-makati.jpg,https://www.pinterest.com/pin/greenbelt-ayala-makati-city-29-may-2016--230176230934086008/
greenbelt,greenbelt/greenbelt_0172.jpg,https://www.shutterstock.com/image-photo/makati-philippines-july-30-2018-600w-1184030752.jpg,https://www.shutterstock.com/search/greenbelt-makati
greenbelt,greenbelt/greenbelt_0173.jpg,https://business.inquirer.net/files/2021/10/Property193671-620x413.jpg,https://business.inquirer.net/332572/the-journey-of-makati-city-towards-walkability
greenbelt,greenbelt/greenbelt_0176.jpg,https://thumbs.dreamstime.com/b/greenbelt-makati-city-dec-philippines-83573709.jpg,https://www.dreamstime.com/editorial-stock-image-greenbelt-makati-city-dec-philippines-image83573709
greenbelt,greenbelt/greenbelt_0177.jpg,https://thumbs.dreamstime.com/b/city-garden-greenbelt-makati-philippines-126323970.jpg,https://www.dreamstime.com/city-garden-greenbelt-makati-philippines-city-garden-greenbelt-makati-philippines-image126324479
greenbelt,greenbelt/greenbelt_0178.jpg,https://thumbs.dreamstime.com/z/city-garden-greenbelt-makati-philippines-city-garden-greenbelt-makati-philippines-126323896.jpg,https://www.dreamstime.com/city-garden-greenbelt-makati-philippines-city-garden-greenbelt-makati-philippines-image126323896
greenbelt,greenbelt/greenbelt_0183.jpg,https://c8.alamy.com/comp/K6A0C1/sep-10-2017-at-the-entrance-of-the-greenbelt-5-makati-philippines-K6A0C1.jpg,https://www.alamy.com/sep-10-2017-at-the-entrance-of-the-greenbelt-5-makati-philippines-image158801105.html
greenbelt,greenbelt/greenbelt_0184.jpg,https://c8.alamy.com/comp/K6A3W9/sep-10-2017-at-the-entrance-of-the-greenbelt-5-makati-philippines-K6A3W9.jpg,https://www.alamy.com/stock-photo/greenbelt-entrance-manila-philippines.html
greenbelt,greenbelt/greenbelt_0185.jpg,https://thumbs.dreamstime.com/z/sep-entrance-greenbelt-makati-philippines-sep-entrance-greenbelt-makati-99727795.jpg,https://www.dreamstime.com/sep-entrance-greenbelt-makati-philippines-sep-entrance-greenbelt-makati-image99727795
greenbelt,greenbelt/greenbelt_0186.jpg,https://media.istockphoto.com/id/921480774/photo/entrance-of-greenbelt1-shopping-mall-in-makati-city-metro-manila.jpg?s=1024x1024&w=is&k=20&c=NhY4xN-KpBEFbjKVpxf7i79Cfvhy3f-7_LDXUzFaLg0=,https://www.istockphoto.com/photo/entrance-of-greenbelt1-shopping-mall-in-makati-city-metro-manila-gm921480774-253061906
greenbelt,greenbelt/greenbelt_0188.jpg,https://c8.alamy.com/comp/GJGJ3J/greenbelt-entrance-manila-the-philippines-GJGJ3J.jpg,https://www.alamy.com/stock-photo-greenbelt-entrance-manila-the-philippines-114691462.html
greenbelt,greenbelt/greenbelt_0192.jpg,https://primer.com.ph/tips-guides/wp-content/uploads/sites/5/2021/06/Greenbeltpark.jpg,https://primer.com.ph/tips-guides/2021/06/16/guide-green-spots-in-makati-and-bgc-to-visit-on-your-next-urban-nature-trip/
greenbelt,greenbelt/greenbelt_0194.jpg,https://i.pinimg.com/736x/8f/c6/32/8fc632f95a1799d61a018c442e7b598f.jpg,https://co.pinterest.com/pin/greenbelt-makati-city-philippines--758926974677834064/
greenbelt,greenbelt/greenbelt_0203.jpg,https://d2kihw5e8drjh5.cloudfront.net/eyJidWNrZXQiOiJ1dGEtaW1hZ2VzIiwia2V5IjoicGxhY2VfaW1nLzI2MmM5MzI0MzdkZjQ2ZDQ4ZTc4ZTg1YTc4MGEyMjNlIiwiZWRpdHMiOnsicmVzaXplIjp7IndpZHRoIjo2NDAsImhlaWdodCI6NjQwLCJmaXQiOiJpbnNpZGUifSwicm90YXRlIjpudWxsLCJ0b0Zvcm1hdCI6ICJ3ZWJwIn19,https://wanderboat.ai/attractions/philippines/makati/greenbelt-park/k10_KYBYT9eQ1TpRNmRyqg
greenbelt,greenbelt/greenbelt_0204.jpg,https://dynamic-media-cdn.tripadvisor.com/media/photo-o/0f/60/5e/72/greenbelt-park.jpg?w=700&h=400&s=1,https://www.tripadvisor.nl/Attraction_Review-g298450-d556735-Reviews-Greenbelt_Park-Makati_Metro_Manila_Luzon.html
greenbelt,greenbelt/greenbelt_0205.jpg,https://live.staticflickr.com/2573/4130518299_cc475e6053_b.jpg,https://www.flickr.com/photos/23225706@N06/4130518299/
greenbelt,greenbelt/greenbelt_0206.jpg,https://c8.alamy.com/comp/GM9M13/palm-trees-at-night-at-greenbelt-park-in-makati-metro-manila-the-philippines-GM9M13.jpg,https://www.alamy.com/stock-photo-palm-trees-at-night-at-greenbelt-park-in-makati-metro-manila-the-philippines-115768607.html
greenbelt,greenbelt/greenbelt_0208.jpg,https://b2015854.smushcdn.com/2015854/wp-content/uploads/2021/01/Greenbelt-makati-at-night.jpg?lossy=2&strip=1&webp=1,https://2hottravellers.com/greenbelt-park-a-charming-place-in-makati-city/
greenbelt,greenbelt/greenbelt_0210.jpg,https://media.istockphoto.com/id/1358909988/photo/people-enjoying-the-greenbelt-shopping-mall-night-view-at-makati-city-metro-manila.jpg?s=1024x1024&w=is&k=20&c=tovoALaX6Vf-SEi0ynJYJLVAbgjG_ACs4M3ldBji41s=,https://www.istockphoto.com/photo/people-enjoying-the-greenbelt-shopping-mall-night-view-at-makati-city-metro-manila-gm1358909988-432397619
greenbelt,greenbelt/greenbelt_0212.jpg,https://c8.alamy.com/comp/2HAM19B/dec-8-2021-people-enjoying-the-greenbelt-shopping-mall-night-view-at-makati-city-metro-manila-philippines-2HAM19B.jpg,https://www.alamy.com/dec-8-2021-people-enjoying-the-greenbelt-shopping-mall-night-view-at-makati-city-metro-manila-philippines-image454056215.html
greenbelt,greenbelt/greenbelt_0214.jpg,https://c8.alamy.com/comp/BJ7XCH/greenbelt-shopping-mall-at-night-business-district-makati-manila-philippines-BJ7XCH.jpg,https://www.alamy.com/stock-photo-greenbelt-shopping-mall-at-night-business-district-makati-manila-philippines-28448577.html
greenbelt,greenbelt/greenbelt_0216.jpg,https://thumbs.dreamstime.com/b/people-enjoying-greenbelt-shopping-mall-night-view-makati-city-metro-manila-philippines-dec-236865238.jpg,https://www.dreamstime.com/people-enjoying-greenbelt-shopping-mall-night-view-makati-city-metro-manila-philippines-dec-image236865238
greenbelt,greenbelt/greenbelt_0221.jpg,https://c8.alamy.com/comp/ADDF4M/philippines-manila-makati-district-greenbelt-entertainment-area-with-ADDF4M.jpg,https://www.alamy.com/stock-photo-philippines-manila-makati-district-greenbelt-entertainment-area-with-13386403.html
greenbelt,greenbelt/greenbelt_0222.jpg,https://c8.alamy.com/comp/2HAM1A9/dec-8-2021-people-enjoying-the-greenbelt-shopping-mall-night-view-at-makati-city-metro-manila-philippines-2HAM1A9.jpg,https://www.alamy.com/dec-8-2021-people-enjoying-the-greenbelt-shopping-mall-night-view-at-makati-city-metro-manila-philippines-image454056241.html
greenbelt,greenbelt/greenbelt_0224.jpg,https://c8.alamy.com/comp/2J3GYN3/philippines-metro-manila-makati-district-general-view-of-greenbelt-mall-at-night-and-illuminated-skyscrapers-in-the-background-2J3GYN3.jpg,https://www.alamy.com/stock-photo/manila-night-skyscrapers.html
greenbelt,greenbelt/greenbelt_0225.jpg,https://thumbs.dreamstime.com/b/people-enjoying-greenbelt-shopping-mall-night-view-makati-city-metro-manila-philippines-dec-236865272.jpg,https://www.dreamstime.com/people-enjoying-greenbelt-shopping-mall-night-view-makati-city-metro-manila-philippines-dec-image236865272
greenbelt,greenbelt/greenbelt_0229.jpg,https://preview.redd.it/32621ihtiqk61.jpg?auto=webp&s=ac2501f760cbdc0f0f2a7fcfd5dca3f7ba7a0bbb,https://www.reddit.com/r/Philippines/comments/lwkdkk/lights_at_greenbelt_makati_022021/
greenbelt,greenbelt/greenbelt_0230.jpg,https://media.gettyimages.com/id/472910600/photo/greenbelt-in-makati-at-night-manila-philippines.jpg?s=1024x1024&w=gi&k=20&c=LJg3fuXOT1Bf93rsOXso-Yxsj3sAAzZvK7B2H-FCBRo=,https://www.gettyimages.ca/detail/photo/greenbelt-in-makati-at-night-manila-philippines-royalty-free-image/472910600
greenbelt,greenbelt/greenbelt_0232.jpg,https://c8.alamy.com/comp/2ADRJXX/rain-and-traffic-lights-at-night-greenbelt-makati-philippines-2ADRJXX.jpg,https://www.alamy.com/stock-photo/manila-street-night.html
greenbelt,greenbelt/greenbelt_0235.jpg,https://c8.alamy.com/comp/2HAM1AA/dec-8-2021-people-enjoying-the-greenbelt-shopping-mall-night-view-at-makati-city-metro-manila-philippines-2HAM1AA.jpg,https://storage.googleapis.com/dkuwlvcktcyexe/party-city-greenbelt-mall.html
greenbelt,greenbelt/greenbelt_0236.jpg,https://thumbs.dreamstime.com/b/people-enjoying-greenbelt-shopping-mall-night-view-makati-city-metro-manila-philippines-dec-236865249.jpg,https://www.dreamstime.com/people-enjoying-greenbelt-shopping-mall-night-view-makati-city-metro-manila-philippines-dec-image236865249
greenbelt,greenbelt/greenbelt_0240.jpg,https://c8.alamy.com/comp/2ADRJY5/rain-and-traffic-lights-at-night-greenbelt-makati-philippines-2ADRJY5.jpg,https://www.alamy.com/rain-and-traffic-lights-at-night-greenbelt-makati-philippines-image335507289.html
greenbelt,greenbelt/greenbelt_0244.jpg,https://thumbs.dreamstime.com/b/palm-trees-night-greenbelt-park-makati-metro-manila-philippines-76278210.jpg,https://ar.inspiredpencil.com/pictures-2023/greenbelt-park-makati
greenbelt,greenbelt/greenbelt_0248.jpg,https://media.istockphoto.com/id/621378480/photo/greenbelt-shopping-mall.jpg?s=612x612&w=0&k=20&c=BT8skLslkFwoztVHN52sT08a0H7lesFZhjq6MCxr0pI=,https://www.istockphoto.com/photos/makati-night
greenbelt,greenbelt/greenbelt_0249.jpg,https://i.pinimg.com/originals/8d/ad/0d/8dad0dda3cfb3d152a2af5152a9b2fe0.jpg,https://ph.pinterest.com/pin/greenbelt-makati-gnie-arambulo--151503974956718014/
glorietta,glorietta/glorietta_0001.jpg,https://media.gettyimages.com/id/2061710084/photo/the-glorietta-5-shopping-mall-in-the-central-business-district-in-makati-city-metro-manila.jpg?s=612x612&w=gi&k=20&c=B_v4xMGtzLKYdfUeOgecYqTnAtoR1XJE8QeyeEDxqyU=,https://www.gettyimages.dk/photos/glorietta-mall
glorietta,glorietta/glorietta_0002.jpg,https://www.lionunion.com/wp-content/uploads/2021/10/Glorietta-banner.jpg,https://www.lionunion.com/property/glorietta/
glorietta,glorietta/glorietta_0004.jpg,https://c8.alamy.com/comp/KG93AE/nov-52017-glorietta-shopping-mall-at-crosswalk-makati-KG93AE.jpg,https://www.alamy.com/stock-image-nov-52017-glorietta-shopping-mall-at-crosswalk-makati-164928022.html
glorietta,glorietta/glorietta_0005.jpg,https://s3-media0.fl.yelpcdn.com/bphoto/ixsDVHRRWCd_S94b5DfutQ/o.jpg,https://www.yelp.com/biz/glorietta-5-makati-2
glorietta,glorietta/glorietta_0008.jpg,https://live.staticflickr.com/8480/8244211040_95b5e7973d_b.jpg,https://www.flickr.com/photos/manilahobo/8244211040/
glorietta,glorietta/glorietta_0009.jpg,https://media-cdn.tripadvisor.com/media/photo-s/19/43/04/ab/glorietta-5.jpg,https://www.tripadvisor.com.ph/Attraction_Review-g298450-d5979666-Reviews-Glorietta-Makati_Metro_Manila_Luzon.html
glorietta,glorietta/glorietta_0010.jpg,https://static.getoccupi.com/uploads/mall_photo/photo/10997/depositphotos_422176110-stock-photo-makati-metro-manila-philippines-oct.jpg,https://getoccupi.com/malls/glorietta
glorietta,glorietta/glorietta_0013.jpg,https://as1.ftcdn.net/jpg/03/88/66/36/1000_F_388663620_VJHyvfnE22jHzI5qWqhKQCJMl6n2pVlB.jpg,https://stock.adobe.com/images/makati-metro-manila-philippines-oct-2020-glorietta-4-mall-flanked-by-two-towers-of-ascott-makati-it-is-part-of-ayala-center-a-major-shopping-destination-in-the-metropolis/388663620
glorietta,glorietta/glorietta_0014.jpg,https://thumbs.dreamstime.com/b/glorietta-shopping-mall-makati-philippines-83643194.jpg,https://www.dreamstime.com/glorietta-mall-makati-open-space-image107411224
glorietta,glorietta/glorietta_0015.jpg,https://www.nuku.de/pictures/glorietta-und-greenbelt-malls-in-makati-manila-philippinen-13680-1485.jpg,https://www.nuku.de/archives/2013/02/03/glorietta-und-greenbelt-malls-in-makati.html
glorietta,glorietta/glorietta_0016.jpg,https://thumbs.dreamstime.com/b/open-space-glorietta-mall-makati-glorietta-mall-makati-107411247.jpg,https://work.volemsaber.com/glorietta-mall-makati-glorietta-mall-stores/
glorietta,glorietta/glorietta_0018.jpg,https://c8.alamy.com/comp/EPXXM2/glorietta-shopping-mauls-at-the-centre-of-makati-city-manila-philippines-EPXXM2.jpg,https://www.alamy.com/stock-photo-glorietta-shopping-mauls-at-the-centre-of-makati-city-manila-philippines-82955602.html
glorietta,glorietta/glorietta_0019.jpg,https://blogger.googleusercontent.com/img/b/R29vZ2xl/AVvXsEgsYYXwrwj2p0GhSgN0OQx6Uf0PEqd0Y0yVstme_uBKXYIV2-NDryTwMJLBBHIT6AgoeDwXQsQ4iKEkhWS5OcRwNQ59giqCcoFbcD63yGRKfXETZj9d5ZB60q3s_SeF0KatUKGZQ8lFNds/s1600/G402.jpg,https://jrnunezphotos.blogspot.com/2011/08/glorietta-park-photos-makati-city_09.html
glorietta,glorietta/glorietta_0025.jpg,https://i.ytimg.com/vi/NFB2jJiaPkE/maxresdefault.jpg,https://www.youtube.com/watch?v=NFB2jJiaPkE
glorietta,glorietta/glorietta_0026.jpg,https://i.pinimg.com/736x/92/fc/cc/92fcccc82ccc2b8e520a90570485a117.jpg,https://ph.pinterest.com/pin/glorietta-makati--787285578639705660/
glorietta,glorietta/glorietta_0027.jpg,https://live.staticflickr.com/8348/8243140019_a13fd37f6d_b.jpg,https://www.flickr.com/photos/manilahobo/8243140019
glorietta,glorietta/glorietta_0028.jpg,https://i.ytimg.com/vi/04HigzS_yZk/maxresdefault.jpg,https://www.youtube.com/watch?v=04HigzS_yZk
glorietta,glorietta/glorietta_0033.jpg,https://thumbs.dreamstime.com/z/makati-glorietta-shopping-mall-sep-metro-manila-philippines-cityscape-makati-glorietta-shopping-mall-sep-metro-manila-99446725.jpg,https://www.dreamstime.com/editorial-image-makati-glorietta-shopping-mall-sep-metro-manila-philippines-cityscape-makati-glorietta-shopping-mall-sep-metro-manila-image99446725
glorietta,glorietta/glorietta_0034.jpg,https://thumbs.dreamstime.com/b/makati-avenue-near-greenbelt-glorietta-shopping-mall-sep-makati-avenue-near-greenbelt-glorietta-shopping-mall-sep-99446697.jpg,https://www.dreamstime.com/editorial-image-makati-glorietta-shopping-mall-sep-metro-manila-philippines-cityscape-makati-glorietta-shopping-mall-sep-metro-manila-image99446725
glorietta,glorietta/glorietta_0041.jpg,https://live.staticflickr.com/3455/3703350191_ea29c5b1b1_b.jpg,https://www.flickr.com/photos/25008614@N08/3703350191
glorietta,glorietta/glorietta_0072.jpg,https://www.lionunion.com/wp-content/uploads/2022/08/glorietta-5-banner-1.jpg,https://storage.googleapis.com/drrodpzfumnmfe/glorietta-boonli.html
glorietta,glorietta/glorietta_0073.jpg,https://i.pinimg.com/736x/bb/fa/4e/bbfa4e69a4155dbf4cf34b02ca4460e5.jpg,https://ph.pinterest.com/pin/glorietta-makati--2885187232662104/
glorietta,glorietta/glorietta_0075.jpg,https://preview.redd.it/old-facade-of-glorietta-3-v0-ozlednkqav9f1.jpg?width=640&crop=smart&auto=webp&s=549f1bc6f8687c7a53210ea7f8111a6bbecdf118,https://fity.club/lists/suggestions/a-veneto-glorietta-3-makati/
glorietta,glorietta/glorietta_0081.jpg,https://dynamic-media-cdn.tripadvisor.com/media/photo-o/17/fa/46/4a/glorietta-5.jpg?w=1200&h=1200&s=1,https://www.tripadvisor.com/Attraction_Review-g298450-d5979666-Reviews-Glorietta-Makati_Metro_Manila_Luzon.html
glorietta,glorietta/glorietta_0082.jpg,https://i.ytimg.com/vi/x8ULjrsGQvI/maxresdefault.jpg,https://www.youtube.com/watch?v=x8ULjrsGQvI
glorietta,glorietta/glorietta_0083.jpg,http://photos.wikimapia.org/p/00/09/06/17/92_full.jpg,https://wikimapia.org/9409037/Glorietta-5
glorietta,glorietta/glorietta_0085.jpg,https://media-cdn.tripadvisor.com/media/photo-s/19/f1/c3/f9/glorietta-5.jpg,https://www.tripadvisor.de/Attraction_Review-g298450-d5979666-Reviews-Glorietta-Makati_Metro_Manila_Luzon.html
glorietta,glorietta/glorietta_0090.jpg,https://i.ytimg.com/vi/gBNZ7tsBfJc/maxresdefault.jpg,https://www.youtube.com/watch?v=gBNZ7tsBfJc
glorietta,glorietta/glorietta_0092.jpg,https://www.pfmodels.com/wp-content/uploads/2012/04/pfmodels-glorietta-complete1.jpg,https://www.pfmodels.com/portfolio-item/ayala-center-glorietta-philippines
glorietta,glorietta/glorietta_0100.jpg,"https://d3fphkxyf5o5bm.cloudfront.net/image-resize/format=webp,w=720/QwRY54Li1HMwD7oNfqKb6CQY2KfadW6bbmPavaHjex",https://mindtrip.ai/attraction/makati-luzon/glorietta/at-X4vEQwkp
glorietta,glorietta/glorietta_0101.jpg,https://kmcmaggroup.com/images/buildings/2112/1654120_highres.jpg,https://kmcmaggroup.com/building/glorietta-3/
glorietta,glorietta/glorietta_0102.jpg,https://kmcmaggroup.com/images/buildings/2113/glorietta-4_highres.jpg,https://storage.googleapis.com/dcbnyyludtgpfe/island-photo-center-glorietta.html
glorietta,glorietta/glorietta_0104.jpg,https://i.pinimg.com/originals/d9/b9/b2/d9b9b2496b72d444c6c37bbcdb84436a.jpg,https://www.pinterest.com/pin/glorietta-4-makati--329044316495688740/
glorietta,glorietta/glorietta_0105.jpg,http://photos.wikimapia.org/p/00/02/13/77/60_big.jpg,https://wikimapia.org/9409037/Glorietta-5
glorietta,glorietta/glorietta_0115.jpg,https://2.bp.blogspot.com/-c71VvPJT_5o/TscrI389TBI/AAAAAAAAAcg/B3kghEDCxbg/s1600/IMG_4180.JPG,https://www.swirlsandscribbles.com/2011/11/paranormal-activity-3-glorietta-4.html
glorietta,glorietta/glorietta_0121.jpg,https://coinventmediastorage.blob.core.windows.net/media-storage-container/gphoto_ChIJeQv0PhvJlzMRADhQ3HsC3iM_0.jpg,https://www.airial.travel/attractions/philippines/makati-city/glorietta-makati-Lx1bMxsP
glorietta,glorietta/glorietta_0126.jpg,https://www.discoverthephilippines.com/wp-content/uploads/2022/07/article-cover-photo-glorietta-1024x533.jpg,https://www.discoverthephilippines.com/glorietta/
glorietta,glorietta/glorietta_0131.jpg,https://media-cdn.tripadvisor.com/media/photo-s/0e/f9/cd/df/glorietta.jpg,https://www.tripadvisor.com.ph/Attraction_Review-g298450-d5979666-Reviews-Glorietta-Makati_Metro_Manila_Luzon.html
glorietta,glorietta/glorietta_0173.jpg,https://thumbs.dreamstime.com/b/nov-glorietta-shopping-mall-crosswalk-makati-philipp-nov-glorietta-shopping-mall-crosswalk-makati-103292886.jpg,https://www.dreamstime.com/nov-glorietta-park-view-shangri-la-hotel-makati-philippines-image103292873
glorietta,glorietta/glorietta_0174.jpg,https://media.gettyimages.com/id/1061136858/photo/a-view-of-the-landmark-hotel-beside-glorietta-mall-on-palm-drive-makati-metro-manila.jpg?s=612x612&w=gi&k=20&c=RGyXqk6OuFjeHlrTF8N1cc6xrqmvtUOCFjHxq1Gls7s=,https://www.gettyimages.dk/photos/glorietta-mall
glorietta,glorietta/glorietta_0175.jpg,https://media.gettyimages.com/id/1061137140/fr/photo/the-holiday-inn-and-suites-makati-located-in-the-glorietta-complex-palm-drive-makati-metro.jpg?s=612x612&w=gi&k=20&c=wprzhjQ8Ba5nd1EW9cYakvBdwdWeQgWwJ8P6pTcJq08=,https://www.gettyimages.fr/photos/glorietta-mall
glorietta,glorietta/glorietta_0178.jpg,https://s3-media0.fl.yelpcdn.com/bphoto/BwwzIrXnOv2Dyi6FRAbOkQ/l.jpg,https://www.yelp.com/biz/glorietta-5-makati-2
glorietta,glorietta/glorietta_0180.jpg,https://t4.ftcdn.net/jpg/03/46/80/33/360_F_346803354_qGYsIQbCBMkyCv0Kx1dHcKIMnQUErU6X.jpg,https://stock.adobe.com/th/search?k=glorietta
glorietta,glorietta/glorietta_0184.jpg,https://fastly.4sqi.net/img/general/600x600/25506320_kV1vUJr1GJ4bEGIW30RlaSnC5q0XJgowEOBYe_d9x7k.jpg,https://foursquare.com/eksvillasana/list/malls-and-entertainment-centers
glorietta,glorietta/glorietta_0197.jpg,https://c8.alamy.com/comp/H7HKMC/glorietta-4-park-business-district-makati-metro-manila-philippine-H7HKMC.jpg,https://www.alamy.com/stock-photo-glorietta-4-park-business-district-makati-metro-manila-philippine-125163820.html
glorietta,glorietta/glorietta_0198.jpg,https://c8.alamy.com/comp/H7HKKR/glorietta-4-park-business-district-makati-metro-manila-philippine-H7HKKR.jpg,https://storage.googleapis.com/dcbnyyludtgpfe/island-photo-center-glorietta.html
glorietta,glorietta/glorietta_0201.jpg,https://c8.alamy.com/comp/H7HKJY/glorietta-4-park-business-district-makati-metro-manila-philippine-H7HKJY.jpg,https://www.alamy.com/stock-photo-glorietta-4-park-business-district-makati-metro-manila-philippine-125163779.html
glorietta,glorietta/glorietta_0202.jpg,https://c8.alamy.com/comp/H7HKP2/glorietta-4-park-business-district-makati-metro-manila-philippine-H7HKP2.jpg,https://www.alamy.com/stock-photo-glorietta-4-park-business-district-makati-metro-manila-philippine-125163866.html
glorietta,glorietta/glorietta_0205.jpg,https://blogger.googleusercontent.com/img/b/R29vZ2xl/AVvXsEjX05PIAsW4TDrz3y5wqoCEyfdYv5Ya01zdJpmFsc2DJX5y9TbRhU-0UcazJ0JhjHM8ARLSiZ3sQ1VL9a4N9VgFPlwrEOBIVv3rO28DyWZ3QhIrqUftkHEBLRTNL2fwyLYr6CjeGchxQZc/s1600/Glorietta+4+Makati.jpg,https://www.metrostaycation.com/2019/04/ascott-makati.html
glorietta,glorietta/glorietta_0212.jpg,https://coinatmradar.com/img/machines/info62.png,https://coinatmradar.com/bitcoin_teller/93255/bitcoin-teller-makati-czarina-foreign-exchange-glorietta-4/
glorietta,glorietta/glorietta_0219.jpg,https://i.ytimg.com/vi/gcUV-52tRK4/maxresdefault.jpg,https://www.youtube.com/watch?v=gcUV-52tRK4
glorietta,glorietta/glorietta_0221.jpg,https://s3-media0.fl.yelpcdn.com/bphoto/wTjlAFc8HeoQlrqKV0NrHg/o.jpg,https://www.yelp.com/biz/glorietta-4-park-makati
glorietta,glorietta/glorietta_0225.jpg,https://fastly.4sqi.net/img/general/600x600/LJ5J2B2OORIYLMMOU1NLV2RLFG53PRK0YATSITVIVL5KJBF1.jpg,https://foursquare.com/v/glorietta-4-cinema-6/4b7660bcf964a520134a2ee3
glorietta,glorietta/glorietta_0235.jpg,https://i.ytimg.com/vi/A01rbv9dBZ4/maxresdefault.jpg,https://www.youtube.com/watch?v=A01rbv9dBZ4
glorietta,glorietta/glorietta_0236.jpg,https://www.timezonegames.com/media/uigjt44q/0_generic_768_412.jpg,https://www.timezonegames.com/en-ph/locations/metro-manila/timezone-glorietta-4/
glorietta,glorietta/glorietta_0237.jpg,"https://d3fphkxyf5o5bm.cloudfront.net/image-resize/format=webp,w=720/QwRY54Li1HMwD7oNfpvFjQhyuOH0ZcdoTb0WTxanxq",https://mindtrip.ai/attraction/makati-luzon/timezone-glorietta-4/at-4Y9rT4LA
glorietta,glorietta/glorietta_0238.jpg,https://i.ytimg.com/vi/eukn3mG3OmM/oar2.jpg?sqp=-oaymwEkCJUDENAFSFqQAgHyq4qpAxMIARUAAAAAJQAAyEI9AICiQ3gB&rs=AOn4CLDpbrROdr40zSZIPjkfboueAFhYyw,https://www.youtube.com/shorts/eukn3mG3OmM
glorietta,glorietta/glorietta_0240.jpg,https://photos.plugshare.com/photos/1230909.jpg,https://www.plugshare.com/location/516533
glorietta,glorietta/glorietta_0241.jpg,https://primer.com.ph/blog/wp-content/uploads/sites/14/2025/04/Glorietta-5.png,https://primer.com.ph/blog/2025/04/14/holy-week-2025-a-guide-to-restaurant-and-mall-operating-hours-in-metro-manila/
glorietta,glorietta/glorietta_0242.jpg,https://s3-media4.fl.yelpcdn.com/bphoto/BwwzIrXnOv2Dyi6FRAbOkQ/ls.jpg,https://www.yelp.com/biz/glorietta-5-makati-2
glorietta,glorietta/glorietta_0244.jpg,https://s3-media0.fl.yelpcdn.com/bphoto/Kf4KGDpEhUdPnDS33VjOpQ/l.jpg,https://www.yelp.com/biz/glorietta-5-makati-2
glorietta,glorietta/glorietta_0245.jpg,https://ayalalandoffices.com.ph/app/uploads/2016/11/Glorietta-5-with-CVG-signage.jpg,https://storage.googleapis.com/drptnvlizkrjae/glorietta-admin-contact-number.html
glorietta,glorietta/glorietta_0246.jpg,https://i.ytimg.com/vi/ZqD6t3hjse8/maxresdefault.jpg,https://www.youtube.com/watch?v=ZqD6t3hjse8
glorietta,glorietta/glorietta_0247.jpg,https://4.bp.blogspot.com/-bCdmuzpWEl4/U3N63lKi3uI/AAAAAAAANug/8gQ6MC99s_0/s1600/Glorietta+5+Makati.jpg,https://www.pinasmuna.com/2014/05/saboten-philippines-glorietta-5-ayala-makati.html
glorietta,glorietta/glorietta_0248.jpg,https://live.staticflickr.com/5256/5445559617_17ecb88aa4_z.jpg,https://www.flickriver.com/photos/maria_concepcion/5445559617/
glorietta,glorietta/glorietta_0255.jpg,https://pl-light.com/wp-content/uploads/2022/08/Glorietta5_3.jpg,https://pl-light.com/project/glorietta-5/
glorietta,glorietta/glorietta_0256.jpg,"https://cdn.sanity.io/images/4f3ey4m9/production/d8a946e789ea332c10470e52345deb0eab252a88-1347x1044.png?rect=0,170,1347,704&w=1200&h=627&fit=crop&auto=format",https://ayalaland.com/offices/glorietta-5
glorietta,glorietta/glorietta_0262.jpg,https://thumbs.dreamstime.com/b/glorietta-shopping-mall-makati-philippines-83643049.jpg,https://www.dreamstime.com/editorial-stock-image-glorietta-shopping-mall-makati-philippines-image83643049
glorietta,glorietta/glorietta_0270.jpg,https://business.inquirer.net/files/2023/03/Glorietta-Holiday-Inn.jpg,https://business.inquirer.net/389971/ayala-land-to-infuse-crown-jewel-malls-offices-into-areit-via-p22-5-b-swap
glorietta,glorietta/glorietta_0273.jpg,https://d1ef7ke0x2i9g8.cloudfront.net/hong-kong/_regular420/6558317/Glorietta.webp,https://thebeat.asia/manila/nomads/explore/ayala-center-malls-guide
glorietta,glorietta/glorietta_0279.jpg,http://photos.wikimapia.org/p/00/01/50/42/61_big.jpg,https://wikimapia.org/16605049/Glorietta-1-and-Glorietta-2
glorietta,glorietta/glorietta_0281.jpg,https://blogger.googleusercontent.com/img/b/R29vZ2xl/AVvXsEhHB-avSLZn1_IIt3_0CyFV5onai5srW_KOiHmrTA4yv4u4rlfv0k3UJmBfNxVi6kLfMxnZn0MkrGnwjAcU6V4V8cvt5rOpPBtGyNaKlVUJ8jRttOA3HeyYOsKdNHwjbOnK_KqxnVKp8hk/s1600/G407.jpg,https://jrnunezphotos.blogspot.com/2011/08/glorietta-park-photos-makati-city_09.html
glorietta,glorietta/glorietta_0282.jpg,https://blogger.googleusercontent.com/img/b/R29vZ2xl/AVvXsEjMZ4e7STKexmTN50zvuwSEasb25AkFNzylKN1X1axRIb61y3imOsNj1q6uC8PVqNrOATnN7eOlzY9J5Pu5bGCKw8eYOFZXvIgrnqp06j28qZQLT4OYqY8X6h7MsNh9orBeCw0Uyc6RT2w/s1600/G409.jpg,https://jrnunezphotos.blogspot.com/2011/08/glorietta-park-photos-makati-city_09.html
glorietta,glorietta/glorietta_0284.jpg,https://thumbs.dreamstime.com/b/nov-glorietta-park-view-shangri-la-hotel-makati-philippines-103292873.jpg,https://www.dreamstime.com/editorial-stock-image-glorietta-shopping-mall-makati-philippines-image83643194
glorietta,glorietta/glorietta_0286.jpg,https://thumbs.dreamstime.com/z/makati-city-shopping-manila-philippines-november-malls-seen-glorietta-park-metro-one-biggest-urban-areas-world-167205091.jpg,https://www.dreamstime.com/makati-city-shopping-manila-philippines-november-malls-seen-glorietta-park-metro-one-biggest-urban-areas-world-image167205091
glorietta,glorietta/glorietta_0295.jpg,https://i.ytimg.com/vi/bNist9tU5Hg/maxresdefault.jpg,https://www.youtube.com/watch?v=bNist9tU5Hg
glorietta,glorietta/glorietta_0300.jpg,https://media.interaksyon.com/wp-content/uploads/2026/05/Glorietta_80s.jpg,https://interaksyon.philstar.com/trends-spotlights/2026/05/21/313765/nostalgia-video-ai-glorietta-80s-era/
glorietta,glorietta/glorietta_0302.jpg,https://blogger.googleusercontent.com/img/b/R29vZ2xl/AVvXsEhbnqtbZaHKu-dS8vZ8doOO2O24mZyvWYVgPV1wcMy8MoXWpITu_fXcYSMclx5MB4bkWCCOax2JLA7ayM9lEf9d94nU63vR06rLERhonRzTocgIcJAZ-ewTRXHJI23Ba50M0rgofjDNU0w/s1600/G413.jpg,https://jrnunezphotos.blogspot.com/2011/08/glorietta-park-photos-makati-city_09.html
glorietta,glorietta/glorietta_0303.jpg,https://thumbs.dreamstime.com/z/nov-glorietta-park-view-shangri-la-hotel-makati-nov-glorietta-park-view-shangri-la-hotel-makati-philippines-103293959.jpg,https://www.dreamstime.com/nov-glorietta-park-view-shangri-la-hotel-makati-nov-glorietta-park-view-shangri-la-hotel-makati-philippines-image103293959
glorietta,glorietta/glorietta_0304.jpg,https://www.nuku.de/pictures/glorietta-und-greenbelt-malls-in-makati-manila-philippinen-13688-1485.jpg,https://www.nuku.de/archives/2013/02/03/glorietta-und-greenbelt-malls-in-makati.html
greenbelt,glorietta/glorietta_0193.jpg,https://www.nuku.de/pictures/glorietta-und-greenbelt-malls-in-makati-manila-philippinen-13686-1485.jpg,https://www.nuku.de/archives/2013/02/03/glorietta-und-greenbelt-malls-in-makati.html
powerplant_mall,powerplant_mall/powerplant_mall_0000.jpg,https://2.bp.blogspot.com/-vi3IFCV2i-I/TYtsxF4wktI/AAAAAAAAA4w/Y5gnTPlSbCs/s1600/power%2Bplant%2Bmall.png,https://besttravelplaced.blogspot.com/2011/03/how-to-commute-to-rockwell-and-power.html
powerplant_mall,powerplant_mall/powerplant_mall_0003.jpg,https://i.ytimg.com/vi/Wxdfiu-1PY4/maxresdefault.jpg,https://www.youtube.com/watch?v=Wxdfiu-1PY4
powerplant_mall,powerplant_mall/powerplant_mall_0004.jpg,https://live.staticflickr.com/3139/4042216471_2e66798752_z.jpg,https://www.flickr.com/photos/iloilocity/4042216471
powerplant_mall,powerplant_mall/powerplant_mall_0009.jpg,https://c8.alamy.com/comp/2AR0R84/manila-philippines-power-plant-shopping-mall-facade-2AR0R84.jpg,https://ar.inspiredpencil.com/pictures-2023/rockwell-center-mall
powerplant_mall,powerplant_mall/powerplant_mall_0012.jpg,https://3.bp.blogspot.com/-Qf90oWnvEYo/VGMkVg_Rx2I/AAAAAAAAaNY/QMMaqKUYMQE/s1600/Power-plant-mall.png,https://watch-fever.blogspot.com/2014/11/rolex-ad-at-rockwell-powerplant-mall.html
powerplant_mall,powerplant_mall/powerplant_mall_0021.jpg,https://tzmedia.b-cdn.net/media/images/ph/place/max/9b4357f6b8cb8f2c349df0fa69661645.jpg?1582270511,https://trek.zone/en/philippines/places/514908/power-plant-mall-makati
powerplant_mall,powerplant_mall/powerplant_mall_0024.jpg,https://media-cdn.tripadvisor.com/media/photo-s/05/32/6a/c6/power-plant-mall.jpg,https://www.tripadvisor.com.my/ShowUserReviews-g298450-d1896763-r169845521-Power_Plant_Mall-Makati_Metro_Manila_Luzon.html
powerplant_mall,powerplant_mall/powerplant_mall_0026.jpg,https://s3-media4.fl.yelpcdn.com/bphoto/1ngdfUbzawsJLv1j7TaMUg/o.jpg,https://www.yelp.ca/biz/power-plant-mall-makati
powerplant_mall,powerplant_mall/powerplant_mall_0030.jpg,https://i.ytimg.com/vi/LNDLngM3NBo/maxresdefault.jpg,https://www.youtube.com/watch?v=LNDLngM3NBo
powerplant_mall,powerplant_mall/powerplant_mall_0045.jpg,https://i.ytimg.com/vi/7a0QW8S645E/maxresdefault.jpg,https://www.youtube.com/watch?v=7a0QW8S645E
powerplant_mall,powerplant_mall/powerplant_mall_0055.jpg,https://static.getoccupi.com/uploads/mall_photo/photo/13727/manila-philippines-power-plant-shopping-mall-facade-2AR0R8K.jpg,https://getoccupi.com/malls/power-plant-mall
powerplant_mall,powerplant_mall/powerplant_mall_0070.jpg,https://i.ytimg.com/vi/W5SpxvXNg7g/maxresdefault.jpg,https://www.youtube.com/watch?v=W5SpxvXNg7g
powerplant_mall,powerplant_mall/powerplant_mall_0074.jpg,https://media.assettype.com/sunstar%2F2025-02-10%2Fao15y7v7%2F1.jpg?w=1200&ar=40%3A21&auto=format%2Ccompress&ogImage=true&mode=crop&enlarge=true&overlay=false&overlay_position=bottom&overlay_width=100,https://www.sunstar.com.ph/pampanga/power-plant-mall-angeles-the-distinct-rockwell-center-makati-experience-is-arriving-at-angeles-city-pampanga-in-q4-2027
powerplant_mall,powerplant_mall/powerplant_mall_0075.jpg,https://media-cdn.tripadvisor.com/media/photo-s/03/bb/1f/ee/power-plant-mall.jpg,https://www.tripadvisor.com.au/Attraction_Review-g298450-d1896763-Reviews-Power_Plant_Mall-Makati_Metro_Manila_Luzon.html
powerplant_mall,powerplant_mall/powerplant_mall_0076.jpg,https://mb.com.ph/manilabulletin/uploads/images/2026/01/07/70493.webp,https://mb.com.ph/2026/01/07/a-dynamic-property-market-is-seen-in-2026
powerplant_mall,powerplant_mall/powerplant_mall_0094.jpg,https://peopleasia.ph/wp-content/uploads/2022/06/Power-Plant-Mall-Interior.jpeg,https://fity.club/lists/suggestions/Power-Plant-Rockwell-Makati-Philippines/
powerplant_mall,powerplant_mall/powerplant_mall_0101.jpg,https://www.acersteel.net/sites/default/files/powerplant_v1.jpg,https://fity.club/lists/suggestions/Power-Plant-Mall/
powerplant_mall,powerplant_mall/powerplant_mall_0103.jpg,https://c8.alamy.com/comp/2AR0R88/manila-philippines-power-plant-shopping-mall-facade-2AR0R88.jpg,https://ar.inspiredpencil.com/pictures-2023/power-plant-mall-manila
powerplant_mall,powerplant_mall/powerplant_mall_0104.jpg,https://primer.com.ph/blog/wp-content/uploads/sites/14/2020/09/powerplant-e1456475885172.jpg,https://primer.com.ph/blog/2020/09/20/rockwell-power-plant-mall/
powerplant_mall,powerplant_mall/powerplant_mall_0108.jpg,https://i.ytimg.com/vi/WmHAYyruiTA/maxresdefault.jpg,https://www.youtube.com/watch?v=WmHAYyruiTA
powerplant_mall,powerplant_mall/powerplant_mall_0132.jpg,https://media-cdn.tripadvisor.com/media/photo-s/11/db/eb/f6/photo0jpg.jpg,https://www.tripadvisor.com/Attraction_Review-g298450-d1896763-Reviews-Power_Plant_Mall-Makati_Metro_Manila_Luzon.html
powerplant_mall,powerplant_mall/powerplant_mall_0133.jpg,https://media-cdn.tripadvisor.com/media/photo-s/1b/b7/ec/52/esterno.jpg,https://ar.inspiredpencil.com/pictures-2023/powerplant-mall-map
powerplant_mall,powerplant_mall/powerplant_mall_0143.jpg,https://primer.com.ph/feature/wp-content/uploads/sites/15/2024/07/Power-Plant-Mall-768x576.jpg,https://primer.com.ph/feature/rockwell-center-philippines-premier-lifestyle-neighborhood/
powerplant_mall,powerplant_mall/powerplant_mall_0144.jpg,https://housinginteractive.com.ph/blog/wp-content/uploads/2024/10/Rockwell.jpg,https://ar.inspiredpencil.com/pictures-2023/powerplant-mall-starbucks
powerplant_mall,powerplant_mall/powerplant_mall_0146.jpg,https://media.licdn.com/dms/image/v2/D5622AQHafC8w1esQLg/feedshare-shrink_800/feedshare-shrink_800/0/1714371196403?e=2147483647&v=beta&t=jVBvJlkH88FNSR-2dRVbnpZHYcWVs19cu-ZMLoUwN-w,https://www.linkedin.com/posts/rockwell-land-corporation_rockwells-upcoming-icon-power-plant-mall-activity-7190635928049053696-CYEV
powerplant_mall,powerplant_mall/powerplant_mall_0147.jpg,https://www.rockwell-nepo.com/uploads/3/1/9/2/3192807/published/rockwell-nepo-2022-render.jpeg?1661921823,https://ar.inspiredpencil.com/pictures-2023/rockwell-center-mall
powerplant_mall,powerplant_mall/powerplant_mall_0153.jpg,https://i.ytimg.com/vi/89lMSf551Bg/maxresdefault.jpg,https://www.youtube.com/watch?v=89lMSf551Bg
powerplant_mall,powerplant_mall/powerplant_mall_0155.jpg,https://www.pburgos.net/media/posts/11/power-plant-mall-xmas-1.jpg,https://www.pburgos.net/power-plant-mall-rockwell.html
powerplant_mall,powerplant_mall/powerplant_mall_0162.jpg,https://cdn.tatlerasia.com/tatlerasia/i/2022/02/17085852-power-plant-mall-facade-day_cover_1350x1050.jpg,https://ar.inspiredpencil.com/pictures-2023/powerplant-mall-map
powerplant_mall,powerplant_mall/powerplant_mall_0163.jpg,https://images.preview.ph/preview/images/2025/02/03/power-plant-mall-1738518282.jpg,https://ar.inspiredpencil.com/pictures-2023/power-plant-mall-manila
powerplant_mall,powerplant_mall/powerplant_mall_0164.jpg,https://ak-d.tripcdn.com/images/0104122343r9x0kki0C88_W_400_0_R5_Q90.jpg?proc=source/trip,https://ar.inspiredpencil.com/pictures-2023/powerplant-mall
powerplant_mall,powerplant_mall/powerplant_mall_0165.jpg,https://media-cdn.tripadvisor.com/media/photo-s/04/ba/c9/f7/front-entrance-view.jpg,https://fity.club/lists/suggestions/Power-Plant-Mall/
powerplant_mall,powerplant_mall/powerplant_mall_0166.jpg,https://blogger.googleusercontent.com/img/b/R29vZ2xl/AVvXsEhaloL3gb2p4al_cU-b0uopgU6UcVdxVWpmsea7zO8vcGZCKBFj7eA4M4avqJIDJtQ1TRwqM_XgXZKD2xreMv_mW2KpCL6DYnTkJGJBPXVyjEwEW5O98CilMBNydmukgacklqMUcpmCvQYF81ZldDWEbDNWsMAjsGm690LjmjMVJole712agItmWuobSkE/w640-h474/600907949.jpg,https://www.morefunwithjuan.com/2025/08/power-plant-mall-implements-new-parking.html
powerplant_mall,powerplant_mall/powerplant_mall_0167.jpg,https://lh5.ggpht.com/_C9zOzLEte2o/S24gT1iTahI/AAAAAAAAC78/0VQyc0EQ4KY/s800/power-plant-zara.jpg,https://manila-photos.blogspot.com/2010/02/ubiquitous.html
powerplant_mall,powerplant_mall/powerplant_mall_0168.jpg,https://i.ytimg.com/vi/T4vkIM4_eRI/maxresdefault.jpg,https://www.youtube.com/watch?v=T4vkIM4_eRI
powerplant_mall,powerplant_mall/powerplant_mall_0169.jpg,https://i.ytimg.com/vi/wpce6O-Dr00/maxresdefault.jpg,https://www.youtube.com/watch?v=wpce6O-Dr00
powerplant_mall,powerplant_mall/powerplant_mall_0170.jpg,https://dynamic-media-cdn.tripadvisor.com/media/photo-o/16/34/4b/3a/20190123-194028-largejpg.jpg?w=1400&h=-1&s=1,https://www.tripadvisor.com.ph/Attraction_Review-g298450-d1896763-Reviews-Power_Plant_Mall-Makati_Metro_Manila_Luzon.html
powerplant_mall,powerplant_mall/powerplant_mall_0215.jpg,https://rareph.com/wp-content/uploads/2025/09/RARE-Digest-Rockwell-vs-BGC-What-It-Feels-Like-to-Live-in-Rockwell-Makati-Powerplant-Mall-Crossing-from-Edades.jpg,https://rareph.com/rockwell-vs-bgc-living-in-rockwell-makati/
powerplant_mall,powerplant_mall/powerplant_mall_0231.jpg,https://primer.com.ph/feature/wp-content/uploads/sites/15/2024/07/20240628_165223-768x576.jpg,https://primer.com.ph/feature/rockwell-center-philippines-premier-lifestyle-neighborhood/
powerplant_mall,powerplant_mall/powerplant_mall_0232.jpg,https://i.ytimg.com/vi/1dltRdnhA40/sddefault.jpg,https://fity.club/lists/suggestions/Rockwell-Center-Makati-City-Philippines/
makati_city_hall,makati_city_hall/makati_city_hall_0000.jpg,https://newsinfo.inquirer.net/files/2016/02/06makati-hall-620x413.jpg,https://newsinfo.inquirer.net/1730864/makati-city-unveils-online-health-clearance-application-system
makati_city_hall,makati_city_hall/makati_city_hall_0003.jpg,https://cdn.manilastandard.net/wp-content/uploads/2023/11/makati-city-hall-768x503.jpg,https://manilastandard.net/news/314534546/makati-allots-p23-75m-for-storm-hit-lgus.html
makati_city_hall,makati_city_hall/makati_city_hall_0004.jpg,https://www.rappler.com/tachyon/2025/02/Makati-City-Hall-Facade.png,https://www.rappler.com/philippines/metro-manila/makati-city-revenue-january-2025/
makati_city_hall,makati_city_hall/makati_city_hall_0006.jpg,https://c8.alamy.com/comp/J6P6K9/the-makati-city-halls-quadrangle-complex-is-a-prominent-government-J6P6K9.jpg,https://www.alamy.com/stock-photo-the-makati-city-halls-quadrangle-complex-is-a-prominent-government-141859069.html
makati_city_hall,makati_city_hall/makati_city_hall_0010.jpg,https://mb.com.ph/manilabulletin/uploads/images/2025/07/11/25848.webp,https://mb.com.ph/2025/07/11/makati-lgu-streamlines-yellow-card-application-process-for-makatizens
makati_city_hall,makati_city_hall/makati_city_hall_0014.jpg,https://wwfph.awsassets.panda.org/img/original/image1.jpg,https://www.wwf.org.ph/?703001/Makati-City-is-the-National-Winner-of-WWFs-One-Planet-City-Challenge-2024
makati_city_hall,makati_city_hall/makati_city_hall_0015.jpg,https://cdn.manilastandard.net/wp-content/uploads/2025/05/makati-city-hall.jpg,https://manilastandard.net/lgu/314598917/makati-hits-p14-2-billion-in-locally-sourced-revenues.html
makati_city_hall,makati_city_hall/makati_city_hall_0016.jpg,https://live.staticflickr.com/4114/4773485847_4fcac6a325_b.jpg,https://www.flickr.com/photos/spagirl2006/4773485847
makati_city_hall,makati_city_hall/makati_city_hall_0017.jpg,https://c8.alamy.com/comp/J6P6FB/09607-makati-city-halls-quadrangle-complex-jose-rizal-monument-07-J6P6FB.jpg,https://www.alamy.com/stock-photo-09607-makati-city-halls-quadrangle-complex-jose-rizal-monument-07-141858959.html
makati_city_hall,makati_city_hall/makati_city_hall_0018.jpg,https://c8.alamy.com/comp/J6P6G0/09607-makati-city-halls-quadrangle-complex-jose-rizal-monument-23-J6P6G0.jpg,https://www.alamy.com/stock-photo-09607-makati-city-halls-quadrangle-complex-jose-rizal-monument-23-141858976.html
makati_city_hall,makati_city_hall/makati_city_hall_0019.jpg,https://images.pond5.com/makati-cityhall-manila-philippines-038605009_prevstill.jpeg,https://fity.club/lists/suggestions/Makati-City-Hall/
makati_city_hall,makati_city_hall/makati_city_hall_0020.jpg,https://c8.alamy.com/comp/J6P6MN/09697-makati-city-halls-quadrangle-complex-jose-rizal-monument-35-J6P6MN.jpg,https://www.alamy.com/stock-photo-09697-makati-city-halls-quadrangle-complex-jose-rizal-monument-35-141859109.html
makati_city_hall,makati_city_hall/makati_city_hall_0021.jpg,https://c8.alamy.com/comp/J6P6KT/09697-makati-city-halls-quadrangle-complex-jose-rizal-monument-21-J6P6KT.jpg,https://www.alamy.com/stock-photo-09697-makati-city-halls-quadrangle-complex-jose-rizal-monument-21-141859084.html
makati_city_hall,makati_city_hall/makati_city_hall_0022.jpg,https://c8.alamy.com/comp/J6P6EG/the-makati-city-hall-quadrangle-complex-located-in-makati-philippines-J6P6EG.jpg,https://www.alamy.com/stock-photo-the-makati-city-hall-quadrangle-complex-located-in-makati-philippines-141858936.html
makati_city_hall,makati_city_hall/makati_city_hall_0023.jpg,https://lh4.googleusercontent.com/-UAITh5QVcto/TXC6xhbN2eI/AAAAAAAAACY/YsKL1WcgWp4/s1600/makati-city-hall.jpg,https://philippinesthebeautywithin.blogspot.com/2011/03/images-of-city-halls-in-philippines.html
makati_city_hall,makati_city_hall/makati_city_hall_0025.jpg,https://c8.alamy.com/comp/J6P6FT/09607-makati-city-halls-quadrangle-complex-jose-rizal-monument-19-J6P6FT.jpg,https://www.alamy.com/stock-photo-09607-makati-city-halls-quadrangle-complex-jose-rizal-monument-19-141858972.html
makati_city_hall,makati_city_hall/makati_city_hall_0027.jpg,https://live.staticflickr.com/3272/2758524003_d361f7395a_b.jpg,https://www.flickr.com/photos/johntewell/2758524003/
makati_city_hall,makati_city_hall/makati_city_hall_0028.jpg,https://newsinfo.inquirer.net/files/2014/07/makati-parking-area.jpg,https://newsinfo.inquirer.net/631046/mayor-binay-says-makati-city-hall-2-a-world-class-building
makati_city_hall,makati_city_hall/makati_city_hall_0029.jpg,https://c8.alamy.com/comp/J6P6MD/09697-makati-city-halls-quadrangle-complex-jose-rizal-monument-29-J6P6MD.jpg,https://www.alamy.com/stock-photo-09697-makati-city-halls-quadrangle-complex-jose-rizal-monument-29-141859101.html
makati_city_hall,makati_city_hall/makati_city_hall_0030.jpg,https://c8.alamy.com/comp/J6P6HW/09652-makati-city-halls-quadrangle-complex-jose-rizal-monument-20-J6P6HW.jpg,https://www.alamy.com/stock-photo-09652-makati-city-halls-quadrangle-complex-jose-rizal-monument-20-141859029.html
makati_city_hall,makati_city_hall/makati_city_hall_0031.jpg,https://4.bp.blogspot.com/-XxpCf7P69fU/XCZQQec49rI/AAAAAAAAhuY/Hle3l06lFGIfGLeJqhfb1F76f5tRbamaQCLcBGAs/s1600/Slide11.jpg,https://zurielshots.blogspot.com/2018/10/makati-city-hall.html
makati_city_hall,makati_city_hall/makati_city_hall_0032.jpg,https://images.gmanews.tv/v3/webpics/v3/2014/08/2014_08_19_15_14_43.jpg,https://www.gmanetwork.com/news/topstories/nation/378010/makati-building-ii-contractor-also-worked-on-other-govt-buildings/story/
makati_city_hall,makati_city_hall/makati_city_hall_0033.jpg,https://blogger.googleusercontent.com/img/b/R29vZ2xl/AVvXsEiQ7tjXC5vea6y2NwqnDweWoq1JUMFSjXOJtVEfhGMHPJLJaXXC-38UkFGlVOpA8K4FIwlNNTPXRncHzXK-34KPs31OBaXSrhWtGh7jhEoHndggidiTGt4NoY46ghb0xXEIWGPNeZFhXpA/s1600/Slide13.jpg,https://zurielshots.blogspot.com/2018/10/makati-city-hall.html
makati_city_hall,makati_city_hall/makati_city_hall_0034.jpg,https://c8.alamy.com/comp/J6P6F3/the-makati-city-hall-quadrangle-complex-features-a-prominent-monument-J6P6F3.jpg,https://fity.club/lists/suggestions/Makati-City-Hall-2017/
makati_city_hall,makati_city_hall/makati_city_hall_0036.jpg,https://c8.alamy.com/comp/J6P6KX/the-makati-city-hall-quadrangle-complex-is-a-central-civic-space-in-J6P6KX.jpg,https://www.alamy.com/stock-photo-the-makati-city-hall-quadrangle-complex-is-a-central-civic-space-in-141859086.html
makati_city_hall,makati_city_hall/makati_city_hall_0037.jpg,https://c8.alamy.com/comp/J6P6EN/this-image-shows-the-makati-city-halls-quadrangle-complex-in-the-philippines-J6P6EN.jpg,https://www.alamy.com/stock-photo-this-image-shows-the-makati-city-halls-quadrangle-complex-in-the-philippines-141858941.html
makati_city_hall,makati_city_hall/makati_city_hall_0040.jpg,https://business.inquirer.net/files/2024/09/832818.jpeg,https://fity.club/lists/suggestions/Makati-City-Hall/
makati_city_hall,makati_city_hall/makati_city_hall_0041.jpg,https://c8.alamy.com/comp/J6P6MC/09697-makati-city-halls-quadrangle-complex-jose-rizal-monument-27-J6P6MC.jpg,https://www.alamy.com/stock-photo-09697-makati-city-halls-quadrangle-complex-jose-rizal-monument-27-141859100.html
makati_city_hall,makati_city_hall/makati_city_hall_0044.jpg,https://www.rappler.com/tachyon/r3-assets/612F469A6EA84F6BAE882D2B94A4B421/img/B435E755E47A4F2A8F11F3F3BD843C2E/makati-city-hall-makatiphoto-20140723-1.jpg,https://www.rappler.com/video/66741-live-senate-hearing-overpricing-makati-city-hall-parking-building/
makati_city_hall,makati_city_hall/makati_city_hall_0045.jpg,https://i0.wp.com/farm4.staticflickr.com/3883/14975767707_64ef828fac_b.jpg?ssl=1,https://www.theurbanroamer.com/makati-city-hall-complex/
makati_city_hall,makati_city_hall/makati_city_hall_0046.jpg,https://1.bp.blogspot.com/-l59ujESedp0/VGLgjCkk2dI/AAAAAAAAHAs/udhqd379W54/s640/Makati_City_Hall.jpg,https://suertrestips.blogspot.com/2014/11/article-as-it-happens-senate-hearing-on.html
makati_city_hall,makati_city_hall/makati_city_hall_0047.jpg,https://lh3.googleusercontent.com/-FxSMTkB9Ayg/TXC7AwdDqmI/AAAAAAAAACc/NvRDzE2p3Hw/s1600/makati-city-hall.2.jpg,https://philippinesthebeautywithin.blogspot.com/2011/03/images-of-city-halls-in-philippines.html
makati_city_hall,makati_city_hall/makati_city_hall_0049.jpg,https://pageone.ph/wp-content/uploads/2020/10/20200729-PAGEONE-Makati-City-hall.jpg,https://pageone.ph/10k-makati-city-hall-workers-get-free-face-masks-shields/
makati_city_hall,makati_city_hall/makati_city_hall_0050.jpg,https://blogger.googleusercontent.com/img/b/R29vZ2xl/AVvXsEhn-OF9uu_gZPd14q81kA5RGOvUgsCXSZ2mkAtTbumciKNVFn6BY-nLslLhXIB34XhJJyWIxYzRBT8YFrWrcbWCrHEhNUxhkw4tQJeNymBreWjw2S6ktuQhDJhKyb24X6x9pMUI_TCMZI7j/s1600/Makati_City_Hall_1.jpg,https://www.morefunwithjuan.com/2023/10/metro-manila-city-hall.html?m=0
makati_city_hall,makati_city_hall/makati_city_hall_0051.jpg,https://eco-business.imgix.net/uploads/ebmedia/fileuploads/wp_uploads/2012/01/makaticityhall.jpg?fit=crop&h=960&ixlib=django-1.2.0&w=1440,https://fity.club/lists/suggestions/Makati-City-Hall/
makati_city_hall,makati_city_hall/makati_city_hall_0064.jpg,https://fastly.4sqi.net/img/general/600x600/10638134__QMuoYPvLzKF5VipLZ0ZTx9SVDgsiNmhgvUtkim-t8U.jpg,https://foursquare.com/v/makati-city-hall/4ba988eaf964a5201c2d3ae3
makati_city_hall,makati_city_hall/makati_city_hall_0065.jpg,https://3.bp.blogspot.com/_SjI4nYVpcK8/TFfyH712NNI/AAAAAAAAACk/WYx4PEaSb-o/s1600/P2160681.JPG,https://icalia08.blogspot.com/2010/08/whole-view-of-makati-city-hall.html
makati_city_hall,makati_city_hall/makati_city_hall_0066.jpg,https://s3-media2.fl.yelpcdn.com/bphoto/Zy3bctyCEO4spoE-iaL--g/o.jpg,https://www.yelp.com/biz/makati-city-hall-makati
makati_city_hall,makati_city_hall/makati_city_hall_0067.jpg,https://c8.alamy.com/comp/J6P6K3/09697-makati-city-halls-quadrangle-complex-jose-rizal-monument-03-J6P6K3.jpg,https://fity.club/lists/suggestions/Makati-City-Hall-Address/
makati_city_hall,makati_city_hall/makati_city_hall_0068.jpg,https://c8.alamy.com/comp/J6P6K2/the-makati-city-halls-quadrangle-complex-is-a-significant-urban-area-J6P6K2.jpg,https://www.alamy.com/stock-photo-the-makati-city-halls-quadrangle-complex-is-a-significant-urban-area-141859062.html
makati_city_hall,makati_city_hall/makati_city_hall_0069.jpg,https://3.bp.blogspot.com/-w8SFcKVAn4U/VbGqhiFj94I/AAAAAAAAJ2o/Z6bDJ2p42k4/s1600/Makati.jpg,https://hamsternice.blogspot.com/2015/08/philippines-most-beautiful-city-halls.html
makati_city_hall,makati_city_hall/makati_city_hall_0070.jpg,https://l450v.alamy.com/450v/j6p6jw/the-makati-city-hall-quadrangle-complex-is-a-government-center-in-j6p6jw.jpg,https://www.alamy.com/stock-photo-the-makati-city-hall-quadrangle-complex-is-a-key-landmark-in-makati-141848860.html
makati_city_hall,makati_city_hall/makati_city_hall_0071.jpg,https://c8.alamy.com/comp/J6P6HF/09652-makati-city-halls-quadrangle-complex-jose-rizal-monument-11-J6P6HF.jpg,https://fity.club/lists/suggestions/makati-city-hall-logo/
makati_city_hall,makati_city_hall/makati_city_hall_0072.jpg,https://c8.alamy.com/comp/J6P6KD/09697-makati-city-halls-quadrangle-complex-jose-rizal-monument-12-J6P6KD.jpg,https://www.alamy.com/stock-photo-09697-makati-city-halls-quadrangle-complex-jose-rizal-monument-12-141859073.html
makati_city_hall,makati_city_hall/makati_city_hall_0073.jpg,https://i.pinimg.com/736x/11/de/1c/11de1c5691028244c4f7dd7b04790663.jpg,https://www.pinterest.com/pin/makati-city-hall-skyscraper-with-clock-face--771945192361798481/
makati_city_hall,makati_city_hall/makati_city_hall_0074.jpg,https://i.pinimg.com/736x/d7/25/02/d72502e0a3bc7194b04ed17c0504c965.jpg,https://fity.club/lists/suggestions/Makati-City-Hall/
makati_city_hall,makati_city_hall/makati_city_hall_0075.jpg,https://c8.alamy.com/comp/J6P6JG/the-makati-city-hall-quadrangle-complex-houses-the-jose-rizal-monument-J6P6JG.jpg,https://www.alamy.com/stock-photo-the-makati-city-hall-quadrangle-complex-houses-the-jose-rizal-monument-141859048.html
makati_city_hall,makati_city_hall/makati_city_hall_0076.jpg,https://c8.alamy.com/comp/J6P6G3/the-makati-city-halls-quadrangle-complex-features-a-prominent-jose-J6P6G3.jpg,https://www.alamy.com/stock-photo-the-makati-city-halls-quadrangle-complex-features-a-prominent-jose-141858979.html
makati_city_hall,makati_city_hall/makati_city_hall_0077.jpg,https://www.archify.com/files/professional/projects/s/7vgjswu4e8.jpg,https://www.archify.com/ph/project/makati-city-hall
makati_city_hall,makati_city_hall/makati_city_hall_0079.jpg,https://c8.alamy.com/comp/J6P6FW/a-depiction-of-the-makati-city-halls-quadrangle-complex-and-the-jose-J6P6FW.jpg,https://www.alamy.com/stock-photo-a-depiction-of-the-makati-city-halls-quadrangle-complex-and-the-jose-141858973.html
makati_city_hall,makati_city_hall/makati_city_hall_0080.jpg,https://live.staticflickr.com/3509/3768920732_04ebde2491_b.jpg,https://www.flickr.com/photos/40893334@N05/3768920732
makati_city_hall,makati_city_hall/makati_city_hall_0081.jpg,https://i0.wp.com/farm6.staticflickr.com/5558/15162413975_20bc38c88f_b.jpg?ssl=1,https://www.theurbanroamer.com/makati-city-hall-complex/
makati_city_hall,makati_city_hall/makati_city_hall_0082.jpg,https://od2-image-api.abs-cbn.com/prod/2025062916068/636ace63ff14c2de830be2143947a2f56fe543237198a9b87b8b9da12e74f049.jpg,https://www.abs-cbn.com/news/nation/2025/6/29/makati-city-hall-employees-get-permanent-status-promotion-2357
makati_city_hall,makati_city_hall/makati_city_hall_0087.jpg,https://www.radyolaverdad.com/wp-content/uploads/2015/03/makati-city-hall.jpg,https://www.radyolaverdad.com/pasahod-ng-mga-empleyado-ng-makati-city-hall-inaasikaso-na-ni-acting-mayor-romulo-pena/
makati_city_hall,makati_city_hall/makati_city_hall_0094.jpg,https://live.staticflickr.com/3280/3015397782_92355b5e83_b.jpg,https://www.flickr.com/photos/oktober/3015397782/
makati_city_hall,makati_city_hall/makati_city_hall_0095.jpg,https://c8.alamy.com/comp/J6P6JF/this-image-shows-the-makati-city-hall-and-its-surrounding-quadrangle-J6P6JF.jpg,https://www.alamy.com/stock-photo-this-image-shows-the-makati-city-hall-and-its-surrounding-quadrangle-141859047.html
makati_city_hall,makati_city_hall/makati_city_hall_0096.jpg,https://i.ytimg.com/vi/F2jTr0QzI4I/maxresdefault.jpg,https://fity.club/lists/suggestions/Makati-City-Hall/
makati_city_hall,makati_city_hall/makati_city_hall_0097.jpg,https://abogado.com.ph/wp-content/uploads/2024/02/makati.jpg,https://abogado.com.ph/makati-parking-building-contractor-architect-insist-on-inspection-of-fact-finding-probe-documents/
makati_city_hall,makati_city_hall/makati_city_hall_0119.jpg,https://live.staticflickr.com/2273/2292835564_55d96cf19f_b.jpg,https://fity.club/lists/suggestions/Makati-City-Hall/
makati_city_hall,makati_city_hall/makati_city_hall_0120.jpg,https://media.gettyimages.com/id/1227067081/photo/makati-city-hall-and-a-glimpse-of-the-mountain-in-calabarzon-philippines.jpg?s=612x612&w=gi&k=20&c=nSrIeHWVFFIZr61J8qazVKYkTq4QmGxCJ9h7f4lZrDU=,https://www.gettyimages.ie/photos/makati-city-hall
makati_city_hall,makati_city_hall/makati_city_hall_0121.jpg,https://c8.alamy.com/comp/J6P6E9/the-makati-city-hall-quadrangle-complex-is-a-notable-public-space-J6P6E9.jpg,https://www.alamy.com/stock-photo-the-makati-city-hall-quadrangle-complex-is-a-notable-public-space-141858929.html
makati_city_hall,makati_city_hall/makati_city_hall_0122.jpg,https://www.rappler.com/tachyon/2025/02/Makati-City-Hall-Facade.png?resize=545%2C540&crop=235px%2C0px%2C540px%2C540px&zoom=1.5,https://www.rappler.com/philippines/metro-manila/l15442329-ncr-makati-city/
makati_city_hall,makati_city_hall/makati_city_hall_0138.jpg,https://primer.com.ph/blog/wp-content/uploads/sites/14/2019/09/makati-city-hall-768x513.jpg,https://primer.com.ph/blog/2019/09/11/makati-ranks-4th-safest-city-in-southeast-asia/
makati_city_hall,makati_city_hall/makati_city_hall_0140.jpg,https://www.eaglenews.ph/wp-content/uploads/2015/03/makati-city-hall-back-to-normal.jpg,https://www.eaglenews.ph/makati-city-hall-back-to-normal/
makati_city_hall,makati_city_hall/makati_city_hall_0141.jpg,https://i.ytimg.com/vi/AvcrzvuKV8w/hqdefault.jpg,https://www.youtube.com/watch?v=AvcrzvuKV8w
makati_city_hall,makati_city_hall/makati_city_hall_0146.jpg,https://radyo.inquirer.net/files/2017/01/makati-city-hall.jpg,https://radyo.inquirer.net/161632/kuleksyon-sa-buwis-ng-makati-city-mas-mataas-ng-p815m
makati_city_hall,makati_city_hall/makati_city_hall_0205.jpg,https://livedoor.blogimg.jp/location_ph/imgs/c/1/c176401b.jpg,https://1stcall.blog.jp/archives/1615227.html
makati_city_hall,makati_city_hall/makati_city_hall_0224.jpg,https://c8.alamy.com/comp/J6P6K6/09697-makati-city-halls-quadrangle-complex-jose-rizal-monument-05-J6P6K6.jpg,https://www.alamy.com/stock-photo-09697-makati-city-halls-quadrangle-complex-jose-rizal-monument-05-141859066.html
makati_city_hall,makati_city_hall/makati_city_hall_0225.jpg,https://www.rappler.com/tachyon/2024/12/Old_and_new_Makati_City_Hall.jpg?resize=1600%2C1000&zoom=1,https://www.rappler.com/philippines/metro-manila/confidential-funds-expenses-metro-manila-cities-coa-reports-2023/
makati_city_hall,makati_city_hall/makati_city_hall_0226.jpg,https://media.gettyimages.com/id/83264556/video/makati-city-hall-metro-manila-philippines.jpg?s=640x640&k=20&c=u16W5FY4_sUgoi9CjYJsnyYkwCx1zukpu1KbdxCSICI=,https://www.gettyimages.com/videos/makati-city
makati_city_hall,makati_city_hall/makati_city_hall_0227.jpg,https://c8.alamy.com/comp/J6P6H6/this-image-depicts-the-makati-city-halls-quadrangle-complex-featuring-J6P6H6.jpg,https://www.alamy.com/stock-photo-this-image-depicts-the-makati-city-halls-quadrangle-complex-featuring-141859010.html
makati_city_hall,makati_city_hall/makati_city_hall_0228.jpg,https://c8.alamy.com/comp/J6P6FY/the-image-shows-the-jose-rizal-monument-in-the-makati-city-halls-quadrangle-J6P6FY.jpg,https://www.alamy.com/stock-photo-the-image-shows-the-jose-rizal-monument-in-the-makati-city-halls-quadrangle-141858975.html
makati_city_hall,makati_city_hall/makati_city_hall_0229.jpg,https://metromanila.politiko.com.ph/wp-content/uploads/2024/09/makati.jpg,https://metromanila.politiko.com.ph/2024/09/14/makati-council-approves-ordinance-for-pay-increase-for-city-govt-employees/headlines/
makati_city_hall,makati_city_hall/makati_city_hall_0238.jpg,https://c8.alamy.com/comp/J6P6JY/the-makati-city-hall-quadrangle-complex-is-a-key-administrative-area-J6P6JY.jpg,https://www.alamy.com/stock-photo-the-makati-city-hall-quadrangle-complex-is-a-key-administrative-area-141859059.html
makati_city_hall,makati_city_hall/makati_city_hall_0240.jpg,https://c8.alamy.com/comp/J6P6EJ/the-makati-city-hall-quadrangle-complex-features-a-prominent-jose-J6P6EJ.jpg,https://www.alamy.com/stock-photo-the-makati-city-hall-quadrangle-complex-features-a-prominent-jose-141858938.html
ayala_museum,ayala_museum/ayala_museum_0000.jpg,https://cdn.tatlerasia.com/tatlerasia/i/2025/05/09081842-the-facade-of-the-ayala-museum-in-makati-city-photo-the-ayala-foundation_cover_1500x1200.jpg,https://www.tatlerasia.com/lifestyle/travel/the-ultimate-guide-to-metro-manila
ayala_museum,ayala_museum/ayala_museum_0001.jpg,https://www.phtourguide.com/wp-content/uploads/2011/01/Ayala-Museum.jpg,https://www.phtourguide.com/ayala-museum-in-makati/
ayala_museum,ayala_museum/ayala_museum_0002.jpg,https://dynamic-media-cdn.tripadvisor.com/media/photo-o/13/1a/67/3f/img-20180529-150647-largejpg.jpg?w=1200&h=1200&s=1,https://www.tripadvisor.com.ph/Attraction_Review-g298450-d809723-Reviews-Ayala_Museum-Makati_Metro_Manila_Luzon.html
ayala_museum,ayala_museum/ayala_museum_0003.jpg,https://dynamic-media-cdn.tripadvisor.com/media/photo-o/16/a8/c2/95/20190212-090526-largejpg.jpg?w=1400&h=-1&s=1,https://www.tripadvisor.in/Attraction_Review-g298450-d809723-Reviews-Ayala_Museum-Makati_Metro_Manila_Luzon.html
ayala_museum,ayala_museum/ayala_museum_0004.jpg,"https://static.wixstatic.com/media/1bce5d_c53e905e196e421b8ea9e021d4df2056~mv2.jpg/v1/fill/w_980,h_735,al_c,q_85,usm_0.66_1.00_0.01,enc_avif,quality_auto/1bce5d_c53e905e196e421b8ea9e021d4df2056~mv2.jpg",https://www.kgmresorts.com/post/ayala-museum
ayala_museum,ayala_museum/ayala_museum_0005.jpg,https://d1ef7ke0x2i9g8.cloudfront.net/hong-kong/Ayala-Museum.jpg,https://thebeat.asia/manila/vibe/happenings/ayala-museum-learning-from-the-filipino-past-to-inform-our-future
ayala_museum,ayala_museum/ayala_museum_0006.jpg,https://c8.alamy.com/comp/GJFM6R/ayala-museum-ayala-centre-makati-manila-philippines-GJFM6R.jpg,https://www.alamy.com/stock-photo-ayala-museum-ayala-centre-makati-manila-philippines-114671167.html
ayala_museum,ayala_museum/ayala_museum_0007.jpg,"https://res.klook.com/images/fl_lossy.progressive,q_65/c_fill,w_1295,h_720,f_auto/w_80,x_15,y_15,g_south_west,l_klook_water/activities/x8z6kbo8sexjqg17twce/MakatiMuseumTour.jpg",https://www.klook.com/activity/3265-makati-museum-tour-manila/
ayala_museum,ayala_museum/ayala_museum_0008.jpg,https://silverkris.singaporeair.com/wp-content/uploads/2019/06/shutterstock_1259606539.jpg,https://fity.club/lists/suggestions/Ayala-Museum-Manila/
ayala_museum,ayala_museum/ayala_museum_0009.jpg,https://a.cdn-hotels.com/gdcs/production33/d1249/ffefed57-44c2-49bd-9c5d-c0cd5e830bbd.jpg,https://www.hotels.com/go/philippines/ayala-museum-manila
ayala_museum,ayala_museum/ayala_museum_0010.jpg,https://media-cdn.tripadvisor.com/media/photo-s/16/39/0e/c9/20190124-092330-largejpg.jpg,https://www.tripadvisor.com.ph/Attraction_Review-g298450-d809723-Reviews-Ayala_Museum-Makati_Metro_Manila_Luzon.html
ayala_museum,ayala_museum/ayala_museum_0011.jpg,https://blogger.googleusercontent.com/img/b/R29vZ2xl/AVvXsEjZo1GR2W2E8WkdcLozZt_MTzsk2whbg4A9bkvqn_mJzfu2ixyJeR6zPuJQrMESgVbgXZyfdMAnNd0oykT3IWHOa2KCz1DA1-o-89sXbfQNS4JFXKszhJrgBEq6N2TzX9AA6uiSJJkQQEh-/s640/DSCN6701.JPG,https://www.budgetbiyahera.com/2017/03/art-history-fix-at-ayala-museum-makati.html?m=0
ayala_museum,ayala_museum/ayala_museum_0012.jpg,https://tzmedia.b-cdn.net/media/images/ph/place/800/4692292cb4eb5f788ee0c72718faf981.jpg?1582270511,https://trek.zone/en/philippines/places/69776/ayala-museum-makati
ayala_museum,ayala_museum/ayala_museum_0013.jpg,https://hblimg.mmtcdn.com/content/hubble/img/maniladestimages/mmt/activities/t_ufs/m_Ayala_Museum_1_l_480_640.jpg,https://www.makemytrip.com/tripideas/museums-manila
ayala_museum,ayala_museum/ayala_museum_0014.jpg,https://c8.alamy.com/comp/GJGJ3H/ayala-museum-makati-metro-manila-philippines-GJGJ3H.jpg,https://www.alamy.com/stock-photo-ayala-museum-makati-metro-manila-philippines-114691461.html
ayala_museum,ayala_museum/ayala_museum_0015.jpg,https://thumbs.dreamstime.com/z/ayala-museum-manila-philippines-december-people-visit-makati-city-metro-one-biggest-urban-areas-world-million-260976267.jpg,https://www.dreamstime.com/ayala-museum-manila-philippines-december-people-visit-makati-city-metro-one-biggest-urban-areas-world-million-image260976267
ayala_museum,ayala_museum/ayala_museum_0016.jpg,https://i0.wp.com/c1.staticflickr.com/9/8599/28052834803_ac5ec7baa3_b.jpg?ssl=1,https://www.theurbanroamer.com/ayala-museum/
ayala_museum,ayala_museum/ayala_museum_0017.jpg,https://s3-media3.fl.yelpcdn.com/bphoto/pWAwB1tj-01onCzXe9h3aQ/o.jpg,https://www.yelp.com/biz/ayala-museum-makati-2
ayala_museum,ayala_museum/ayala_museum_0018.jpg,https://media.interaksyon.com/wp-content/uploads/2018/10/ayala-museum-makati-philippines.jpg,https://interaksyon.philstar.com/trends-spotlights/2018/10/03/135046/ayala-museum-international-award-oscars/
ayala_museum,ayala_museum/ayala_museum_0019.jpg,https://c8.alamy.com/comp/2SBBG61/ayala-museum-in-makati-city-philippines-2SBBG61.jpg,https://www.alamy.com/ayala-museum-in-makati-city-philippines-image643799017.html
ayala_museum,ayala_museum/ayala_museum_0020.jpg,https://a.cdn-hotels.com/gdcs/production155/d1557/b84481b7-e6b4-4daa-8b2a-723f49b728be.jpg,https://www.hoteles.com/go/philippines/ayala-museum-manila
ayala_museum,ayala_museum/ayala_museum_0021.jpg,https://c8.alamy.com/comp/2SBBG6A/ayala-museum-in-makati-city-philippines-2SBBG6A.jpg,https://www.alamy.com/ayala-museum-in-makati-city-philippines-image643799026.html
ayala_museum,ayala_museum/ayala_museum_0022.jpg,https://thumbs.dreamstime.com/z/ayala-museum-makati-metro-manila-philippines-located-center-adjacent-to-greenbelt-mall-81838023.jpg,https://www.dreamstime.com/editorial-stock-photo-ayala-museum-makati-metro-manila-philippines-located-center-adjacent-to-greenbelt-mall-image81838023
ayala_museum,ayala_museum/ayala_museum_0023.jpg,https://blogger.googleusercontent.com/img/b/R29vZ2xl/AVvXsEjmMVb3T1kBNWMpctAxzWDKCFKe3HTGApjYrYCIvochydLT7XSMp6iY9m2EHqqzAyPH1DbboaNT8h3TV8o5cnJdq_BhmcS0riGrsl5uMTlqHixOW47ijaJPX-CrGpIcCuHqVluFqoONfmQ/s1600/Ayala+Museum.JPG,https://wanderingcaloy.blogspot.com/2011/10/makati-city-diversities-at-artist-space.html
ayala_museum,ayala_museum/ayala_museum_0028.jpg,http://2.bp.blogspot.com/-cXRjCKDm-oM/U8s9D5WmvQI/AAAAAAAAIeI/TLxgGsu8sNA/s1600/ayala+museum+makati.PNG,https://www.mariaronabeltran.com/2014/07/the-ayala-museum-in-greenbelt-ayala.html
ayala_museum,ayala_museum/ayala_museum_0029.jpg,https://i.ytimg.com/vi/h35o2z7kEoI/maxresdefault.jpg,https://www.youtube.com/watch?v=h35o2z7kEoI
ayala_museum,ayala_museum/ayala_museum_0030.jpg,https://media-cdn.tripadvisor.com/media/photo-s/10/5c/ad/7e/entree.jpg,https://www.tripadvisor.com.ph/Attraction_Review-g298450-d809723-Reviews-Ayala_Museum-Makati_Metro_Manila_Luzon.html
ayala_museum,ayala_museum/ayala_museum_0031.jpg,https://media.gettyimages.com/id/491101912/photo/ayala-museum-in-makati.jpg?s=612x612&w=gi&k=20&c=TXzRc7MZk_TYXI8EkXG10Jiv2Uzzw6MSYoKEpr-8hwQ=,https://www.gettyimages.dk/photos/history-of-makati
ayala_museum,ayala_museum/ayala_museum_0032.jpg,https://www.realjourneytravels.com/wp-content/uploads/Ayala-Museum-Makati-City.jpg,https://www.realjourneytravels.com/places/ayala-museum/
ayala_museum,ayala_museum/ayala_museum_0033.jpg,https://lp-cms-production.imgix.net/2023-06/iStock-1358914556.jpg?fit=crop&ar=1:1&w=1200&auto=format&q=75,https://www.lonelyplanet.com/destinations/philippines/manila
ayala_museum,ayala_museum/ayala_museum_0039.jpg,https://ak-d.tripcdn.com/images/1mi192215dyce3peo68F7_R_600_400_R5_Q90.jpg?proc=source/trip,https://www.trip.com/moments/detail/makati-57556-17418237/
ayala_museum,ayala_museum/ayala_museum_0068.jpg,https://images.gmanews.tv/webpics/2025/04/Ayala_Museum_thumbnail_photo__2025_04_24_16_31_52.jpg,https://www.gmanetwork.com/news/lifestyle/artandculture/943819/this-museum-in-makati-offers-free-admission-on-april-27/story/
ayala_museum,ayala_museum/ayala_museum_0069.jpg,http://images.summitmedia-digital.com/spotph/images/2023/05/12/ayala-museum-free-admission-main-1683890712.jpg,https://fity.club/lists/suggestions/Ayala-Museum-Entrance-Fee/
ayala_museum,ayala_museum/ayala_museum_0070.jpg,https://assets.traveltriangle.com/blog/wp-content/uploads/2019/07/Ayala-Museum1.jpg,https://traveltriangle.com/blog/makati-museums/
ayala_museum,ayala_museum/ayala_museum_0071.jpg,https://www.freedomwall.net/files/2015/06/ayala-museum.jpg,https://www.freedomwall.net/travel/ayala-museum/
ayala_museum,ayala_museum/ayala_museum_0072.jpg,https://www.philippinebeaches.org/wp-content/uploads/2023/08/Ayala-Museum.jpg,https://www.philippinebeaches.org/top-things-to-do-in-makati-tourist-spots/
ayala_museum,ayala_museum/ayala_museum_0073.jpg,https://i.ytimg.com/vi/duFxzCdYMzA/maxresdefault.jpg?sqp=-oaymwEmCIAKENAF8quKqQMa8AEB-AH-CYAC0AWKAgwIABABGEsgWShlMA8=&rs=AOn4CLBYteyifzEWFKRzTyLlQKgFyUzXdA,https://www.youtube.com/watch?v=duFxzCdYMzA
ayala_museum,ayala_museum/ayala_museum_0075.jpg,https://thumbs.dreamstime.com/z/manila-philippines-december-people-visit-ayala-museum-makati-city-metro-manila-philippines-metro-manila-one-biggest-111645395.jpg,https://www.dreamstime.com/manila-philippines-december-people-visit-ayala-museum-makati-city-metro-manila-philippines-metro-manila-one-biggest-image111645395
ayala_museum,ayala_museum/ayala_museum_0076.jpg,https://i.ytimg.com/vi/hExQT8YnFss/maxresdefault.jpg,https://www.youtube.com/watch?v=hExQT8YnFss
ayala_museum,ayala_museum/ayala_museum_0081.jpg,https://i.pinimg.com/originals/04/09/ab/0409ab1d4996a96322ae8000cd6cdc41.jpg,https://www.pinterest.com/pin/thats-me-outside-the-ayala-museum-in-makati-manila-philippines-taken-in-januaryfebruary-2015-miguel-hewitt--302163456224567591/
ayala_museum,ayala_museum/ayala_museum_0082.jpg,https://outoftownblog.com/wp-content/uploads/2024/05/Makati-Ayala-Museum.jpg,https://outoftownblog.com/ayala-museum-in-makati-city/
ayala_museum,ayala_museum/ayala_museum_0083.jpg,https://thumbs.dreamstime.com/b/sign-ayala-museum-makati-city-manila-philippines-oct-metro-treasure-trove-exquisite-artifacts-different-eras-294267040.jpg,https://www.dreamstime.com/sign-ayala-museum-makati-city-manila-philippines-oct-metro-treasure-trove-exquisite-artifacts-different-eras-image294267040
ayala_museum,ayala_museum/ayala_museum_0084.jpg,https://wikitravel.org/upload/shared/thumb/e/ec/Ayala_Museum_Manila.JPG/390px-Ayala_Museum_Manila.JPG,https://wikitravel.org/en/Makati
ayala_museum,ayala_museum/ayala_museum_0085.jpg,https://sec.solaireresort.com/sites/default/files/2025-05/ayala2-CxNOFlBV.png,https://sec.solaireresort.com/exclusive-MY
ayala_museum,ayala_museum/ayala_museum_0095.jpg,https://thumbs.dreamstime.com/b/famous-ayala-museum-makati-city-manla-ayala-museum-makati-107930900.jpg,https://www.dreamstime.com/famous-ayala-museum-makati-city-manla-ayala-museum-makati-image107930900
ayala_museum,ayala_museum/ayala_museum_0096.jpg,https://3.bp.blogspot.com/-6SOKyUT7x74/W7sfscSALCI/AAAAAAAANe0/W83eNKcF-kUFOBK9laZS1hJlkBUTx6KiwCLcBGAs/s1600/DSC_8020.JPG,https://juantripatatime.blogspot.com/2018/08/the-diorama-experience-at-ayala-museum.html
ayala_museum,ayala_museum/ayala_museum_0097.jpg,https://dynamic.tourtravelworld.com/hi/wh2/10819/ayala-museum.jpg,https://www.tourtravelworld.com/philippines/makati/ayala-museum.htm
ayala_museum,ayala_museum/ayala_museum_0099.jpg,http://www.gardkarlsen.com/philippines/Ayala_museum_Makati.JPG,http://gardkarlsen.com/Philippines_trip_report.htm
ayala_museum,ayala_museum/ayala_museum_0101.jpg,https://www.filipinoart.ph/newsroom/wp-content/uploads/2020/02/Ayala-Museum.jpg,https://www.filipinoart.ph/newsroom/directory/details/ayala-museum/
ayala_museum,ayala_museum/ayala_museum_0106.jpg,https://thumbs.dreamstime.com/z/famous-ayala-museum-makati-city-manla-ayala-museum-makati-107930900.jpg,https://www.dreamstime.com/famous-ayala-museum-makati-city-manla-ayala-museum-makati-image107930900
ayala_museum,ayala_museum/ayala_museum_0112.jpg,https://media-cdn.tripadvisor.com/media/photo-s/13/45/ff/7f/photo0jpg.jpg,https://www.tripadvisor.co.uk/Attraction_Review-g298450-d809723-Reviews-Ayala_Museum-Makati_Metro_Manila_Luzon.html
ayala_museum,ayala_museum/ayala_museum_0121.jpg,https://2.bp.blogspot.com/-Qt_gKiGj0G0/WtX0FU5aCnI/AAAAAAAAToU/YjbpHy62xggj9LpBO0Q-fRl_dJbKibWMQCLcBGAs/s1600/IMG_2843.JPG,https://readabouttravel.blogspot.com/2018/05/makati-greenbelt-ayala-museum-market.html
ayala_museum,ayala_museum/ayala_museum_0122.jpg,https://thumbs.dreamstime.com/b/ayala-museum-makati-metro-manila-philippines-located-center-adjacent-to-greenbelt-mall-81838023.jpg,https://www.dreamstime.com/editorial-stock-photo-ayala-museum-makati-metro-manila-philippines-located-center-adjacent-to-greenbelt-mall-image81838023
ayala_museum,ayala_museum/ayala_museum_0123.jpg,https://static.tripzilla.ph/media/235769/conversions/7714a79a-43e4-4bc2-b3a7-0fc7b5100e64-w768.webp,https://www.tripzilla.ph/must-visit-museum-philippines-2025/21947
ayala_museum,ayala_museum/ayala_museum_0127.jpg,https://d1ef7ke0x2i9g8.cloudfront.net/manila/Ayala-Museum-Greenbelt-entrance.jpg,https://thebeat.asia/manila/vibe/artists/ayala-museum-learning-from-the-filipino-past-to-inform-our-future
ayala_museum,ayala_museum/ayala_museum_0130.jpg,https://c8.alamy.com/comp/2HAM328/dec-8-2021-exterior-view-of-the-ayala-museum-at-makati-city-metro-manila-philippines-2HAM328.jpg,https://www.alamy.com/dec-8-2021-exterior-view-of-the-ayala-museum-at-makati-city-metro-manila-philippines-image454057584.html
ayala_museum,ayala_museum/ayala_museum_0137.jpg,https://www.shiningmom.com/wp-content/uploads/2014/05/ayala-museum.jpg,https://www.shiningmom.com/meaningful-time-with-my-kid-at-greenbelt-park-and-in-ayala-museum/
ayala_museum,ayala_museum/ayala_museum_0139.jpg,https://paris1972-versailles2003.com/wp-content/uploads/2024/04/manila-ayala-museum-side-greenbelt-jan16.jpg,https://paris1972-versailles2003.com/2024/07/24/curiosities-of-manila/
ayala_museum,ayala_museum/ayala_museum_0146.jpg,https://eaminanaarchitects.com/wp-content/uploads/2020/08/ayala-museum-greenbelt-3.jpg,https://eaminanaarchitects.com/project/ayala-museum-renovation/
ayala_museum,ayala_museum/ayala_museum_0152.jpg,https://thumbs.dreamstime.com/b/greenbelt-ayala-mall-which-located-makati-manila-manila-philippines-oct-greenbelt-ayala-mall-which-located-makati-manila-295767860.jpg?w=360,https://www.dreamstime.com/greenbelt-ayala-mall-which-located-makati-manila-manila-philippines-oct-greenbelt-ayala-mall-which-located-makati-manila-image295767860
ayala_museum,ayala_museum/ayala_museum_0163.jpg,https://funtravelexperts.com.au/media/static/resources/img/Ayala_Museum__Eric_Beltran_PJqJklM.jpg,https://www.tourismphilippines.com.au/todo/historyculture
ayala_museum,ayala_museum/ayala_museum_0164.jpg,https://images.summitmedia-digital.com/spotph/images/2021/11/25/ayala-reopening2-1637834685.jpg,https://www.architectsworldblog.com/post/exploring-architectural-innovations-in-the-philippines-during-the-5th-republic
ayala_museum,ayala_museum/ayala_museum_0168.jpg,https://images.gmanews.tv/webpics/2023/01/afp-link_2023_01_24_18_37_51.png,https://www.gmanetwork.com/news/lifestyle/hobbiesandactivities/861048/ticket-holders-to-art-fair-philippines-get-discounts-in-ayala-museum-filipinas-heritage-li/story/
greenbelt,ayala_museum/ayala_museum_0055.jpg,https://images.trvl-media.com/place/6115088/05c559a3-bf09-481d-9f20-24c8f8a193b3.jpg?impolicy=fcrop&w=600&h=400&p=1&q=medium,https://www.vrbo.com/vacation-rentals/asia/philippines/manila/makati
greenbelt,ayala_museum/ayala_museum_0136.jpg,https://i.ytimg.com/vi/AS9VUYsW0iA/maxresdefault.jpg,https://www.youtube.com/watch?v=AS9VUYsW0iA
greenbelt,ayala_museum/ayala_museum_0138.jpg,https://blogger.googleusercontent.com/img/b/R29vZ2xl/AVvXsEjkL52NqVU7um0rz-p6XwClBBo-RO2HtyB5R8vAnb8l1xzUKgOHHOsARUjB84oSDy-geK5YN3v7nLIGm5wgFIknem7FPvrGwxb3hGB1kUqQCgeawGUbPD4J7VCS62U98UfS4HDZQk7aOcWd/s1600/greenbelt+makati.PNG,https://www.mariaronabeltran.com/2014/07/the-ayala-museum-in-greenbelt-ayala.html
greenbelt,ayala_museum/ayala_museum_0140.jpg,https://www.shutterstock.com/image-photo/manila-philippines-december-7-2017-600w-1278190810.jpg,https://www.shutterstock.com/search/greenbelt-(ayala-center)
greenbelt,ayala_museum/ayala_museum_0143.jpg,https://c8.alamy.com/comp/R996W8/pedestrians-walking-through-greenbelt-park-located-at-ayala-center-makati-metro-manila-philippines-R996W8.jpg,https://fity.club/lists/g/greenbelt-ayala-center/
greenbelt,ayala_museum/ayala_museum_0144.jpg,https://3.bp.blogspot.com/-yg_6dCHGXF4/WtXzZk0p_fI/AAAAAAAATn0/vetj7gLtwXs9sXTeyx_FlT4TBsBwxz4rACLcBGAs/s1600/IMG_2858.JPG,https://readabouttravel.blogspot.com/2018/05/makati-greenbelt-ayala-museum-market.html
greenbelt,ayala_museum/ayala_museum_0147.jpg,https://i.pinimg.com/736x/af/82/9f/af829ff8a9f4c7e67caf4edb5a8ff2e8.jpg,https://www.pinterest.com/pin/greenbelt-ayala-makati-city--230176230934085992/
greenbelt,ayala_museum/ayala_museum_0157.jpg,https://blogger.googleusercontent.com/img/b/R29vZ2xl/AVvXsEggquZHI2le3-o3jSk3hfZpDy9KtuVAH_S6yYCqW6u_qu9azDsIJdw1mt-133nPYwP8L_q5UOhMjg9cph6GanfZqxI6db_8pospxLSRlkgL1hKCoH3UHTCNUd04AnFaVonNG2l_1lSgErNjGsEiMaYp2tCYiOsJfIRY6Q-0DQyUBRKBNlrLNtavalfPk0o/w1200-h630-p-k-no-nu/Screenshot_20231214-150030_Instagram.jpg,https://storyofneverland.blogspot.com/2020/02/greenbelt-ayala-mall-manila.html
greenbelt,ayala_museum/ayala_museum_0159.jpg,https://blogger.googleusercontent.com/img/b/R29vZ2xl/AVvXsEggquZHI2le3-o3jSk3hfZpDy9KtuVAH_S6yYCqW6u_qu9azDsIJdw1mt-133nPYwP8L_q5UOhMjg9cph6GanfZqxI6db_8pospxLSRlkgL1hKCoH3UHTCNUd04AnFaVonNG2l_1lSgErNjGsEiMaYp2tCYiOsJfIRY6Q-0DQyUBRKBNlrLNtavalfPk0o/s1086/Screenshot_20231214-150030_Instagram.jpg,https://storyofneverland.blogspot.com/2020/02/greenbelt-ayala-mall-manila.html
greenbelt,ayala_museum/ayala_museum_0161.jpg,https://islandtimes.com/wp-content/uploads/2021/11/Greenbelt-Only.00_05_05_15.Still005-1-1200x675.png,https://islandtimes.com/the-greenbelt-ayala-mall-makati-philippines/
greenbelt,ayala_museum/ayala_museum_0167.jpg,https://seeanyplaces.com/wp-content/uploads/2024/10/The-Ayala-Museum-2-980x654.jpg,https://seeanyplaces.com/museum/ayala-museum-manila-philippines/
one_ayala,one_ayala/one_ayala_0000.jpg,https://business.inquirer.net/files/2024/10/Ayala-Land-Makati-CBD-2.png,https://business.inquirer.net/483056/makati-redefining-urban-living-beyond-business
one_ayala,one_ayala/one_ayala_0001.jpg,"https://static.wixstatic.com/media/bb0725_8abd9492aa9b4822901018ce0274d805~mv2.jpg/v1/fill/w_1591,h_895,al_c,q_85,usm_0.66_1.00_0.01/bb0725_8abd9492aa9b4822901018ce0274d805~mv2.jpg",https://www.visionarch-architects.com/one-ayala
one_ayala,one_ayala/one_ayala_0002.jpg,https://groundbreakers.ayalaland.com.ph/assets/images/articles/facd4.png,https://groundbreakers.ayalaland.com.ph/articles/the-ultimate-mixed-use-development-in-makati-cbd-enhancing-connectivity-with-ease-and-convenience.html
one_ayala,one_ayala/one_ayala_0003.jpg,https://cdn.sanity.io/images/4f3ey4m9/production/d5648a517e83a455769e3b900afb19b20cd3f0e2-1646x1097.jpg?auto=format&fit=max&q=75&w=823,https://ayalaland.com/offices/one-ayala
one_ayala,one_ayala/one_ayala_0004.jpg,https://www.archify.com/files/professional/projects/s/uvnxygevaq.jpg,https://www.archify.com/ph/project/one-ayala
one_ayala,one_ayala/one_ayala_0005.jpg,https://cdn.lionunion.com/spai2/q_lossy+ret_img+to_webp/www.lionunion.com/wp-content/uploads/2022/08/Ayala-Tower-One-and-Exchange-Plaza-banner.jpg,https://www.lionunion.com/property/tower-one-exchange-plaza/
one_ayala,one_ayala/one_ayala_0006.jpg,https://elementsteel.com/storage/KZ2fK0J3lnnD8vJ1Z1ygAQZakEfUw0L8RvPxqwlM.jpg,https://elementsteel.com/projects/one-ayala
one_ayala,one_ayala/one_ayala_0007.jpg,https://www.philippinebeaches.org/wp-content/uploads/2023/07/One-Ayala-Transport-Hub.jpg,https://www.philippinebeaches.org/one-ayala-transport-terminal-guide/
one_ayala,one_ayala/one_ayala_0013.jpg,https://bilyonaryo.com/wp-content/uploads/2023/10/ayala-1.jpg,https://bilyonaryo.com/2023/10/15/more-reasons-to-visit-makati-one-ayala-waives-parking-fees-for-october-weekends/property/
one_ayala,one_ayala/one_ayala_0015.jpg,https://i.ytimg.com/vi/KAHe0Jyxg7A/maxresdefault.jpg,https://www.youtube.com/watch?v=KAHe0Jyxg7A
one_ayala,one_ayala/one_ayala_0017.jpg,"https://static.wixstatic.com/media/dba352_4499644d318440ad89652c78b6d10f3e~mv2_d_3756_2113_s_2.jpg/v1/fill/w_980,h_551,al_c,q_85,usm_1.20_1.00_0.01/dba352_4499644d318440ad89652c78b6d10f3e~mv2_d_3756_2113_s_2.jpg",https://www.visionarch-architects.com/one-ayala
one_ayala,one_ayala/one_ayala_0018.jpg,https://groundbreakers.ayalaland.com.ph/assets/images/articles/facd5.jpg,https://groundbreakers.ayalaland.com.ph/articles/the-ultimate-mixed-use-development-in-makati-cbd-enhancing-connectivity-with-ease-and-convenience.html
one_ayala,one_ayala/one_ayala_0023.jpg,https://i.ytimg.com/vi/MuZ67aw2RFY/maxresdefault.jpg,https://www.youtube.com/watch?v=MuZ67aw2RFY
one_ayala,one_ayala/one_ayala_0025.jpg,https://islandtimes.com/wp-content/uploads/2023/08/One-Ayala-Island-Times-PH-3-1200x626.png,https://islandtimes.com/one-ayala-terminal-new-transportation-option-in-makati-city/
one_ayala,one_ayala/one_ayala_0027.jpg,https://primer.com.ph/feature/wp-content/uploads/sites/15/2024/08/One-Ayala-from-EDSA-768x432.jpg,https://primer.com.ph/feature/ayala-triangle-and-one-ayala/
one_ayala,one_ayala/one_ayala_0046.jpg,https://sticky.whitecloak.io/static/media/space-1.1558e2c8.png,https://sticky.whitecloak.io/trade-hall
one_ayala,one_ayala/one_ayala_0050.jpg,https://dynamic-media-cdn.tripadvisor.com/media/photo-o/2b/a0/1d/07/the-philippines-largest.jpg?w=1200&h=-1&s=1,https://www.tripadvisor.co.uk/HotelsNear-g298450-d27126966-Tong_Yang_One_Ayala-Makati_Metro_Manila_Luzon.html
one_ayala,one_ayala/one_ayala_0052.jpg,https://insiderph.com/uploads/articles/hilton-ayala-land-to-open-lifestyle-hotel-canopy-in-makati-by-2026-4-1024x768.webp?v=1755242460994_v0jz1kue9dqo8gls3ybi,https://insiderph.com/hilton-ayala-land-to-open-lifestyle-hotel-canopy-in-makati-by-2026
one_ayala,one_ayala/one_ayala_0060.jpg,"https://static.wixstatic.com/media/fdb7c8_31294945056a47e4ac2a0298788e12c2~mv2.png/v1/fill/w_1341,h_895,al_c,q_90,usm_0.66_1.00_0.01,enc_avif,quality_auto/fdb7c8_31294945056a47e4ac2a0298788e12c2~mv2.png",https://www.visionarch.ph/one-ayala
one_ayala,one_ayala/one_ayala_0062.jpg,"https://cdn.sanity.io/images/4f3ey4m9/production/8fe3f91ec07470a2884d771112833d6a42c7e77c-1340x1099.png?auto=format&fit=max&q=75&rect=0,155,1340,944&w=670",https://ayalaland.com/offices/one-ayala
one_ayala,one_ayala/one_ayala_0079.jpg,https://latteluxurynews.com/wp-content/uploads/2026/06/makati-hotel-exterior-garden-L-1132x650-1.jpg,https://latteluxurynews.com/2026/06/10/mandarin-oriental-makati-manila-slated-to-open-in-late-2026/
one_ayala,one_ayala/one_ayala_0083.jpg,https://weavergroup.ph/wp-content/uploads/2025/01/one-ayala-avenue-south-tower-scaled.jpg,https://weavergroup.ph/building/one-ayala-avenue-south-tower/
one_ayala,one_ayala/one_ayala_0103.jpg,https://business.inquirer.net/files/2026/09/1291404-2048x1536.jpeg,https://business.inquirer.net/610620/makati-the-city-that-is-learning-to-walk-again
one_ayala,one_ayala/one_ayala_0104.jpg,https://www.areit.com.ph/wp-content/uploads/2024/05/2023-August-12-One-Ayala-Facade-36-2048x1210.jpg,https://www.areit.com.ph/about-us/
one_ayala,one_ayala/one_ayala_0113.jpg,https://bustickets.ph/wp-content/uploads/2024/05/one-ayala-terminal.jpg,https://bustickets.ph/one-ayala-terminal/
one_ayala,one_ayala/one_ayala_0148.jpg,https://i.ytimg.com/vi/nMEE9FFL4zo/maxresdefault.jpg,https://www.youtube.com/watch?v=nMEE9FFL4zo
one_ayala,one_ayala/one_ayala_0164.jpg,https://blogger.googleusercontent.com/img/b/R29vZ2xl/AVvXsEgCF6sWOOmmb7JFbq8Shvf029DSLqf_xMr1SLx3oIXZ2MKf4o-1EcObRfZZNxZFPWqxMfjGzVpZf5Yoy5wKBI2fsR6rZMf2p3Vhve0szTldmGtxFUvdvlfJlEEHt205syXY8Lc9WO5v95n75lo16vZQRpKA6ZdUhQd7ljlW4HzU0E5pLbQtez7UprfzbRA/s1600/one-ayala-makati.jpg,https://www.thesummitexpress.com/2024/06/the-concourse-one-ayala-makati.html
one_ayala,one_ayala/one_ayala_0168.jpg,http://photos.wikimapia.org/p/00/06/25/16/81_full.jpg,https://wikimapia.org/310862/One-Ayala
one_ayala,one_ayala/one_ayala_0169.jpg,https://business.inquirer.net/files/2023/12/Ayala-Lands-Revolutionary-Hub-1-620x496.png,https://business.inquirer.net/435208/one-ayala-ayala-lands-revolutionary-hub-redefining-connectivity-and-convenience
one_ayala,one_ayala/one_ayala_0186.jpg,https://visor.ph/wp-content/uploads/2023/03/PUV-terminal-in-Ayala-Center-Makati-to-relocate-from-Park-Square-to-One-Ayala-thumbnail.jpg,https://visor.ph/traffic/puv-terminal-in-ayala-center-to-relocate-from-park-square-to-one-ayala/
one_ayala,one_ayala/one_ayala_0187.jpg,https://i.ytimg.com/vi/xita7FjuyZU/maxresdefault.jpg,https://www.youtube.com/watch?v=xita7FjuyZU
one_ayala,one_ayala/one_ayala_0190.jpg,https://www.lamudi.com.ph/journal/wp-content/uploads/2022/12/315424890_5686617271426716_5673987188385465495_n.jpg,https://www.lamudi.com.ph/journal/one-ayala-terminal/
one_ayala,one_ayala/one_ayala_0193.jpg,https://www.technobaboy.com/wp-content/uploads/one-ayala-bus-terminal.jpg,https://www.technobaboy.com/2022/11/23/one-ayala-bus-terminal/
one_ayala,one_ayala/one_ayala_0194.jpg,https://www.philippinebeaches.org/wp-content/uploads/2023/07/One-Ayala-P2P.jpg,https://www.philippinebeaches.org/one-ayala-transport-terminal-guide/
one_ayala,one_ayala/one_ayala_0200.jpg,https://blog.sakay.ph/content/images/2023/05/One-Ayala_P2P-Bus-Fairview-1.webp,https://blog.sakay.ph/one-ayala-terminal-guide-routes-schedule-fare-and-features/
one_ayala,one_ayala/one_ayala_0212.jpg,https://i.ytimg.com/vi/XFQ1mhLVGyU/maxresdefault.jpg,https://www.youtube.com/watch?v=XFQ1mhLVGyU
one_ayala,one_ayala/one_ayala_0213.jpg,https://islandtimes.com/wp-content/uploads/2023/08/One-Ayala-Island-Times-PH-11.png,https://islandtimes.com/one-ayala-terminal-new-transportation-option-in-makati-city/
one_ayala,one_ayala/one_ayala_0215.jpg,https://i.ytimg.com/vi/51VWpZNKWe0/maxresdefault.jpg,https://www.youtube.com/watch?v=51VWpZNKWe0
one_ayala,one_ayala/one_ayala_0218.jpg,https://i.ytimg.com/vi/H2cX2pbZK0U/hqdefault.jpg,https://www.youtube.com/watch?v=H2cX2pbZK0U
one_ayala,one_ayala/one_ayala_0220.jpg,https://blog.sakay.ph/content/images/2023/05/One-Ayala_Food-choices-1.webp,https://blog.sakay.ph/one-ayala-terminal-guide-routes-schedule-fare-and-features/
one_ayala,one_ayala/one_ayala_0222.jpg,"https://static.wixstatic.com/media/fdb7c8_1052fa2c5c2a4bb88ddd64a55339cb7d~mv2.png/v1/fill/w_539,h_357,al_c,q_85,usm_0.66_1.00_0.01,enc_avif,quality_auto/IMG_9080.png",https://www.visionarch.ph/one-ayala
one_ayala,one_ayala/one_ayala_0223.jpg,https://i.ytimg.com/vi/NkJ8N1CoQIU/maxresdefault.jpg,https://www.youtube.com/watch?v=NkJ8N1CoQIU
one_ayala,one_ayala/one_ayala_0226.jpg,https://media.interaksyon.com/wp-content/uploads/2022/11/One-Ayala-photos.jpg,https://interaksyon.philstar.com/trends-spotlights/2022/11/17/234959/psa-southbound-edsa-carousel-buses-to-be-relocated-to-one-ayala/
one_ayala,one_ayala/one_ayala_0233.jpg,https://preview.redd.it/look-edsa-carousel-ayala-station-one-ayala-terminal-set-to-v0-tl10nnxcgo0a1.png?auto=webp&s=fb235144c88ba371d5be7053d966fc60abddaaef,https://www.reddit.com/r/CasualPH/comments/yyft1i/look_edsa_carousel_ayala_station_one_ayala/
one_ayala,one_ayala/one_ayala_0251.jpg,"https://imagedelivery.net/4hgeCwftKXWxSyeV7QJJpA/9041ead1-8765-482f-eef6-bf0f0e0bf000/w=600,compression=fast,format=webp",https://kmcmaggroup.com/building/one-ayala-avenue-west-tower/
one_ayala,one_ayala/one_ayala_0252.jpg,https://www.concrete.org/portals/0/Files/Images/news_dec6_2022_img2.jpg,https://www.concrete.org/newsandevents/news/newsdetail.aspx?f=51738376
one_ayala,one_ayala/one_ayala_0253.jpg,"https://imagedelivery.net/4hgeCwftKXWxSyeV7QJJpA/99debe4c-4710-4739-ec14-03a945841900/w=600,compression=fast,format=webp",https://savillsph.com/building/one-ayala-avenue-south-tower/
salcedo_weekend_market,salcedo_weekend_market/salcedo_weekend_market_0000.jpg,https://primer.com.ph/travel/wp-content/uploads/sites/6/2017/11/1-1-2.jpg,https://primer.com.ph/travel/salcedo-saturday-market/
salcedo_weekend_market,salcedo_weekend_market/salcedo_weekend_market_0002.jpg,https://primer.com.ph/blog/wp-content/uploads/sites/14/2018/02/salcedo-saturday-market-e1519641016706.jpg,https://primer.com.ph/blog/2018/02/26/must-try-food-stalls-in-salcedo-saturday-market/
salcedo_weekend_market,salcedo_weekend_market/salcedo_weekend_market_0003.jpg,https://bestinmanila.com/images/salcedo-village.jpg,https://bestinmanila.com/neighborhoods/salcedo-village-makati
salcedo_weekend_market,salcedo_weekend_market/salcedo_weekend_market_0004.jpg,https://media-cdn.tripadvisor.com/media/photo-s/1b/f2/73/76/banchetti-con-pochi-clienti.jpg,https://www.tripadvisor.co.uk/Attraction_Review-g298450-d1869046-Reviews-Salcedo_Saturday_Market-Makati_Metro_Manila_Luzon.html
salcedo_weekend_market,salcedo_weekend_market/salcedo_weekend_market_0006.jpg,https://islandtimes.com/wp-content/uploads/2022/01/DSC02465-2500x1407.jpg,https://islandtimes.com/weekend-markets-in-makati-salcedo-saturday-market-legaspi-sunday-market/
salcedo_weekend_market,salcedo_weekend_market/salcedo_weekend_market_0007.jpg,https://i.pinimg.com/originals/2a/58/64/2a586427a9f410f75678f5158237c72f.jpg,https://www.pinterest.com/pin/salcedo-saturday-market-weekend-market-in-2025--153755774774977843/
salcedo_weekend_market,salcedo_weekend_market/salcedo_weekend_market_0009.jpg,https://flashpacking4life.de/wp-content/uploads/2025/01/Salcedo-Market-Makati-Manila.jpg,https://flashpacking4life.de/salcedo-market-manila/
salcedo_weekend_market,salcedo_weekend_market/salcedo_weekend_market_0011.jpg,https://i.pinimg.com/736x/ff/7c/5e/ff7c5e02abadff2915a58c8fe3420161.jpg,https://ph.pinterest.com/pin/salcedo-saturday-market-in-2025--365143482310676580/
salcedo_weekend_market,salcedo_weekend_market/salcedo_weekend_market_0012.jpg,https://i.pinimg.com/originals/de/42/b8/de42b873d71488c2b45934acd86c8c97.jpg,https://www.pinterest.com/pin/537546905507183325/
salcedo_weekend_market,salcedo_weekend_market/salcedo_weekend_market_0013.jpg,"https://ik.imagekit.io/tvlk/blog/2023/06/shutterstock_1396393460.jpg?tr=q-70,c-at_max,w-500,h-300,dpr-2",https://www.traveloka.com/en-ph/explore/destination/uncover-the-best-of-makati-a-guide-to-planning-the-perfect-staycation-in-the-philippines-acc/244679
salcedo_weekend_market,salcedo_weekend_market/salcedo_weekend_market_0014.jpg,https://lubd.com/wp-content/uploads/2025/07/Salcedo-Park-Saturday-Market.jpg,https://lubd.com/destination/manila-makati/contact/
salcedo_weekend_market,salcedo_weekend_market/salcedo_weekend_market_0016.jpg,https://islandtimes.com/wp-content/uploads/2022/01/IMG_5466-2500x1407.jpg,https://islandtimes.com/weekend-markets-in-makati-salcedo-saturday-market-legaspi-sunday-market/
salcedo_weekend_market,salcedo_weekend_market/salcedo_weekend_market_0017.jpg,https://dynamic-media-cdn.tripadvisor.com/media/photo-o/0c/e9/68/ac/psx-20160910-101151-largejpg.jpg?w=1200&h=-1&s=1,https://www.tripadvisor.at/Attraction_Review-g298450-d1869046-Reviews-Salcedo_Saturday_Market-Makati_Metro_Manila_Luzon.html
salcedo_weekend_market,salcedo_weekend_market/salcedo_weekend_market_0024.jpg,https://islandtimes.com/wp-content/uploads/2022/01/IMG_5468-2048x1153.jpg,https://islandtimes.com/weekend-markets-in-makati-salcedo-saturday-market-legaspi-sunday-market/
salcedo_weekend_market,salcedo_weekend_market/salcedo_weekend_market_0025.jpg,https://i.ytimg.com/vi/wOwofqisSkw/maxresdefault.jpg,https://www.youtube.com/watch?v=wOwofqisSkw
salcedo_weekend_market,salcedo_weekend_market/salcedo_weekend_market_0026.jpg,https://islandtimes.com/wp-content/uploads/2022/01/IMG_5455-2048x1153.jpg,https://islandtimes.com/weekend-markets-in-makati-salcedo-saturday-market-legaspi-sunday-market/
salcedo_weekend_market,salcedo_weekend_market/salcedo_weekend_market_0031.jpg,https://i.ytimg.com/vi/jFPCatZ_BQM/maxresdefault.jpg,https://www.youtube.com/watch?v=jFPCatZ_BQM
salcedo_weekend_market,salcedo_weekend_market/salcedo_weekend_market_0036.jpg,https://media-cdn.tripadvisor.com/media/photo-s/1b/f2/73/6f/banchetto-in-attesa-di.jpg,https://en.tripadvisor.com.hk/Attraction_Review-g298450-d1869046-Reviews-or10-Salcedo_Saturday_Market-Makati_Metro_Manila_Luzon.html
salcedo_weekend_market,salcedo_weekend_market/salcedo_weekend_market_0037.jpg,https://i.ytimg.com/vi/MT_Ex7WV1rI/maxresdefault.jpg,https://www.youtube.com/watch?v=MT_Ex7WV1rI
salcedo_weekend_market,salcedo_weekend_market/salcedo_weekend_market_0047.jpg,https://flashpacking4life.de/wp-content/uploads/2025/01/Salcedo-Saturday-Market-Manila.jpg,https://flashpacking4life.de/salcedo-market-manila/salcedo-saturday-market-manila/
salcedo_weekend_market,salcedo_weekend_market/salcedo_weekend_market_0048.jpg,https://media-cdn.tripadvisor.com/media/photo-s/11/1d/a1/41/caption.jpg,https://www.tripadvisor.com/Attraction_Review-g298450-d1869046-Reviews-Salcedo_Saturday_Market-Makati_Metro_Manila_Luzon.html
salcedo_weekend_market,salcedo_weekend_market/salcedo_weekend_market_0057.jpg,https://aphrodite.gmanetwork.com/entertainment/gallery/1200_675_main_24-08-2026-1430_-20260824143026.jpg,https://www.gmanetwork.com/entertainment/photos/janella-salvador-and-klea-pineda-delight-fans-with-fun-weekend-market-trip-with-jude/27804/
salcedo_weekend_market,salcedo_weekend_market/salcedo_weekend_market_0058.jpg,https://assets.mega-asia.com/wp-content/uploads/2026/09/salcedo-park.webp,https://mega-asia.com/lifestyle/parks-to-visit-in-metro-manila/
salcedo_weekend_market,salcedo_weekend_market/salcedo_weekend_market_0066.jpg,https://www.solaireresort.com/fe_assets/salcedo-DsRVeN0j.webp,https://www.solaireresort.com/gateway-to-the-philippines-my/
salcedo_weekend_market,salcedo_weekend_market/salcedo_weekend_market_0067.jpg,https://puredetour.com/wp-content/uploads/2024/12/15.webp,https://puredetour.com/post/salcedo-weekend-market-makati/
salcedo_weekend_market,salcedo_weekend_market/salcedo_weekend_market_0068.jpg,https://www.philippinebeaches.org/wp-content/uploads/2023/08/Salcedo-Weekend-Market-560x420.jpg,https://www.philippinebeaches.org/top-things-to-do-in-makati-tourist-spots/
salcedo_weekend_market,salcedo_weekend_market/salcedo_weekend_market_0069.jpg,https://erisgoesto.com/wp-content/uploads/2018/06/20180616_121620.jpg,https://erisgoesto.com/2018/06/27/travelogue-saturdays-at-salcedo-market-makati/
salcedo_weekend_market,salcedo_weekend_market/salcedo_weekend_market_0070.jpg,https://i.pinimg.com/736x/38/54/cc/3854cc99680b008ccd029ef68ad7419d.jpg,https://ph.pinterest.com/pin/salcedo-market-makati-in-2025--586312445275475512/
salcedo_weekend_market,salcedo_weekend_market/salcedo_weekend_market_0071.jpg,https://i.pinimg.com/originals/74/c2/57/74c25793efc33c59605c2b8e8e3d66db.jpg,https://ph.pinterest.com/pin/salcedo-weekend-market-in-2025--1008947122777873121/
salcedo_weekend_market,salcedo_weekend_market/salcedo_weekend_market_0081.jpg,https://primer.com.ph/travel/wp-content/uploads/sites/6/2016/03/Salcedo-Market-3.jpg,https://primer.com.ph/travel/salcedo-community-market/
salcedo_weekend_market,salcedo_weekend_market/salcedo_weekend_market_0082.jpg,https://helloimfrecelynne.com/wp-content/uploads/2023/11/Salcedo-Market-frecelynne-22.jpg,https://helloimfrecelynne.com/category/food/list/
salcedo_weekend_market,salcedo_weekend_market/salcedo_weekend_market_0083.jpg,https://i.ytimg.com/vi/tO-ZtXXTW3U/maxresdefault.jpg,https://www.youtube.com/watch?v=tO-ZtXXTW3U
salcedo_weekend_market,salcedo_weekend_market/salcedo_weekend_market_0084.jpg,https://i.ytimg.com/vi/494lV2PGrfg/maxresdefault.jpg,https://www.youtube.com/watch?v=494lV2PGrfg
salcedo_weekend_market,salcedo_weekend_market/salcedo_weekend_market_0086.jpg,https://i.ytimg.com/vi/KFsjcVC8qJo/maxresdefault.jpg,https://www.youtube.com/watch?v=KFsjcVC8qJo
salcedo_weekend_market,salcedo_weekend_market/salcedo_weekend_market_0090.jpg,https://flashpacking4life.de/wp-content/uploads/2025/01/Salcedo-Market-Manila-Guide-1024x683.jpg,https://flashpacking4life.de/en/salcedo-market-manila-guide-2/
salcedo_weekend_market,salcedo_weekend_market/salcedo_weekend_market_0093.jpg,https://travelislife.org/wp-content/uploads/Salcedo-Saturday-Market.jpg,https://travelislife.org/living-and-working-remotely-in-makati-manila-philippines/
salcedo_weekend_market,salcedo_weekend_market/salcedo_weekend_market_0094.jpg,https://www.easybook.com/images/destination/Philippines/Makati/SalcedoSaturdayMarket/SCMM.jpg,https://www.easybook.com/tour/destination/philippines/manila/makati/salcedo-saturday-market
salcedo_weekend_market,salcedo_weekend_market/salcedo_weekend_market_0095.jpg,https://i.ytimg.com/vi/yDXNFEeKFxk/maxresdefault.jpg,https://www.youtube.com/watch?v=yDXNFEeKFxk
salcedo_weekend_market,salcedo_weekend_market/salcedo_weekend_market_0096.jpg,https://sec.solaireresort.com/sites/default/files/2025-05/salcedo2-Bp13_4NT.png,https://sec.solaireresort.com/exclusive-MY
salcedo_weekend_market,salcedo_weekend_market/salcedo_weekend_market_0097.jpg,https://dynamic-media-cdn.tripadvisor.com/media/photo-o/22/37/36/b6/caption.jpg?w=1400&h=1400&s=1,https://www.tripadvisor.com.ph/Attraction_Review-g298450-d1869046-Reviews-Salcedo_Saturday_Market-Makati_Metro_Manila_Luzon.html
salcedo_weekend_market,salcedo_weekend_market/salcedo_weekend_market_0111.jpg,https://housinginteractive.com.ph/blog/wp-content/uploads/2024/05/pasted-image-0.jpg,https://fity.club/lists/suggestions/Salcedo-Village-Makati-Map/
salcedo_weekend_market,salcedo_weekend_market/salcedo_weekend_market_0116.jpg,https://www.rappler.com/tachyon/2021/07/Screen-Shot-2021-07-20-at-5.39.38-PM.png?resize=792%2C798&zoom=1,https://www.rappler.com/life-and-style/food-drinks/salcedo-community-market-makati-to-move-locations/
salcedo_weekend_market,salcedo_weekend_market/salcedo_weekend_market_0117.jpg,"https://onecms-res.cloudinary.com/image/upload/s--2aWyTlo4--/f_auto,q_auto/v1/mediacorp/cna/image/2023/08/01/manila_philippines_-_salcedo_community_market.jpg?itok=0H1gCH0M",https://cnaluxury.channelnewsasia.com/experiences/things-do-eat-see-manila-philippines-238306
salcedo_weekend_market,salcedo_weekend_market/salcedo_weekend_market_0118.jpg,https://i0.wp.com/www.chuzailiving.com/wp-content/uploads/2018/10/Salcedo-Market-2.jpg?resize=2268%2C1701&ssl=1,https://www.chuzailiving.com/salcedo-legazpi-market-you-should-not-miss-manila/
salcedo_weekend_market,salcedo_weekend_market/salcedo_weekend_market_0120.jpg,http://taneresidence.com/wp-content/uploads/2018/12/04120801-salcedo-market001_resized_2000x1200.jpg,https://taneresidence.com/a-food-lovers-guide-to-manila/
salcedo_weekend_market,salcedo_weekend_market/salcedo_weekend_market_0121.jpg,https://images.squarespace-cdn.com/content/v1/5d7f2d797a64971f017f10ff/1613977690511-6YOVIIN9PO1HY038KJ30/02-22+SALCEDO+COMMUNITY+MARKET+P01.png,https://www.zoytotheworld.com/blog/salcedo-community-market-makati
salcedo_weekend_market,salcedo_weekend_market/salcedo_weekend_market_0122.jpg,https://primer.com.ph/feature/wp-content/uploads/sites/15/2026/03/Salcedo-Market-1-2048x1542.jpg,https://primer.com.ph/feature/2026/04/01/guide-salcedo-villages-best-eats-community-markets-and-hidden-gems/
salcedo_weekend_market,salcedo_weekend_market/salcedo_weekend_market_0123.jpg,https://images.squarespace-cdn.com/content/v1/5d7f2d797a64971f017f10ff/1613980972419-KXH85FW1FBE0K6T6KPAS/02-22+SALCEDO+COMMUNITY+MARKET+P03.png,https://www.zoytotheworld.com/blog/salcedo-community-market-makati
salcedo_weekend_market,salcedo_weekend_market/salcedo_weekend_market_0124.jpg,https://3.bp.blogspot.com/-S6SVAadZdF0/T9iOGIhbEyI/AAAAAAAABeM/nPn9E5aNqdM/s1600/Salcedo+5.jpg,https://thefiveamchat.blogspot.com/2012/07/visiting-salcedo-community-market.html
salcedo_weekend_market,salcedo_weekend_market/salcedo_weekend_market_0125.jpg,https://primer.com.ph/travel/wp-content/uploads/sites/6/2016/03/Salcedo-Market-2.jpg,https://primer.com.ph/travel/salcedo-community-market/
salcedo_weekend_market,salcedo_weekend_market/salcedo_weekend_market_0129.jpg,https://images.squarespace-cdn.com/content/v1/5d7f2d797a64971f017f10ff/1613977780986-NS15DG9K8NSU57KT3LGT/02-22+SALCEDO+COMMUNITY+MARKET+P02.png,https://www.zoytotheworld.com/blog/salcedo-community-market-makati
salcedo_weekend_market,salcedo_weekend_market/salcedo_weekend_market_0130.jpg,https://1.bp.blogspot.com/-OwhBz6leqUE/UxmWU0wcp6I/AAAAAAAAGaw/l2BNd1N0-B8/s1600/saturday+salcedo+weekend+market+makati.jpg,https://www.backpackingphilippines.com/2014/03/sightseeing-tour-of-manila-itinerary.html?m=0
salcedo_weekend_market,salcedo_weekend_market/salcedo_weekend_market_0141.jpg,https://i.ytimg.com/vi/-h_vJ9FX4a8/maxresdefault.jpg,https://www.youtube.com/watch?v=-h_vJ9FX4a8
salcedo_weekend_market,salcedo_weekend_market/salcedo_weekend_market_0142.jpg,https://4.bp.blogspot.com/-O-SXcbKVats/T9iN1UQBK-I/AAAAAAAABds/uPKo4igqhjY/s1600/Salcedo+2.jpg,https://thefiveamchat.blogspot.com/2012/07/visiting-salcedo-community-market.html
salcedo_weekend_market,salcedo_weekend_market/salcedo_weekend_market_0143.jpg,https://puredetour.com/wp-content/uploads/2024/11/Stills-7-1.webp,https://puredetour.com/post/salcedo-weekend-market-makati/
salcedo_weekend_market,salcedo_weekend_market/salcedo_weekend_market_0158.jpg,https://i0.wp.com/www.chuzailiving.com/wp-content/uploads/2018/10/Salcedo-Market-3.jpg?ssl=1,https://www.chuzailiving.com/salcedo-legazpi-market-you-should-not-miss-manila/
salcedo_weekend_market,salcedo_weekend_market/salcedo_weekend_market_0159.jpg,https://i.pinimg.com/736x/17/c6/00/17c600f93cc945db4b549e0372960a9e.jpg,https://ph.pinterest.com/pin/salcedo-market--584131014203084267/
salcedo_weekend_market,salcedo_weekend_market/salcedo_weekend_market_0160.jpg,http://www.digestny.com/storage/P1010617.JPG?__SQUARESPACE_CACHEVERSION=1351507385871,http://www.digestny.com/manila/2012/11/27/salcedo-community-market.html
salcedo_weekend_market,salcedo_weekend_market/salcedo_weekend_market_0161.jpg,https://2.bp.blogspot.com/-Rn3xueXfI8E/UCXEkfqzZ-I/AAAAAAAAAhw/R0NxPokiMYo/s1600/salcedo+market.jpg,https://followthatcraving.blogspot.com/2012/08/the-hustle-and-bustle-of-salcedo-market.html
salcedo_weekend_market,salcedo_weekend_market/salcedo_weekend_market_0162.jpg,https://images.squarespace-cdn.com/content/v1/5d7f2d797a64971f017f10ff/1613983169972-O3GC3AHBLVM39WAUXG5I/02-22+SALCEDO+COMMUNITY+MARKET+P09.png,https://www.zoytotheworld.com/blog/salcedo-community-market-makati
salcedo_weekend_market,salcedo_weekend_market/salcedo_weekend_market_0163.jpg,https://i.pinimg.com/originals/d1/58/d3/d158d3d8e780db42b8fabbec67d12fd6.jpg,https://www.artofit.org/particle/655062708346280489/salcedo-market/
salcedo_weekend_market,salcedo_weekend_market/salcedo_weekend_market_0169.jpg,https://dynamic-media-cdn.tripadvisor.com/media/photo-o/22/37/36/b4/caption.jpg?w=1400&h=1400&s=1,https://www.tripadvisor.com.ph/Attraction_Review-g298450-d1869046-Reviews-Salcedo_Saturday_Market-Makati_Metro_Manila_Luzon.html
salcedo_weekend_market,salcedo_weekend_market/salcedo_weekend_market_0178.jpg,https://i.ytimg.com/vi/Ap9YIZaq6-4/maxresdefault.jpg,https://www.youtube.com/watch?v=Ap9YIZaq6-4
salcedo_weekend_market,salcedo_weekend_market/salcedo_weekend_market_0180.jpg,https://leahdeleon.com/wp-content/uploads/2015/01/P1300125_b.jpg,https://leahdeleon.com/2015/01/25/salcedo-saturday-market/
salcedo_weekend_market,salcedo_weekend_market/salcedo_weekend_market_0184.jpg,https://7641islands.ph/wp-content/uploads/2022/02/Salcedo-Weekend-Market-Makati-City-scaled.jpg,https://7641islands.ph/photos/salcedo-weekend-market/
salcedo_weekend_market,salcedo_weekend_market/salcedo_weekend_market_0185.jpg,https://i.pinimg.com/736x/4b/3d/87/4b3d87349ddffb995eb607d0b0fe1c06.jpg,https://ph.pinterest.com/pin/302726406224793723/
salcedo_weekend_market,salcedo_weekend_market/salcedo_weekend_market_0191.jpg,https://s3-media0.fl.yelpcdn.com/bphoto/IA5vSH17RMLCayHFiYwKNg/348s.jpg,https://www.yelp.com/biz/jaime-c-velasquez-park-makati
salcedo_weekend_market,salcedo_weekend_market/salcedo_weekend_market_0192.jpg,https://www.spellrealty.com/sites/spellrealty.com/files/pictures/developers/alveo/properties/escala_salcedo/ESCALA_Salcedo_Jaime_Velasquez_Park.png,https://www.spellrealty.com/philippines/escala-salcedo-iconic-parkside-living-salcedo-address-the-forbes-park-of-condo-living_24.html
salcedo_weekend_market,salcedo_weekend_market/salcedo_weekend_market_0193.jpg,https://macea.com.ph/wp-content/uploads/2022/02/RYN08094-1024x683.jpg,https://macea.com.ph/2022/02/25/jaime-velasquez-park-a-refreshed-introduction/
salcedo_weekend_market,salcedo_weekend_market/salcedo_weekend_market_0194.jpg,https://blogger.googleusercontent.com/img/b/R29vZ2xl/AVvXsEhifEACBDSrMvRYF0-vCT1QxEpVONzVzGypN0y1dI9iP5KQAvU4GhFKWvG1XF4Q3UUGNt6M6mAirjOlDOMyZEqNojQEFDRXtsK3vYjflfXP_kxuGJJC53yKhNky6mzg0Hu5VnWV7B55zhY/s1600/DSC_1206.jpg,https://www.jonraz.com/2016/01/jaime-velasquez-park.html
salcedo_weekend_market,salcedo_weekend_market/salcedo_weekend_market_0195.jpg,https://macea.com.ph/wp-content/uploads/2022/02/RYN08059-1024x683.jpg,https://macea.com.ph/2022/02/25/jaime-velasquez-park-a-refreshed-introduction/
salcedo_weekend_market,salcedo_weekend_market/salcedo_weekend_market_0196.jpg,https://images.travelandleisureasia.com/wp-content/uploads/sites/3/2024/01/16234817/Where-to-Go-Philippines_GettyImages1153132063-1024x683.jpg,https://www.travelandleisureasia.com/sea/dining/where-to-go-2024-philippines-new-restaurants-bars-hotels-attractions/
salcedo_weekend_market,salcedo_weekend_market/salcedo_weekend_market_0197.jpg,https://media-cdn.tripadvisor.com/media/photo-s/1b/f4/76/60/jaime-c-velasquez-park.jpg,https://www.tripadvisor.com/Attraction_Review-g298450-d5512766-Reviews-Jaime_C_Velasquez_Park-Makati_Metro_Manila_Luzon.html
salcedo_weekend_market,salcedo_weekend_market/salcedo_weekend_market_0198.jpg,https://primer.com.ph/feature/wp-content/uploads/sites/15/2026/03/Salcedo-Park-2048x1152.jpg,https://primer.com.ph/feature/2026/04/01/guide-salcedo-villages-best-eats-community-markets-and-hidden-gems/
salcedo_weekend_market,salcedo_weekend_market/salcedo_weekend_market_0199.jpg,https://macea.com.ph/wp-content/uploads/2022/02/RYN08032-1024x683.jpg,https://macea.com.ph/2022/02/25/jaime-velasquez-park-a-refreshed-introduction/
salcedo_weekend_market,salcedo_weekend_market/salcedo_weekend_market_0200.jpg,https://i.ytimg.com/vi/VuuDA2cHFFw/maxresdefault.jpg,https://www.youtube.com/watch?v=VuuDA2cHFFw
salcedo_weekend_market,salcedo_weekend_market/salcedo_weekend_market_0201.jpg,https://dynamic-media-cdn.tripadvisor.com/media/photo-o/15/f9/59/dc/salcedo-park.jpg?w=1200&h=1200&s=1,https://www.tripadvisor.com.au/Attraction_Review-g298450-d5512766-Reviews-Jaime_C_Velasquez_Park-Makati_Metro_Manila_Luzon.html
salcedo_weekend_market,salcedo_weekend_market/salcedo_weekend_market_0202.jpg,https://macea.com.ph/wp-content/uploads/2022/02/RYN08428-scaled.jpg,https://macea.com.ph/2022/02/25/jaime-velasquez-park-a-refreshed-introduction/
salcedo_weekend_market,salcedo_weekend_market/salcedo_weekend_market_0203.jpg,https://bestinmanila.com/images/salcedo-village-hero.jpg,https://bestinmanila.com/stories/salcedo-village
salcedo_weekend_market,salcedo_weekend_market/salcedo_weekend_market_0204.jpg,https://dynamic-media-cdn.tripadvisor.com/media/photo-o/15/f9/59/d1/salcedo-park.jpg?w=1200&h=1200&s=1,https://www.tripadvisor.com/Attraction_Review-g298450-d5512766-Reviews-Jaime_C_Velasquez_Park-Makati_Metro_Manila_Luzon.html
salcedo_weekend_market,salcedo_weekend_market/salcedo_weekend_market_0205.jpg,https://dynamic-media-cdn.tripadvisor.com/media/photo-o/1b/f4/76/75/prato-spelacchiato.jpg?w=1100&h=1100&s=1,https://www.tripadvisor.com.ph/Attraction_Review-g298450-d5512766-Reviews-Jaime_C_Velasquez_Park-Makati_Metro_Manila_Luzon.html
salcedo_weekend_market,salcedo_weekend_market/salcedo_weekend_market_0206.jpg,https://www.spellrealty.com/sites/spellrealty.com/files/pictures/developers/alveo/properties/escala_salcedo/ESCALA_Salcedo_Jaime_Velasquez_Park2.png,https://www.spellrealty.com/philippines/escala-salcedo-iconic-parkside-living-salcedo-address-the-forbes-park-of-condo-living_24.html
salcedo_weekend_market,salcedo_weekend_market/salcedo_weekend_market_0207.jpg,https://i.ytimg.com/vi/Ksw45WREFps/hqdefault.jpg,https://www.youtube.com/watch?v=Ksw45WREFps
salcedo_weekend_market,salcedo_weekend_market/salcedo_weekend_market_0210.jpg,https://1.bp.blogspot.com/-NfU_OXY0o9o/VaS0QbSja1I/AAAAAAAAJHY/YVMFY3igrNI/s1600/IMAG4413.jpg,https://richric2014.blogspot.com/2015/07/jaime-c-velasquez-park.html
salcedo_weekend_market,salcedo_weekend_market/salcedo_weekend_market_0212.jpg,https://primer.com.ph/event/wp-content/uploads/sites/10/2019/03/art-in-the-park1.jpg,https://primer.com.ph/event/2019/03/06/art-in-the-park-2019/
salcedo_weekend_market,salcedo_weekend_market/salcedo_weekend_market_0213.jpg,https://lh3.googleusercontent.com/-bpZzpFEDvS8/W5x1OSHEYbI/AAAAAAABX5g/sp0ZLtKfR1wTR1DNTIbHyuMqEn96YGy0wCHMYCw/IMG_3210_thumb?imgmax=800,https://eltorobumingo.blogspot.com/2018/09/first-time-at-jaime-c-velasquez-park.html
salcedo_weekend_market,salcedo_weekend_market/salcedo_weekend_market_0220.jpg,https://media-cdn.tripadvisor.com/media/photo-s/1b/f4/76/69/prato-spelacchiato.jpg,https://www.tripadvisor.com/Attraction_Review-g298450-d5512766-Reviews-Jaime_C_Velasquez_Park-Makati_Metro_Manila_Luzon.html
salcedo_weekend_market,salcedo_weekend_market/salcedo_weekend_market_0222.jpg,https://i.ytimg.com/vi/5_oFhVd1rsY/maxresdefault.jpg,https://www.youtube.com/watch?v=5_oFhVd1rsY
salcedo_weekend_market,salcedo_weekend_market/salcedo_weekend_market_0223.jpg,https://i.pinimg.com/originals/b2/6e/4f/b26e4f966f39904c1a422bf95f7a5e21.jpg,https://id.pinterest.com/pin/433612270395893889/
salcedo_weekend_market,salcedo_weekend_market/salcedo_weekend_market_0233.jpg,https://dynamic-media-cdn.tripadvisor.com/media/photo-o/0e/bc/fc/a2/nice-saturday-market.jpg?w=1200&h=1200&s=1,https://www.tripadvisor.com/Attraction_Review-g298450-d5512766-Reviews-Jaime_C_Velasquez_Park-Makati_Metro_Manila_Luzon.html
salcedo_weekend_market,salcedo_weekend_market/salcedo_weekend_market_0238.jpg,https://ee7bpeqviqm.exactdn.com/wp-content/uploads/2026/04/Jaime-C.-Velasquez-Park-Salcedo-Park.webp?strip=all,https://www.overheremanila.com/things-to-do-in-salcedo-village-makati/
salcedo_weekend_market,salcedo_weekend_market/salcedo_weekend_market_0240.jpg,https://primer.com.ph/event/wp-content/uploads/sites/10/2018/03/Art-in-the-Park-crowd-shot-1024x683.jpg,https://primer.com.ph/event/2018/03/22/art-in-the-park-2018-at-salcedo-village-makati-an-affordable-art-fair/
salcedo_weekend_market,salcedo_weekend_market/salcedo_weekend_market_0246.jpg,http://8list.ph/wp-content/uploads/2015/06/jaime.jpg,https://www.windowseat.ph/metro-manila-parks/
salcedo_weekend_market,salcedo_weekend_market/salcedo_weekend_market_0247.jpg,https://primer.com.ph/event/wp-content/uploads/sites/10/2018/03/Art-in-the-Park-crowd-shot-e1521710767416.jpg,https://primer.com.ph/event/2018/03/22/art-in-the-park-2018-at-salcedo-village-makati-an-affordable-art-fair/
salcedo_weekend_market,salcedo_weekend_market/salcedo_weekend_market_0248.jpg,http://makatiprime.weebly.com/uploads/8/2/3/0/82307536/pokemongosalcedo-header_orig.jpg,http://makatiprime.weebly.com/salcedo-village.html
salcedo_weekend_market,salcedo_weekend_market/salcedo_weekend_market_0256.jpg,https://www.makatirent.com/wp-content/uploads/2017/01/Salcedo-Village-H1.jpg,https://www.makatirent.com/salcedo-village
salcedo_weekend_market,salcedo_weekend_market/salcedo_weekend_market_0260.jpg,https://blogger.googleusercontent.com/img/b/R29vZ2xl/AVvXsEhllg0PVDobQNoOfpg3nIkLZhxqUYmBrdwOjbOXI1-Wx-bLM1LZBGFQLwgpttTCtjJ54L3GbjTube1TGrQGHcfrIClsvhzLBlYMvAdpasD7L5i551iuQNkKZicusOUpi3L7q2T80_kgem_OfjLkhAto2N0GSI0zozPtSRMlC_wvYSLJprc9Yj5arf_FBRc/s5712/IMG_0050.jpeg,https://www.cristyinthecity.net/2026/06/the-perfect-saturday-starts-at-salcedo.html
salcedo_weekend_market,salcedo_weekend_market/salcedo_weekend_market_0262.jpg,https://www.easybook.com/images/destination/Philippines/Makati/SalcedoSaturdayMarket/SCMM3.jpg,https://www.easybook.com/tour/destination/philippines/manila/makati/salcedo-saturday-market
salcedo_weekend_market,salcedo_weekend_market/salcedo_weekend_market_0271.jpg,https://i.pinimg.com/originals/d9/c2/04/d9c204b50c6f79810d7f8fc7e66e3a66.jpg,https://www.artofit.org/particle/655062708346280489/salcedo-market/
salcedo_weekend_market,salcedo_weekend_market/salcedo_weekend_market_0273.jpg,https://i.pinimg.com/originals/7f/b6/4d/7fb64d14b7682ebd08e1bf5db249bb05.jpg,https://ph.pinterest.com/pin/salcedo-market--1088041591227826373/
