filename,label,split,group
486749008_984807040476004_8624544257607097892_n.jpg,greenbelt,train,facebook:greenbelt
488654433_984806967142678_3497151697732861545_n.jpg,greenbelt,train,facebook:greenbelt
489697831_984807010476007_5030039396052174787_n.jpg,greenbelt,train,facebook:greenbelt
489925911_984807033809338_4449977689210661845_n.jpg,greenbelt,train,facebook:greenbelt
490030156_984806970476011_1684010418108840120_n.jpg,greenbelt,train,facebook:greenbelt
490077354_984807003809341_6398234755679179567_n.jpg,greenbelt,train,facebook:greenbelt
images (1).jpeg,greenbelt,val,shoot:greenbelt:480x640
images (2).jpeg,greenbelt,val,shoot:greenbelt:480x640
images (3).jpeg,greenbelt,val,shoot:greenbelt:480x640
images (4).jpeg,greenbelt,val,shoot:greenbelt:335x596
Circuit-edited-1-600x332.webp,ayala_malls_circuit,val,shoot:ayala_malls_circuit:332x600
circuit'.jpg,ayala_malls_circuit,train,shoot:ayala_malls_circuit:6120x8160
circuit12.jpg,ayala_malls_circuit,val,shoot:ayala_malls_circuit:640x640
circuit3.jpg,ayala_malls_circuit,train,shoot:ayala_malls_circuit:6120x8160
circuit32412.jpg,ayala_malls_circuit,test,shoot:ayala_malls_circuit:399x501
circuit7634.jpg,ayala_malls_circuit,train,shoot:ayala_malls_circuit:600x800
circuit87-78.jpg,ayala_malls_circuit,train,shoot:ayala_malls_circuit:526x526
circuit987.jpg,ayala_malls_circuit,train,shoot:ayala_malls_circuit:6120x8160
circuit9879.jpg,ayala_malls_circuit,train,shoot:ayala_malls_circuit:736x981
circuitry87.jpg,ayala_malls_circuit,train,shoot:ayala_malls_circuit:6120x8160
imagescircuit.jpg,ayala_malls_circuit,train,shoot:ayala_malls_circuit:554x554
"Glorietta_Square_Makati,_Metro_Manila_(52265481570).jpg",glorietta,train,shoot:glorietta:2268x4032
ayala-center.jpg,ayala_center,val,shoot:ayala_center:1200x1200
ayala.jpg,ayala_center,train,shoot:ayala_center:325x500
commons/ayala_center/86Makati_Central_Business_District_Landmarks_15.jpg,ayala_center,train,commons:ayala_center:Judgefloro
commons/ayala_center/86Makati_Central_Business_District_Landmarks_16.jpg,ayala_center,train,commons:ayala_center:Judgefloro
commons/ayala_center/9763Makati_Central_Business_District_Ayala_Greenbelt_Landmarks_01.jpg,ayala_center,train,commons:ayala_center:Judgefloro
commons/ayala_center/9763Makati_Central_Business_District_Ayala_Greenbelt_Landmarks_02.jpg,ayala_center,train,commons:ayala_center:Judgefloro
commons/ayala_center/9763Makati_Central_Business_District_Ayala_Greenbelt_Landmarks_03.jpg,ayala_center,train,commons:ayala_center:Judgefloro
commons/ayala_center/9763Makati_Central_Business_District_Ayala_Greenbelt_Landmarks_04.jpg,ayala_center,train,commons:ayala_center:Judgefloro
commons/ayala_center/9763Makati_Central_Business_District_Ayala_Greenbelt_Landmarks_05.jpg,ayala_center,train,commons:ayala_center:Judgefloro
commons/ayala_center/9763Makati_Central_Business_District_Ayala_Greenbelt_Landmarks_06.jpg,ayala_center,train,commons:ayala_center:Judgefloro
commons/ayala_center/9763Makati_Central_Business_District_Ayala_Greenbelt_Landmarks_07.jpg,ayala_center,train,commons:ayala_center:Judgefloro
commons/ayala_center/9763Makati_Central_Business_District_Ayala_Greenbelt_Landmarks_08.jpg,ayala_center,train,commons:ayala_center:Judgefloro
commons/ayala_center/Glorettamakatifacade.jpg,ayala_center,test,commons:ayala_center:Themanilaxperience
commons/ayala_center/Makati_Avenue_and_Ayala_Avenue_Intersection_Makati_City_July_2023.jpg,ayala_center,train,commons:ayala_center:Ralff Nestor Nacor
commons/ayala_center/Paseo_de_Roxas_and_Ayala_Avenue_Intersection_Makati_City_July_2023.jpg,ayala_center,train,commons:ayala_center:Ralff Nestor Nacor
commons/ayala_center/V.A._Rufino_St._and_Ayala_Avenue_Intersection_Makati_City_July_2023.jpg,ayala_center,train,commons:ayala_center:Ralff Nestor Nacor
commons/ayala_malls_circuit/07935jfExterior_of_Circuit_Lane_Ayala_Malls_Circuit_Carmona_Makatifvf_01.jpg,ayala_malls_circuit,train,commons:ayala_malls_circuit:Judgefloro
commons/ayala_malls_circuit/07935jfExterior_of_Circuit_Lane_Ayala_Malls_Circuit_Carmona_Makatifvf_09.jpg,ayala_malls_circuit,train,commons:ayala_malls_circuit:Judgefloro
commons/ayala_malls_circuit/07935jfExterior_of_Circuit_Lane_Ayala_Malls_Circuit_Carmona_Makatifvf_17.jpg,ayala_malls_circuit,train,commons:ayala_malls_circuit:Judgefloro
commons/ayala_malls_circuit/07935jfExterior_of_Circuit_Lane_Ayala_Malls_Circuit_Carmona_Makatifvf_21.jpg,ayala_malls_circuit,train,commons:ayala_malls_circuit:Judgefloro
commons/ayala_malls_circuit/07935jfExterior_of_Circuit_Lane_Ayala_Malls_Circuit_Carmona_Makatifvf_23.jpg,ayala_malls_circuit,train,commons:ayala_malls_circuit:Judgefloro
commons/ayala_malls_circuit/07935jfExterior_of_Circuit_Lane_Ayala_Malls_Circuit_Carmona_Makatifvf_35.jpg,ayala_malls_circuit,train,commons:ayala_malls_circuit:Judgefloro
commons/ayala_malls_circuit/08205jfSunsets_Carmona_Circuit_Makati_Ayala_Mallsfvf_43.jpg,ayala_malls_circuit,train,commons:ayala_malls_circuit:Judgefloro
commons/ayala_malls_circuit/08205jfSunsets_Carmona_Circuit_Makati_Ayala_Mallsfvf_44.jpg,ayala_malls_circuit,train,commons:ayala_malls_circuit:Judgefloro
commons/ayala_malls_circuit/08250jfSunsets_Carmona_Circuit_Makati_Ayala_Mallsfvf_08.jpg,ayala_malls_circuit,train,commons:ayala_malls_circuit:Judgefloro
commons/ayala_malls_circuit/08250jfSunsets_Carmona_Circuit_Makati_Ayala_Mallsfvf_11.jpg,ayala_malls_circuit,train,commons:ayala_malls_circuit:Judgefloro
commons/ayala_malls_circuit/08250jfSunsets_Carmona_Circuit_Makati_Ayala_Mallsfvf_17.jpg,ayala_malls_circuit,train,commons:ayala_malls_circuit:Judgefloro
commons/ayala_malls_circuit/08250jfSunsets_Carmona_Circuit_Makati_Ayala_Mallsfvf_20.jpg,ayala_malls_circuit,train,commons:ayala_malls_circuit:Judgefloro
commons/ayala_malls_circuit/08250jfSunsets_Carmona_Circuit_Makati_Ayala_Mallsfvf_23.jpg,ayala_malls_circuit,train,commons:ayala_malls_circuit:Judgefloro
commons/ayala_malls_circuit/08250jfSunsets_Carmona_Circuit_Makati_Ayala_Mallsfvf_24.jpg,ayala_malls_circuit,train,commons:ayala_malls_circuit:Judgefloro
commons/ayala_malls_circuit/08250jfSunsets_Carmona_Circuit_Makati_Ayala_Mallsfvf_26.jpg,ayala_malls_circuit,train,commons:ayala_malls_circuit:Judgefloro
commons/ayala_malls_circuit/08250jfSunsets_Carmona_Circuit_Makati_Ayala_Mallsfvf_28.jpg,ayala_malls_circuit,train,commons:ayala_malls_circuit:Judgefloro
commons/ayala_malls_circuit/08250jfSunsets_Carmona_Circuit_Makati_Ayala_Mallsfvf_30.jpg,ayala_malls_circuit,train,commons:ayala_malls_circuit:Judgefloro
commons/ayala_malls_circuit/08250jfSunsets_Carmona_Circuit_Makati_Ayala_Mallsfvf_32.jpg,ayala_malls_circuit,train,commons:ayala_malls_circuit:Judgefloro
commons/ayala_malls_circuit/09975JfBarangays_Carmona_Buildings_Construction_Circuit_Ayala_Malls_Makati_Cityfvf_08.jpg,ayala_malls_circuit,train,commons:ayala_malls_circuit:Judgefloro
commons/ayala_malls_circuit/09975JfBarangays_Carmona_Buildings_Construction_Circuit_Ayala_Malls_Makati_Cityfvf_17.jpg,ayala_malls_circuit,train,commons:ayala_malls_circuit:Judgefloro
commons/ayala_malls_circuit/Ayala_Malls_Circuit_Makati.jpg,ayala_malls_circuit,val,commons:ayala_malls_circuit:A.C.T. Alejandre
commons/ayala_museum/Ayala_Museum_Makati_Feb_2025_4_.jpg,ayala_museum,train,commons:ayala_museum:Ralff Nestor Nacor
commons/ayala_museum/Ayala_Museum_Marker_May_2024.jpg,ayala_museum,train,commons:ayala_museum:Ralff Nestor Nacor
commons/ayala_museum/Filipinas_Heritage_Library_-_Ayala_Museum_logo.jpg,ayala_museum,train,commons:ayala_museum:Ralff Nestor Nacor
commons/ayala_museum/Filipinas_Heritage_Library_-_Ayala_Museum_logo_2_.jpg,ayala_museum,train,commons:ayala_museum:Ralff Nestor Nacor
commons/ayala_museum/The_DIary_of_Tetsuya_Noda_at_the_Ayala_Museum.jpg,ayala_museum,test,commons:ayala_museum:Satoshikyo
commons/glorietta/Busy_Makati_night_with_InterContinental_500px_photo_.jpg,glorietta,train,commons:glorietta:Anton Domingo
commons/glorietta/Glo12facade.jpg,glorietta,train,commons:glorietta:Timothy2170
commons/glorietta/Glorietta_17106108838_.jpg,glorietta,train,"commons:glorietta:Jorge Láscar from Melbourne, Australia"
commons/glorietta/Glorietta_2024.jpg,glorietta,test,commons:glorietta:ScarletViolet
commons/glorietta/Glorietta_Park_View.jpg,glorietta,train,commons:glorietta:Ganmatthew
commons/glorietta/Glorietta_Square_Makati_Metro_Manila_52265013633_.jpg,glorietta,test,"commons:glorietta:Dinesh Valke from Thane, India"
commons/glorietta/Glorietta_Square_Makati_Metro_Manila_52265481340_.jpg,glorietta,test,"commons:glorietta:Dinesh Valke from Thane, India"
commons/glorietta/Glorietta_Uniqlo.jpg,glorietta,test,commons:glorietta:ScarletViolet
commons/glorietta/Salo-Salo_Sa_Sanlo_Grand_Santacruzan_37.jpg,glorietta,train,commons:glorietta:FJoseVF
commons/greenbelt/173Makati_Central_Business_District_Landmarks_02.jpg,greenbelt,train,commons:greenbelt:Judgefloro
commons/greenbelt/173Makati_Central_Business_District_Landmarks_07.jpg,greenbelt,train,commons:greenbelt:Judgefloro
commons/greenbelt/173Makati_Central_Business_District_Landmarks_14.jpg,greenbelt,train,commons:greenbelt:Judgefloro
commons/greenbelt/173Makati_Central_Business_District_Landmarks_21.jpg,greenbelt,train,commons:greenbelt:Judgefloro
commons/greenbelt/9763Makati_Central_Business_District_Ayala_Greenbelt_Landmarks_21.jpg,greenbelt,train,commons:greenbelt:Judgefloro
commons/greenbelt/9862Makati_Central_Business_District_Ayala_Greenbelt_Landmarks_01.jpg,greenbelt,train,commons:greenbelt:Judgefloro
commons/greenbelt/9862Makati_Central_Business_District_Ayala_Greenbelt_Landmarks_21.jpg,greenbelt,train,commons:greenbelt:Judgefloro
commons/greenbelt/9912Makati_Central_Business_District_Ayala_Greenbelt_Landmarks_26.jpg,greenbelt,train,commons:greenbelt:Judgefloro
commons/greenbelt/9912Makati_Central_Business_District_Ayala_Greenbelt_Landmarks_27.jpg,greenbelt,train,commons:greenbelt:Judgefloro
commons/greenbelt/9912Makati_Central_Business_District_Ayala_Greenbelt_Landmarks_37.jpg,greenbelt,train,commons:greenbelt:Judgefloro
commons/greenbelt/9912Makati_Central_Business_District_Ayala_Greenbelt_Landmarks_43.jpg,greenbelt,train,commons:greenbelt:Judgefloro
commons/greenbelt/9964Makati_Central_Business_District_Ayala_Greenbelt_Landmarks_01.jpg,greenbelt,train,commons:greenbelt:Judgefloro
commons/greenbelt/9964Makati_Central_Business_District_Ayala_Greenbelt_Landmarks_09.jpg,greenbelt,train,commons:greenbelt:Judgefloro
commons/greenbelt/9964Makati_Central_Business_District_Ayala_Greenbelt_Landmarks_10.jpg,greenbelt,train,commons:greenbelt:Judgefloro
commons/greenbelt/9964Makati_Central_Business_District_Ayala_Greenbelt_Landmarks_17.jpg,greenbelt,train,commons:greenbelt:Judgefloro
commons/greenbelt/9964Makati_Central_Business_District_Ayala_Greenbelt_Landmarks_18.jpg,greenbelt,train,commons:greenbelt:Judgefloro
commons/greenbelt/9964Makati_Central_Business_District_Ayala_Greenbelt_Landmarks_20.jpg,greenbelt,train,commons:greenbelt:Judgefloro
commons/greenbelt/9964Makati_Central_Business_District_Ayala_Greenbelt_Landmarks_21.jpg,greenbelt,train,commons:greenbelt:Judgefloro
commons/greenbelt/9964Makati_Central_Business_District_Ayala_Greenbelt_Landmarks_25.jpg,greenbelt,train,commons:greenbelt:Judgefloro
commons/greenbelt/9964Makati_Central_Business_District_Ayala_Greenbelt_Landmarks_33.jpg,greenbelt,train,commons:greenbelt:Judgefloro
commons/greenbelt/Greenbelt_Makati_Drop_Off_Taxi_Stand.jpg,greenbelt,train,commons:greenbelt:Top5 Pilipinas YT
commons/greenbelt/Greenbelt_Mall_Manila.jpg,greenbelt,train,commons:greenbelt:User: (WT-shared) Shoestring at  wts wikivoyage
commons/greenbelt/Greenbelt_Park_Makati_Jul_2024.jpg,greenbelt,train,commons:greenbelt:Ralff Nestor Nacor
commons/greenbelt/Manila_Makati_Philippines.jpg,greenbelt,test,commons:greenbelt:Vyacheslav Argenberg
commons/makati_city_hall/09518jfMakati_City_Halls_Quadrangle_Complex_Jose_Rizal_monumentfvf_05.jpg,makati_city_hall,train,commons:makati_city_hall:Judgefloro
commons/makati_city_hall/09518jfMakati_City_Halls_Quadrangle_Complex_Jose_Rizal_monumentfvf_06.jpg,makati_city_hall,train,commons:makati_city_hall:Judgefloro
commons/makati_city_hall/09518jfMakati_City_Halls_Quadrangle_Complex_Jose_Rizal_monumentfvf_07.jpg,makati_city_hall,train,commons:makati_city_hall:Judgefloro
commons/makati_city_hall/09518jfMakati_City_Halls_Quadrangle_Complex_Jose_Rizal_monumentfvf_08.jpg,makati_city_hall,train,commons:makati_city_hall:Judgefloro
commons/makati_city_hall/09562jfMakati_City_Halls_Quadrangle_Complex_Jose_Rizal_monumentfvf_18.jpg,makati_city_hall,train,commons:makati_city_hall:Judgefloro
commons/makati_city_hall/09562jfMakati_City_Halls_Quadrangle_Complex_Jose_Rizal_monumentfvf_21.jpg,makati_city_hall,train,commons:makati_city_hall:Judgefloro
commons/makati_city_hall/09562jfMakati_City_Halls_Quadrangle_Complex_Jose_Rizal_monumentfvf_23.jpg,makati_city_hall,train,commons:makati_city_hall:Judgefloro
commons/makati_city_hall/09562jfMakati_City_Halls_Quadrangle_Complex_Jose_Rizal_monumentfvf_27.jpg,makati_city_hall,train,commons:makati_city_hall:Judgefloro
commons/makati_city_hall/09562jfMakati_City_Halls_Quadrangle_Complex_Jose_Rizal_monumentfvf_29.jpg,makati_city_hall,train,commons:makati_city_hall:Judgefloro
commons/makati_city_hall/09562jfMakati_City_Halls_Quadrangle_Complex_Jose_Rizal_monumentfvf_30.jpg,makati_city_hall,train,commons:makati_city_hall:Judgefloro
commons/makati_city_hall/09562jfMakati_City_Halls_Quadrangle_Complex_Jose_Rizal_monumentfvf_36.jpg,makati_city_hall,train,commons:makati_city_hall:Judgefloro
commons/makati_city_hall/09562jfMakati_City_Halls_Quadrangle_Complex_Jose_Rizal_monumentfvf_37.jpg,makati_city_hall,train,commons:makati_city_hall:Judgefloro
commons/makati_city_hall/09562jfMakati_City_Halls_Quadrangle_Complex_Jose_Rizal_monumentfvf_39.jpg,makati_city_hall,train,commons:makati_city_hall:Judgefloro
commons/makati_city_hall/09562jfMakati_City_Halls_Quadrangle_Complex_Jose_Rizal_monumentfvf_45.jpg,makati_city_hall,train,commons:makati_city_hall:Judgefloro
commons/makati_city_hall/09607jfMakati_City_Halls_Quadrangle_Complex_Jose_Rizal_monumentfvf_02.jpg,makati_city_hall,train,commons:makati_city_hall:Judgefloro
commons/makati_city_hall/09607jfMakati_City_Halls_Quadrangle_Complex_Jose_Rizal_monumentfvf_07.jpg,makati_city_hall,train,commons:makati_city_hall:Judgefloro
commons/makati_city_hall/09607jfMakati_City_Halls_Quadrangle_Complex_Jose_Rizal_monumentfvf_13.jpg,makati_city_hall,train,commons:makati_city_hall:Judgefloro
commons/makati_city_hall/09607jfMakati_City_Halls_Quadrangle_Complex_Jose_Rizal_monumentfvf_16.jpg,makati_city_hall,train,commons:makati_city_hall:Judgefloro
commons/makati_city_hall/09607jfMakati_City_Halls_Quadrangle_Complex_Jose_Rizal_monumentfvf_19.jpg,makati_city_hall,train,commons:makati_city_hall:Judgefloro
commons/makati_city_hall/09607jfMakati_City_Halls_Quadrangle_Complex_Jose_Rizal_monumentfvf_22.jpg,makati_city_hall,train,commons:makati_city_hall:Judgefloro
commons/makati_city_hall/09607jfMakati_City_Halls_Quadrangle_Complex_Jose_Rizal_monumentfvf_25.jpg,makati_city_hall,train,commons:makati_city_hall:Judgefloro
commons/makati_city_hall/09607jfMakati_City_Halls_Quadrangle_Complex_Jose_Rizal_monumentfvf_26.jpg,makati_city_hall,train,commons:makati_city_hall:Judgefloro
commons/makati_city_hall/09607jfMakati_City_Halls_Quadrangle_Complex_Jose_Rizal_monumentfvf_32.jpg,makati_city_hall,train,commons:makati_city_hall:Judgefloro
commons/makati_city_hall/09652jfMakati_City_Halls_Quadrangle_Complex_Jose_Rizal_monumentfvf_39.jpg,makati_city_hall,train,commons:makati_city_hall:Judgefloro
commons/makati_city_hall/09652jfMakati_City_Halls_Quadrangle_Complex_Jose_Rizal_monumentfvf_40.jpg,makati_city_hall,train,commons:makati_city_hall:Judgefloro
commons/makati_city_hall/09652jfMakati_City_Halls_Quadrangle_Complex_Jose_Rizal_monumentfvf_44.jpg,makati_city_hall,train,commons:makati_city_hall:Judgefloro
commons/makati_city_hall/09697jfMakati_City_Halls_Quadrangle_Complex_Jose_Rizal_monumentfvf_29.jpg,makati_city_hall,train,commons:makati_city_hall:Judgefloro
commons/makati_city_hall/09697jfMakati_City_Halls_Quadrangle_Complex_Jose_Rizal_monumentfvf_31.jpg,makati_city_hall,train,commons:makati_city_hall:Judgefloro
commons/makati_city_hall/Makati_City_Hall_front_elevation.jpg,makati_city_hall,train,commons:makati_city_hall:Aerous
commons/makati_city_hall/Old_Makati_City_Hall_J.P._Rizal_Makati_06-20-2021_.jpg,makati_city_hall,train,commons:makati_city_hall:patrickroque01
commons/makati_city_hall/Old_Makati_City_Hall_facade.jpg,makati_city_hall,test,commons:makati_city_hall:Roel Balingit
commons/makati_city_hall/Old_and_new_Makati_City_Hall.jpg,makati_city_hall,test,commons:makati_city_hall:Roel Balingit
commons/makati_city_hall/Views_of_rivers_Pasig_Ferry_31.jpg,makati_city_hall,train,commons:makati_city_hall:E911a
commons/one_ayala/One_Ayala_Entrance_from_MRT_3_Ayala_Station_Makati_City.jpg,one_ayala,train,commons:one_ayala:Ralff Nestor Nacor
commons/one_ayala/One_Ayala_MRT_Ayala_entrance.jpg,one_ayala,train,commons:one_ayala:Hariboneagle927
commons/one_ayala/One_Ayala_bus_terminal_1.jpg,one_ayala,train,commons:one_ayala:Hariboneagle927
commons/one_ayala/One_Ayala_bus_terminal_2.jpg,one_ayala,train,commons:one_ayala:Hariboneagle927
commons/powerplant_mall/Rockwell_Power_Plant_Mall_A_Dec_6_2024_.jpg,powerplant_mall,test,commons:powerplant_mall:RFNirmala
commons/powerplant_mall/Rockwell_Power_Plant_Mall_B_Dec_6_2024_.jpg,powerplant_mall,test,commons:powerplant_mall:RFNirmala
commons/powerplant_mall/Rockwell_Power_Plant_Mall_C_Dec_6_2024_.jpg,powerplant_mall,test,commons:powerplant_mall:RFNirmala
commons/powerplant_mall/Rockwell_Power_Plant_Mall_F_Dec_6_2024_.jpg,powerplant_mall,test,commons:powerplant_mall:RFNirmala
commons/powerplant_mall/Rockwell_Power_Plant_Mall_G_Dec_6_2024_.jpg,powerplant_mall,test,commons:powerplant_mall:RFNirmala
commons/rcbc_plaza/9502City_Hall_of_Manila_01.jpg,rcbc_plaza,test,commons:rcbc_plaza:Judgefloro
commons/rcbc_plaza/Ermita_Manila_City_Metro_Manila_Districts_2023-08-20_E911a_23.jpg,rcbc_plaza,train,commons:rcbc_plaza:E911a
commons/rcbc_plaza/Ermita_Manila_City_Metro_Manila_Districts_2023-08-20_E911a_27.jpg,rcbc_plaza,train,commons:rcbc_plaza:E911a
commons/rcbc_plaza/The_Amazing_Views_of_RCBC_Plaza_Makati_City.jpg,rcbc_plaza,train,commons:rcbc_plaza:Ralff Nestor Nacor
commons/rcbc_plaza/The_Spirit_of_EDSA_Monument_Makati_City_Jul_2024.jpg,rcbc_plaza,train,commons:rcbc_plaza:Ralff Nestor Nacor
commons/rcbc_plaza/The_Spirit_of_EDSA_Monument_Makati_Jun_2025_3_.jpg,rcbc_plaza,train,commons:rcbc_plaza:Ralff Nestor Nacor
commons/rcbc_plaza/Yuchengco_Museum_Entrance_Makati_City_Jul_2024.jpg,rcbc_plaza,train,commons:rcbc_plaza:Ralff Nestor Nacor
commons/rcbc_plaza/Yuchengco_Museum_Makati_City_Feb_2024.jpg,rcbc_plaza,train,commons:rcbc_plaza:Ralff Nestor Nacor
commons/rcbc_plaza/Yuchengco_Museum_from_Ayala_Avenue_Makati_Jun_2025.jpg,rcbc_plaza,train,commons:rcbc_plaza:Ralff Nestor Nacor
commons/salcedo_weekend_market/Barranquilla_Parque_Sur_Salcedo.jpg,salcedo_weekend_market,train,commons:salcedo_weekend_market:Jdvillalobos
commons/salcedo_weekend_market/Salcedo_Park_01.jpg,salcedo_weekend_market,test,commons:salcedo_weekend_market:RioHondo (talk) (Uploads)
commons/salcedo_weekend_market/Salcedo_Park_02.jpg,salcedo_weekend_market,test,commons:salcedo_weekend_market:RioHondo (talk) (Uploads)
commons/salcedo_weekend_market/Salcedo_Park_03.jpg,salcedo_weekend_market,test,commons:salcedo_weekend_market:RioHondo (talk) (Uploads)
commons/salcedo_weekend_market/Salcedo_Park_05.jpg,salcedo_weekend_market,test,commons:salcedo_weekend_market:RioHondo (talk) (Uploads)
commons/salcedo_weekend_market/Salcedo_Park_Makati_09Sep2026_01.jpg,salcedo_weekend_market,val,commons:salcedo_weekend_market:RFNirmala
commons/salcedo_weekend_market/Salcedo_Park_Makati_09Sep2026_02.jpg,salcedo_weekend_market,val,commons:salcedo_weekend_market:RFNirmala
commons/salcedo_weekend_market/Salcedo_Park_Makati_09Sep2026_03.jpg,salcedo_weekend_market,val,commons:salcedo_weekend_market:RFNirmala
commons/salcedo_weekend_market/Salcedo_Park_Makati_09Sep2026_04.jpg,salcedo_weekend_market,val,commons:salcedo_weekend_market:RFNirmala
commons/salcedo_weekend_market/Salcedo_Park_Makati_09Sep2026_05.jpg,salcedo_weekend_market,val,commons:salcedo_weekend_market:RFNirmala
commons/salcedo_weekend_market/Salcedo_Park_Makati_09Sep2026_06.jpg,salcedo_weekend_market,val,commons:salcedo_weekend_market:RFNirmala
commons/salcedo_weekend_market/Salcedo_Park_Makati_09Sep2026_07.jpg,salcedo_weekend_market,val,commons:salcedo_weekend_market:RFNirmala
commons/salcedo_weekend_market/Salcedo_Park_Makati_09Sep2026_08.jpg,salcedo_weekend_market,val,commons:salcedo_weekend_market:RFNirmala
commons/sm_makati/9991Makati_Central_Business_District_Landmarks_06.jpg,sm_makati,train,commons:sm_makati:Judgefloro
commons/sm_makati/9991Makati_Central_Business_District_Landmarks_07.jpg,sm_makati,train,commons:sm_makati:Judgefloro
commons/sm_makati/9991Makati_Central_Business_District_Landmarks_08.jpg,sm_makati,train,commons:sm_makati:Judgefloro
commons/sm_makati/9991Makati_Central_Business_District_Landmarks_09.jpg,sm_makati,train,commons:sm_makati:Judgefloro
commons/sm_makati/9991Makati_Central_Business_District_Landmarks_10.jpg,sm_makati,train,commons:sm_makati:Judgefloro
commons/sm_makati/9991Makati_Central_Business_District_Landmarks_11.jpg,sm_makati,train,commons:sm_makati:Judgefloro
commons/sm_makati/9991Makati_Central_Business_District_Landmarks_12.jpg,sm_makati,train,commons:sm_makati:Judgefloro
commons/sm_makati/9991Makati_Central_Business_District_Landmarks_16.jpg,sm_makati,train,commons:sm_makati:Judgefloro
commons/sm_makati/9991Makati_Central_Business_District_Landmarks_17.jpg,sm_makati,train,commons:sm_makati:Judgefloro
commons/sm_makati/9991Makati_Central_Business_District_Landmarks_18.jpg,sm_makati,train,commons:sm_makati:Judgefloro
commons/sm_makati/9991Makati_Central_Business_District_Landmarks_19.jpg,sm_makati,train,commons:sm_makati:Judgefloro
commons/sm_makati/Smmakatijf.jpg,sm_makati,train,commons:sm_makati:Ramon FVelasquez
commons/st_john_bosco_parish/07260jfSan_Lorenzo_John_Bosco_Parish_Church_Pio_del_Pilar_Makati_Cityfvf_03.jpg,st_john_bosco_parish,train,commons:st_john_bosco_parish:Judgefloro
commons/st_john_bosco_parish/07260jfSan_Lorenzo_John_Bosco_Parish_Church_Pio_del_Pilar_Makati_Cityfvf_04.jpg,st_john_bosco_parish,train,commons:st_john_bosco_parish:Judgefloro
commons/st_john_bosco_parish/07260jfSan_Lorenzo_John_Bosco_Parish_Church_Pio_del_Pilar_Makati_Cityfvf_05.jpg,st_john_bosco_parish,train,commons:st_john_bosco_parish:Judgefloro
commons/st_john_bosco_parish/07260jfSan_Lorenzo_John_Bosco_Parish_Church_Pio_del_Pilar_Makati_Cityfvf_07.jpg,st_john_bosco_parish,train,commons:st_john_bosco_parish:Judgefloro
commons/st_john_bosco_parish/07260jfSan_Lorenzo_John_Bosco_Parish_Church_Pio_del_Pilar_Makati_Cityfvf_08.jpg,st_john_bosco_parish,train,commons:st_john_bosco_parish:Judgefloro
commons/st_john_bosco_parish/07260jfSan_Lorenzo_John_Bosco_Parish_Church_Pio_del_Pilar_Makati_Cityfvf_09.jpg,st_john_bosco_parish,train,commons:st_john_bosco_parish:Judgefloro
commons/st_john_bosco_parish/07260jfSan_Lorenzo_John_Bosco_Parish_Church_Pio_del_Pilar_Makati_Cityfvf_11.jpg,st_john_bosco_parish,train,commons:st_john_bosco_parish:Judgefloro
commons/st_john_bosco_parish/07260jfSan_Lorenzo_John_Bosco_Parish_Church_Pio_del_Pilar_Makati_Cityfvf_12.jpg,st_john_bosco_parish,train,commons:st_john_bosco_parish:Judgefloro
commons/st_john_bosco_parish/07260jfSan_Lorenzo_John_Bosco_Parish_Church_Pio_del_Pilar_Makati_Cityfvf_13.jpg,st_john_bosco_parish,train,commons:st_john_bosco_parish:Judgefloro
commons/st_john_bosco_parish/07260jfSan_Lorenzo_John_Bosco_Parish_Church_Pio_del_Pilar_Makati_Cityfvf_17.jpg,st_john_bosco_parish,train,commons:st_john_bosco_parish:Judgefloro
commons/st_john_bosco_parish/07260jfSan_Lorenzo_John_Bosco_Parish_Church_Pio_del_Pilar_Makati_Cityfvf_19.jpg,st_john_bosco_parish,train,commons:st_john_bosco_parish:Judgefloro
commons/st_john_bosco_parish/07260jfSan_Lorenzo_John_Bosco_Parish_Church_Pio_del_Pilar_Makati_Cityfvf_20.jpg,st_john_bosco_parish,train,commons:st_john_bosco_parish:Judgefloro
commons/st_john_bosco_parish/07260jfSan_Lorenzo_John_Bosco_Parish_Church_Pio_del_Pilar_Makati_Cityfvf_27.jpg,st_john_bosco_parish,train,commons:st_john_bosco_parish:Judgefloro
commons/st_john_bosco_parish/07395jfSan_Lorenzo_John_Bosco_Parish_Church_Pio_del_Pilar_Makati_Cityfvf_06.jpg,st_john_bosco_parish,train,commons:st_john_bosco_parish:Judgefloro
commons/st_john_bosco_parish/07395jfSan_Lorenzo_John_Bosco_Parish_Church_Pio_del_Pilar_Makati_Cityfvf_09.jpg,st_john_bosco_parish,train,commons:st_john_bosco_parish:Judgefloro
commons/st_john_bosco_parish/07395jfSan_Lorenzo_John_Bosco_Parish_Church_Pio_del_Pilar_Makati_Cityfvf_10.jpg,st_john_bosco_parish,train,commons:st_john_bosco_parish:Judgefloro
commons/st_john_bosco_parish/07395jfSan_Lorenzo_John_Bosco_Parish_Church_Pio_del_Pilar_Makati_Cityfvf_13.jpg,st_john_bosco_parish,train,commons:st_john_bosco_parish:Judgefloro
commons/st_john_bosco_parish/07395jfSan_Lorenzo_John_Bosco_Parish_Church_Pio_del_Pilar_Makati_Cityfvf_15.jpg,st_john_bosco_parish,train,commons:st_john_bosco_parish:Judgefloro
commons/st_john_bosco_parish/07395jfSan_Lorenzo_John_Bosco_Parish_Church_Pio_del_Pilar_Makati_Cityfvf_16.jpg,st_john_bosco_parish,train,commons:st_john_bosco_parish:Judgefloro
commons/st_john_bosco_parish/07395jfSan_Lorenzo_John_Bosco_Parish_Church_Pio_del_Pilar_Makati_Cityfvf_18.jpg,st_john_bosco_parish,train,commons:st_john_bosco_parish:Judgefloro
commons/st_john_bosco_parish/07395jfSan_Lorenzo_John_Bosco_Parish_Church_Pio_del_Pilar_Makati_Cityfvf_19.jpg,st_john_bosco_parish,train,commons:st_john_bosco_parish:Judgefloro
commons/st_john_bosco_parish/07395jfSan_Lorenzo_John_Bosco_Parish_Church_Pio_del_Pilar_Makati_Cityfvf_20.jpg,st_john_bosco_parish,train,commons:st_john_bosco_parish:Judgefloro
commons/st_john_bosco_parish/07395jfSan_Lorenzo_John_Bosco_Parish_Church_Pio_del_Pilar_Makati_Cityfvf_21.jpg,st_john_bosco_parish,train,commons:st_john_bosco_parish:Judgefloro
commons/st_john_bosco_parish/07395jfSan_Lorenzo_John_Bosco_Parish_Church_Pio_del_Pilar_Makati_Cityfvf_22.jpg,st_john_bosco_parish,train,commons:st_john_bosco_parish:Judgefloro
commons/st_john_bosco_parish/07395jfSan_Lorenzo_John_Bosco_Parish_Church_Pio_del_Pilar_Makati_Cityfvf_23.jpg,st_john_bosco_parish,train,commons:st_john_bosco_parish:Judgefloro
commons/st_john_bosco_parish/07395jfSan_Lorenzo_John_Bosco_Parish_Church_Pio_del_Pilar_Makati_Cityfvf_24.jpg,st_john_bosco_parish,train,commons:st_john_bosco_parish:Judgefloro
commons/st_john_bosco_parish/07395jfSan_Lorenzo_John_Bosco_Parish_Church_Pio_del_Pilar_Makati_Cityfvf_26.jpg,st_john_bosco_parish,train,commons:st_john_bosco_parish:Judgefloro
commons/st_john_bosco_parish/07432jfSan_Lorenzo_John_Bosco_Parish_Church_Pio_del_Pilar_Makati_Cityfvf_30.jpg,st_john_bosco_parish,train,commons:st_john_bosco_parish:Judgefloro
commons/st_john_bosco_parish/07432jfSan_Lorenzo_John_Bosco_Parish_Church_Pio_del_Pilar_Makati_Cityfvf_34.jpg,st_john_bosco_parish,train,commons:st_john_bosco_parish:Judgefloro
commons/the_landmark_makati/9763Makati_Central_Business_District_Ayala_Greenbelt_Landmarks_09.jpg,the_landmark_makati,train,commons:the_landmark_makati:Judgefloro
commons/the_landmark_makati/9763Makati_Central_Business_District_Ayala_Greenbelt_Landmarks_10.jpg,the_landmark_makati,train,commons:the_landmark_makati:Judgefloro
commons/the_landmark_makati/9763Makati_Central_Business_District_Ayala_Greenbelt_Landmarks_11.jpg,the_landmark_makati,train,commons:the_landmark_makati:Judgefloro
commons/the_landmark_makati/9763Makati_Central_Business_District_Ayala_Greenbelt_Landmarks_12.jpg,the_landmark_makati,train,commons:the_landmark_makati:Judgefloro
commons/the_landmark_makati/9763Makati_Central_Business_District_Ayala_Greenbelt_Landmarks_13.jpg,the_landmark_makati,train,commons:the_landmark_makati:Judgefloro
commons/the_landmark_makati/9763Makati_Central_Business_District_Ayala_Greenbelt_Landmarks_14.jpg,the_landmark_makati,train,commons:the_landmark_makati:Judgefloro
commons/the_landmark_makati/9763Makati_Central_Business_District_Ayala_Greenbelt_Landmarks_15.jpg,the_landmark_makati,train,commons:the_landmark_makati:Judgefloro
commons/the_landmark_makati/9763Makati_Central_Business_District_Ayala_Greenbelt_Landmarks_16.jpg,the_landmark_makati,train,commons:the_landmark_makati:Judgefloro
commons/the_landmark_makati/9763Makati_Central_Business_District_Ayala_Greenbelt_Landmarks_17.jpg,the_landmark_makati,train,commons:the_landmark_makati:Judgefloro
commons/the_landmark_makati/9763Makati_Central_Business_District_Ayala_Greenbelt_Landmarks_18.jpg,the_landmark_makati,train,commons:the_landmark_makati:Judgefloro
commons/the_landmark_makati/9763Makati_Central_Business_District_Ayala_Greenbelt_Landmarks_19.jpg,the_landmark_makati,train,commons:the_landmark_makati:Judgefloro
commons/the_landmark_makati/9763Makati_Central_Business_District_Ayala_Greenbelt_Landmarks_20.jpg,the_landmark_makati,train,commons:the_landmark_makati:Judgefloro
web/ayala_center/ayala_center_0000.jpg,ayala_center,train,page:https://yaksonhouse.blogspot.com/2013/08/the-makati-city-in-philippines.html
web/ayala_center/ayala_center_0005.jpg,ayala_center,test,page:https://getoccupi.com/malls/ayala-center
web/ayala_center/ayala_center_0031.jpg,ayala_center,train,page:http://www.foongpc.com/2011/04/shopping-at-greenbelt-and-glorietta-in.html
web/ayala_center/ayala_center_0075.jpg,ayala_center,test,page:https://getoccupi.com/malls/ayala-center
web/ayala_center/ayala_center_0076.jpg,ayala_center,val,page:https://onedayitinerary.com/one-day-in-manila-itinerary/
web/ayala_center/ayala_center_0114.jpg,ayala_center,val,page:https://www.dreamstime.com/ayala-center-mall-makati-metro-manila-ayala-center-shopping-mall-makati-central-business-district-metro-manila-philippines-image107676239
web/ayala_center/ayala_center_0264.jpg,ayala_center,train,page:https://mindtrip.ai/attraction/makati-luzon/ayala-avenue/at-Bq89xFcY
web/ayala_center/ayala_center_0001.jpg,greenbelt,train,page:https://www.alamy.com/stock-photo/makati-travel.html
web/ayala_center/ayala_center_0004.jpg,greenbelt,val,page:https://fity.club/lists/suggestions/Greenbelt-Ayala-Center/
web/ayala_center/ayala_center_0006.jpg,greenbelt,train,page:https://www.alamy.com/stock-photo/greenbelt-land.html
web/ayala_center/ayala_center_0008.jpg,greenbelt,test,page:https://www.alamy.com/stock-photo/city-center-travel-location-destination.html
web/ayala_center/ayala_center_0009.jpg,greenbelt,test,page:https://animalia-life.club/qa/pictures/greenbelt-5
web/ayala_center/ayala_center_0011.jpg,greenbelt,test,page:https://www.alamy.com/stock-photo/city-center-travel-location-destination.html
web/ayala_center/ayala_center_0012.jpg,greenbelt,train,page:https://fity.club/lists/g/greenbelt-ayala-center/
web/ayala_center/ayala_center_0014.jpg,greenbelt,train,page:https://www.morefunwithjuan.com/2023/05/greenbelt-shopping-mall.html?m=0
web/ayala_center/ayala_center_0022.jpg,greenbelt,train,page:https://in.pinterest.com/pin/makati-ayala-malls-greenbelt-mall-guide-contact-details-and-directions--323837029461700134/
web/ayala_center/ayala_center_0028.jpg,greenbelt,train,page:https://www.popupshops.com/en/collections/ayala-malls-greenbelt
web/ayala_center/ayala_center_0035.jpg,greenbelt,val,page:https://fity.club/lists/suggestions/Greenbelt-Ayala-Center/
web/ayala_center/ayala_center_0040.jpg,greenbelt,test,page:https://islandtimes.com/the-greenbelt-ayala-mall-makati-philippines/
web/ayala_center/ayala_center_0053.jpg,greenbelt,test,page:https://www.dreamstime.com/greenbelt-ayala-mall-which-located-makati-manila-philippines-oct-city-s-premier-shopping-luxury-shops-image297408415
web/ayala_center/ayala_center_0062.jpg,greenbelt,val,page:https://www.zestandcuriosity.com/2021/02/08/manila/
web/ayala_center/ayala_center_0271.jpg,greenbelt,train,page:https://cartoondealer.com/image/33411455/terraces-ayala-center-cebu-city-philippines.html
web/ayala_center/ayala_center_0370.jpg,greenbelt,val,page:https://primer.com.ph/blog/ayala-malls-undergo-renovations/
web/ayala_center/ayala_center_0371.jpg,greenbelt,train,page:https://www.tatlerasia.com/homes/architecture-design/a-new-era-begins-ayala-malls
web/ayala_center/ayala_center_0378.jpg,greenbelt,val,page:https://fity.club/lists/suggestions/Greenbelt-Ayala-Center/
web/ayala_center/ayala_center_0379.jpg,greenbelt,train,page:https://www.rappler.com/business/photos-glorietta-greenbelt-trinoma-ayala-center-cebu-new-designs/
web/ayala_center/ayala_center_0380.jpg,greenbelt,test,page:https://www.youtube.com/watch?v=lxhGS_c2dek
web/ayala_center/ayala_center_0386.jpg,greenbelt,train,page:https://thebeat.asia/manila/nomads/explore/ayala-center-malls-guide
web/ayala_center/ayala_center_0387.jpg,greenbelt,train,page:https://www.tatlerasia.com/homes/architecture-design/a-new-era-begins-ayala-malls
web/ayala_center/ayala_center_0017.jpg,glorietta,train,page:https://www.dreamstime.com/photos-images/glorietta-mall.html
web/ayala_center/ayala_center_0047.jpg,glorietta,train,page:https://www.popupshops.com/en/collections/glorietta-by-ayala-malls
web/ayala_center/ayala_center_0052.jpg,glorietta,train,page:https://primer.com.ph/blog/ayala-malls-undergo-renovations/
web/ayala_center/ayala_center_0267.jpg,glorietta,train,page:https://www.youtube.com/watch?v=1lRrRPsW8Z8
web/ayala_center/ayala_center_0382.jpg,glorietta,train,page:http://www.foongpc.com/2011/04/shopping-at-greenbelt-and-glorietta-in.html
web/ayala_center/ayala_center_0389.jpg,glorietta,val,page:https://www.youtube.com/watch?v=fEYbDbdPDlc
web/ayala_center/ayala_center_0016.jpg,ayala_malls_circuit,train,page:https://www.lionunion.com/property/glorietta/
web/ayala_center/ayala_center_0027.jpg,ayala_malls_circuit,test,page:https://zoomer.ph/2023/09/17/guide-how-to-commute-to-ayala-malls-circuit-makati-2023/
web/ayala_center/ayala_center_0089.jpg,ayala_malls_circuit,val,page:https://storage.googleapis.com/dpdcdnvwgpjace/ayala-circuit-makati-parking.html
web/ayala_center/ayala_center_0074.jpg,the_landmark_makati,val,page:https://heroesofadventure.com/listing/the-landmark-mall-ayala-center-makati-metro-manila-philippines/
web/ayala_center/ayala_center_0080.jpg,one_ayala,train,page:https://tribune.net.ph/2023/09/15/mixed-use-development-rises-in-ayala-center-makati
web/ayala_center/ayala_center_0085.jpg,one_ayala,train,page:https://groundbreakers.ayalaland.com.ph/articles/the-ultimate-mixed-use-development-in-makati-cbd-enhancing-connectivity-with-ease-and-convenience.html
web/ayala_center/ayala_center_0154.jpg,one_ayala,val,page:https://thebeat.asia/manila/nomads/explore/ayala-center-malls-guide
web/ayala_center/ayala_center_0206.jpg,one_ayala,train,page:https://islandtimes.com/one-ayala-terminal-new-transportation-option-in-makati-city/
web/ayala_center/ayala_center_0094.jpg,ayala_museum,train,page:https://www.dreamstime.com/exterior-view-ayala-museum-makati-city-metro-manila-philippines-dec-image236867448
web/avida_towers_makati_southpoint/avida_towers_makati_southpoint_0000.jpg,avida_towers_makati_southpoint,test,page:https://www.avidaland.com/avida-towers-makati-southpoint/
web/avida_towers_makati_southpoint/avida_towers_makati_southpoint_0001.jpg,avida_towers_makati_southpoint,train,page:https://www.tokkatok.ph/avida-towers-makati-southpoint/
web/avida_towers_makati_southpoint/avida_towers_makati_southpoint_0002.jpg,avida_towers_makati_southpoint,train,page:https://ayalaland-sales.com/avida-land/avida-towers-makati-southpoint/
web/avida_towers_makati_southpoint/avida_towers_makati_southpoint_0003.jpg,avida_towers_makati_southpoint,train,page:https://ayalalandbycarmela.com/avida/avida-towers-makati-southpoint/
web/avida_towers_makati_southpoint/avida_towers_makati_southpoint_0004.jpg,avida_towers_makati_southpoint,train,page:https://www.gohomematch.net/properties/detail/avida-towers-makati-southpoint/
web/avida_towers_makati_southpoint/avida_towers_makati_southpoint_0006.jpg,avida_towers_makati_southpoint,test,page:https://www.avidaland.com/avida-towers-makati-southpoint/
web/avida_towers_makati_southpoint/avida_towers_makati_southpoint_0007.jpg,avida_towers_makati_southpoint,train,page:https://www.ayalacommunities.com/property/avida-towers-makati-southpoint/
web/avida_towers_makati_southpoint/avida_towers_makati_southpoint_0018.jpg,avida_towers_makati_southpoint,train,page:https://ayalaland.com/properties/avida-towers-makati-southpoint
web/avida_towers_makati_southpoint/avida_towers_makati_southpoint_0019.jpg,avida_towers_makati_southpoint,val,page:https://irealtee.com/properties/avida-towers-makati-southpoint-tower-1-makati-city
web/avida_towers_makati_southpoint/avida_towers_makati_southpoint_0027.jpg,avida_towers_makati_southpoint,test,page:https://homesandland.ph/property/avida-towers-makati-southpoint/
web/avida_towers_makati_southpoint/avida_towers_makati_southpoint_0028.jpg,avida_towers_makati_southpoint,train,page:https://www.ayalacommunities.com/property/avida-towers-makati-southpoint/
web/avida_towers_makati_southpoint/avida_towers_makati_southpoint_0029.jpg,avida_towers_makati_southpoint,train,page:https://ayalalandpropertyfinder.com/property/avida-towers-makati-southpoint-affordable-condo-in-makati-city/
web/avida_towers_makati_southpoint/avida_towers_makati_southpoint_0030.jpg,avida_towers_makati_southpoint,val,page:https://www.lamudi.com.ph/property/41032-73-37cb7a676618-780d-195d11c-8056-7942
web/avida_towers_makati_southpoint/avida_towers_makati_southpoint_0031.jpg,avida_towers_makati_southpoint,train,page:https://ph.pinterest.com/pin/avida-towers-makati-southpoint-skyscraper--622411611018528625/
web/avida_towers_makati_southpoint/avida_towers_makati_southpoint_0032.jpg,avida_towers_makati_southpoint,train,page:https://www.reddit.com/r/PhilippineRealEstate/comments/1cqor9c/avida_southpoint_makati_tower_1/
web/avida_towers_makati_southpoint/avida_towers_makati_southpoint_0058.jpg,avida_towers_makati_southpoint,train,page:https://www.findrealty.ph/properties/avida-towers-atria-cluster-1a-avida-storeys-atria-2
web/avida_towers_makati_southpoint/avida_towers_makati_southpoint_0059.jpg,avida_towers_makati_southpoint,train,page:https://www.findrealty.ph/properties/avida-towers-atria-cluster-1a-avida-storeys-atria-2
web/avida_towers_makati_southpoint/avida_towers_makati_southpoint_0065.jpg,avida_towers_makati_southpoint,val,page:https://www.fazwaz.ph/projects/philippines/metro-manila/southern-district/makati-city/avida-towers-makati-southpoint
web/avida_towers_makati_southpoint/avida_towers_makati_southpoint_0066.jpg,avida_towers_makati_southpoint,train,page:https://manilastandard.net/real-estate/314569244/avida-launches-final-tower-at-makati-southpoint-amid-strong-sales.html
web/avida_towers_makati_southpoint/avida_towers_makati_southpoint_0074.jpg,avida_towers_makati_southpoint,train,page:https://www.phrealestate.com/project/avida-land/avida-towers-makati-southpoint
web/avida_towers_makati_southpoint/avida_towers_makati_southpoint_0075.jpg,avida_towers_makati_southpoint,train,page:https://www.phrealestate.com/project/avida-land/avida-towers-makati-southpoint
web/avida_towers_makati_southpoint/avida_towers_makati_southpoint_0076.jpg,avida_towers_makati_southpoint,train,page:https://www.reddit.com/r/PhilippineRealEstate/comments/1cqor9c/avida_southpoint_makati_tower_1/
web/avida_towers_makati_southpoint/avida_towers_makati_southpoint_0077.jpg,avida_towers_makati_southpoint,train,page:https://www.carousell.ph/p/avida-towers-makati-southpoint-junior-1br-for-sale-1202876661/
web/avida_towers_makati_southpoint/avida_towers_makati_southpoint_0080.jpg,avida_towers_makati_southpoint,train,page:https://www.lamudi.com.ph/property/41032-73-ed6b691636f6-9539-195d2b0-b6fd-7655
web/avida_towers_makati_southpoint/avida_towers_makati_southpoint_0086.jpg,avida_towers_makati_southpoint,test,page:https://www.avidatowersmakati.com/avida-towers-makati-southpoint-amenities
web/avida_towers_makati_southpoint/avida_towers_makati_southpoint_0089.jpg,avida_towers_makati_southpoint,test,page:https://www.baancoin.com/projects/philippines/metro-manila/southern-district/makati-city/avida-towers-makati-southpoint
web/avida_towers_makati_southpoint/avida_towers_makati_southpoint_0093.jpg,avida_towers_makati_southpoint,train,page:https://www.carousell.ph/p/avida-southpoint-makati-condo-unit-for-rent-1317631763/
web/avida_towers_makati_southpoint/avida_towers_makati_southpoint_0095.jpg,avida_towers_makati_southpoint,test,page:https://www.avidatowersmakati.com/avida-towers-makati-southpoint-amenities
web/avida_towers_makati_southpoint/avida_towers_makati_southpoint_0100.jpg,avida_towers_makati_southpoint,train,page:https://www.ayalacommunities.com/property/avida-towers-makati-southpoint/
web/avida_towers_makati_southpoint/avida_towers_makati_southpoint_0113.jpg,avida_towers_makati_southpoint,val,page:https://www.carousell.ph/p/avida-tower-makati-southpoint-1271499478/
web/avida_towers_makati_southpoint/avida_towers_makati_southpoint_0114.jpg,avida_towers_makati_southpoint,train,page:https://bonconseilrealty.com/property/avida-towers-makati-southpoint/
web/avida_towers_makati_southpoint/avida_towers_makati_southpoint_0124.jpg,avida_towers_makati_southpoint,val,page:https://www.avidaland.com/tailor-made-living-spaces-for-comfort-wellness-and-growth-at-avida-towers-makati-southpoint
web/avida_towers_makati_southpoint/avida_towers_makati_southpoint_0128.jpg,avida_towers_makati_southpoint,train,page:https://www.carousell.ph/p/avida-southpoint-makati-condo-unit-for-rent-1317631763/
web/avida_towers_makati_southpoint/avida_towers_makati_southpoint_0136.jpg,avida_towers_makati_southpoint,train,page:https://www.carousell.ph/p/avida-southpoint-makati-condo-unit-for-rent-1317631763/
web/avida_towers_makati_southpoint/avida_towers_makati_southpoint_0154.jpg,avida_towers_makati_southpoint,train,page:https://www.ayalaph.com/makatisouthpoint
web/avida_towers_makati_southpoint/avida_towers_makati_southpoint_0155.jpg,avida_towers_makati_southpoint,train,page:https://www.myproperty.ph/property/34120-256-a2fc-60541cb61146-4bd5-4330-677cf70
web/avida_towers_makati_southpoint/avida_towers_makati_southpoint_0158.jpg,avida_towers_makati_southpoint,train,page:https://www.phrealestate.com/project/avida-land/avida-towers-makati-southpoint
web/avida_towers_makati_southpoint/avida_towers_makati_southpoint_0172.jpg,avida_towers_makati_southpoint,val,page:https://www.youtube.com/watch?v=ZbcmAilv5U8
web/avida_towers_makati_southpoint/avida_towers_makati_southpoint_0181.jpg,avida_towers_makati_southpoint,train,page:https://ayalaland.com/properties/avida-towers-makati-southpoint
web/ayala_malls_circuit/ayala_malls_circuit_0004.jpg,ayala_malls_circuit,train,page:https://www.alamy.com/stock-photo/ayala-malls.html
web/ayala_malls_circuit/ayala_malls_circuit_0016.jpg,ayala_malls_circuit,train,page:https://www.youtube.com/watch?v=k3Q1hyR9uUY
web/ayala_malls_circuit/ayala_malls_circuit_0035.jpg,ayala_malls_circuit,train,page:https://skedcheck.com/ayala-malls-circuit-cinema-schedule-ticket-prices/
web/ayala_malls_circuit/ayala_malls_circuit_0043.jpg,ayala_malls_circuit,test,page:https://www.alamy.com/stock-photo-07935-exterior-of-circuit-lane-ayala-malls-circuit-carmona-makati-141861726.html
web/ayala_malls_circuit/ayala_malls_circuit_0047.jpg,ayala_malls_circuit,train,page:https://www.alamy.com/stock-photo/ayala-malls.html
web/ayala_malls_circuit/ayala_malls_circuit_0060.jpg,ayala_malls_circuit,test,page:https://www.alamy.com/stock-photo-07935-exterior-of-circuit-lane-ayala-malls-circuit-carmona-makati-141861743.html
web/ayala_malls_circuit/ayala_malls_circuit_0071.jpg,ayala_malls_circuit,test,page:http://www.anagonzales.com/2015/11/ayala-malls-circuit-lane-makati.html
web/ayala_malls_circuit/ayala_malls_circuit_0076.jpg,ayala_malls_circuit,val,page:https://27crealty.com/property/mall-space-for-lease-in-ayala-malls-circuit-makati-city/
web/ayala_malls_circuit/ayala_malls_circuit_0077.jpg,ayala_malls_circuit,train,page:https://www.artsyfartsyava.com/2015/12/circuit-lane-makati.html
web/ayala_malls_circuit/ayala_malls_circuit_0081.jpg,ayala_malls_circuit,train,page:https://ayalaland.com/blog/circuit-makati-guide
web/ayala_malls_circuit/ayala_malls_circuit_0092.jpg,ayala_malls_circuit,test,page:https://rankthemag.ph/christmas-ayala-malls-circuit/
web/ayala_malls_circuit/ayala_malls_circuit_0094.jpg,ayala_malls_circuit,train,page:https://storage.googleapis.com/dbdjxozqurtape/ayala-circuit-makati.html
web/ayala_malls_circuit/ayala_malls_circuit_0098.jpg,ayala_malls_circuit,train,page:https://www.alamy.com/makati-philippines-february-1-2025-street-view-of-ayala-avenue-in-makati-philippines-image655039792.html
web/ayala_malls_circuit/ayala_malls_circuit_0099.jpg,ayala_malls_circuit,train,page:https://ayalaland.com/estates/circuit-makati
web/ayala_malls_circuit/ayala_malls_circuit_0110.jpg,ayala_malls_circuit,train,page:https://www.youtube.com/watch?v=IExouWyASb8
web/ayala_malls_circuit/ayala_malls_circuit_0112.jpg,ayala_malls_circuit,train,page:https://www.wakitravels.com/2019/01/a-quick-tour-in-circuit-mall-makati.html
web/ayala_malls_circuit/ayala_malls_circuit_0113.jpg,ayala_malls_circuit,train,page:https://www.wakitravels.com/2019/01/a-quick-tour-in-circuit-mall-makati.html
web/ayala_malls_circuit/ayala_malls_circuit_0114.jpg,ayala_malls_circuit,train,page:https://www.wakitravels.com/2019/01/a-quick-tour-in-circuit-mall-makati.html
web/ayala_malls_circuit/ayala_malls_circuit_0115.jpg,ayala_malls_circuit,train,page:https://www.tripadvisor.com.ph/Attraction_Review-g298450-d10297088-Reviews-Circuit_Makati-Makati_Metro_Manila_Luzon.html
web/ayala_malls_circuit/ayala_malls_circuit_0117.jpg,ayala_malls_circuit,train,page:https://www.wakitravels.com/2019/01/a-quick-tour-in-circuit-mall-makati.html
web/ayala_malls_circuit/ayala_malls_circuit_0118.jpg,ayala_malls_circuit,train,page:https://www.wakitravels.com/2019/01/a-quick-tour-in-circuit-mall-makati.html
web/ayala_malls_circuit/ayala_malls_circuit_0120.jpg,ayala_malls_circuit,train,page:https://www.wakitravels.com/2019/01/a-quick-tour-in-circuit-mall-makati.html
web/ayala_malls_circuit/ayala_malls_circuit_0122.jpg,ayala_malls_circuit,test,page:https://storage.googleapis.com/dqdmuxblfeowke/circuit-makati-open-parking.html
web/ayala_malls_circuit/ayala_malls_circuit_0123.jpg,ayala_malls_circuit,train,page:https://alchetron.com/Circuit-Makati
web/ayala_malls_circuit/ayala_malls_circuit_0124.jpg,ayala_malls_circuit,val,page:https://business.inquirer.net/284915/circuit-makati-a-nexus-for-cosmopolitan-life
web/ayala_malls_circuit/ayala_malls_circuit_0126.jpg,ayala_malls_circuit,train,page:https://www.tripadvisor.com.ph/Attraction_Review-g298450-d10297088-Reviews-Circuit_Makati-Makati_Metro_Manila_Luzon.html
web/ayala_malls_circuit/ayala_malls_circuit_0127.jpg,ayala_malls_circuit,train,page:https://www.tripadvisor.com.ph/Attraction_Review-g298450-d10297088-Reviews-Circuit_Makati-Makati_Metro_Manila_Luzon.html
web/ayala_malls_circuit/ayala_malls_circuit_0128.jpg,ayala_malls_circuit,val,page:https://sharinggreatideas.com/2019/circuit_lane_makati
web/ayala_malls_circuit/ayala_malls_circuit_0130.jpg,ayala_malls_circuit,train,page:https://www.tripadvisor.com.ph/Attraction_Review-g298450-d10297088-Reviews-Circuit_Makati-Makati_Metro_Manila_Luzon.html
web/ayala_malls_circuit/ayala_malls_circuit_0132.jpg,ayala_malls_circuit,train,page:https://www.tripadvisor.com.ph/Attraction_Review-g298450-d10297088-Reviews-Circuit_Makati-Makati_Metro_Manila_Luzon.html
web/ayala_malls_circuit/ayala_malls_circuit_0133.jpg,ayala_malls_circuit,train,page:https://ayalaland.com/blog/circuit-makati-celebrates-10-amazing-years-as-a-center-for-arts-culture-and-entertainment
web/ayala_malls_circuit/ayala_malls_circuit_0135.jpg,ayala_malls_circuit,train,page:https://www.tripadvisor.co.za/Attraction_Review-g298450-d10297088-Reviews-Circuit_Makati-Makati_Metro_Manila_Luzon.html
web/ayala_malls_circuit/ayala_malls_circuit_0136.jpg,ayala_malls_circuit,train,page:https://www.tripadvisor.com.ph/Attraction_Review-g298450-d10297088-Reviews-Circuit_Makati-Makati_Metro_Manila_Luzon.html
web/ayala_malls_circuit/ayala_malls_circuit_0138.jpg,ayala_malls_circuit,train,page:https://www.tripadvisor.com/Attraction_Review-g298450-d10297088-Reviews-Circuit_Makati-Makati_Metro_Manila_Luzon.html
web/ayala_malls_circuit/ayala_malls_circuit_0140.jpg,ayala_malls_circuit,val,page:https://sharinggreatideas.com/2019/circuit_lane_makati
web/ayala_malls_circuit/ayala_malls_circuit_0142.jpg,ayala_malls_circuit,train,page:https://alchetron.com/Circuit-Makati
web/ayala_malls_circuit/ayala_malls_circuit_0143.jpg,ayala_malls_circuit,train,page:https://zoomer.ph/tag/circuit-makati-mall/
web/ayala_malls_circuit/ayala_malls_circuit_0145.jpg,ayala_malls_circuit,test,page:https://ayalaland.com/blog/top-condos-in-makati-2026
web/ayala_malls_circuit/ayala_malls_circuit_0146.jpg,ayala_malls_circuit,train,page:https://www.tripadvisor.com/Attraction_Review-g298450-d10297088-Reviews-Circuit_Makati-Makati_Metro_Manila_Luzon.html
web/ayala_malls_circuit/ayala_malls_circuit_0147.jpg,ayala_malls_circuit,train,page:https://www.tripadvisor.com.ph/Attraction_Review-g298450-d10297088-Reviews-Circuit_Makati-Makati_Metro_Manila_Luzon.html
web/ayala_malls_circuit/ayala_malls_circuit_0152.jpg,ayala_malls_circuit,val,page:https://www.livingmarjorney.com/2019/11/makati-night-market-makati-circuit.html
web/ayala_malls_circuit/ayala_malls_circuit_0153.jpg,ayala_malls_circuit,train,page:https://cookmagazine.ph/blog/2019/12/03/a-circuit-holiday-night-market-spotlights-christmas-spirit-and-local-love-2/
web/ayala_malls_circuit/ayala_malls_circuit_0157.jpg,ayala_malls_circuit,test,page:https://www.alamy.com/stock-photo/circuit-makati.html
web/ayala_malls_circuit/ayala_malls_circuit_0159.jpg,ayala_malls_circuit,val,page:https://markcerbo.blogspot.com/2015/12/5-places-to-see-at-circuit-makati.html
web/ayala_malls_circuit/ayala_malls_circuit_0160.jpg,ayala_malls_circuit,test,page:https://www.tripadvisor.com/ShowUserReviews-g298450-d10297088-r741418513-Circuit_Makati-Makati_Metro_Manila_Luzon.html
web/ayala_malls_circuit/ayala_malls_circuit_0163.jpg,ayala_malls_circuit,val,page:https://www.manilashopper.com/2015/11/passionfly-circuit-night-market.html
web/ayala_malls_circuit/ayala_malls_circuit_0164.jpg,ayala_malls_circuit,train,page:https://www.tripadvisor.com.ph/Attraction_Review-g298450-d10297088-Reviews-Circuit_Makati-Makati_Metro_Manila_Luzon.html
web/ayala_malls_circuit/ayala_malls_circuit_0166.jpg,ayala_malls_circuit,train,page:https://zoomer.ph/2023/05/01/open-spaces-in-metro-manila-circuit-makati-event-grounds/
web/ayala_malls_circuit/ayala_malls_circuit_0167.jpg,ayala_malls_circuit,train,page:https://www.theurbanroamer.com/circuit-makati/
web/ayala_malls_circuit/ayala_malls_circuit_0170.jpg,ayala_malls_circuit,val,page:https://sharinggreatideas.com/2019/circuit_lane_makati
web/ayala_malls_circuit/ayala_malls_circuit_0172.jpg,ayala_malls_circuit,val,page:https://sharinggreatideas.com/2019/circuit_lane_makati
web/ayala_malls_circuit/ayala_malls_circuit_0173.jpg,ayala_malls_circuit,val,page:https://gridcrosser.blogspot.com/2014/09/big-dreams-for-big-city-makati-city.html
web/ayala_malls_circuit/ayala_malls_circuit_0174.jpg,ayala_malls_circuit,val,page:https://sharinggreatideas.com/2019/circuit_lane_makati
web/ayala_malls_circuit/ayala_malls_circuit_0175.jpg,ayala_malls_circuit,train,page:https://www.tripadvisor.ch/Attraction_Review-g298450-d10297087-Reviews-Circuit_Lane-Makati_Metro_Manila_Luzon.html
web/ayala_malls_circuit/ayala_malls_circuit_0176.jpg,ayala_malls_circuit,train,page:https://www.tripadvisor.com.au/Attraction_Review-g298450-d10297087-Reviews-Circuit_Lane-Makati_Metro_Manila_Luzon.html
web/ayala_malls_circuit/ayala_malls_circuit_0177.jpg,ayala_malls_circuit,val,page:https://sharinggreatideas.com/2019/circuit_lane_makati
web/ayala_malls_circuit/ayala_malls_circuit_0179.jpg,ayala_malls_circuit,test,page:http://www.anagonzales.com/2015/11/ayala-malls-circuit-lane-makati.html
web/ayala_malls_circuit/ayala_malls_circuit_0180.jpg,ayala_malls_circuit,val,page:https://sharinggreatideas.com/2019/circuit_lane_makati
web/ayala_malls_circuit/ayala_malls_circuit_0182.jpg,ayala_malls_circuit,val,page:https://sharinggreatideas.com/2019/circuit_lane_makati
web/ayala_malls_circuit/ayala_malls_circuit_0183.jpg,ayala_malls_circuit,val,page:https://sharinggreatideas.com/2019/circuit_lane_makati
web/ayala_malls_circuit/ayala_malls_circuit_0186.jpg,ayala_malls_circuit,train,page:https://sharinggreatideas.com/index
web/ayala_malls_circuit/ayala_malls_circuit_0188.jpg,ayala_malls_circuit,train,page:https://www.tripadvisor.ch/Attraction_Review-g298450-d10297087-Reviews-Circuit_Lane-Makati_Metro_Manila_Luzon.html
web/ayala_malls_circuit/ayala_malls_circuit_0189.jpg,ayala_malls_circuit,train,page:https://www.spellrealty.com/philippines/why-live-and-invest-in-circuit-makati_27.html
web/ayala_malls_circuit/ayala_malls_circuit_0190.jpg,ayala_malls_circuit,test,page:https://www.ruthdelacruz.com/2015/11/stores-restaurants-circuit-lane-makati.html
web/ayala_malls_circuit/ayala_malls_circuit_0191.jpg,ayala_malls_circuit,train,page:https://www.dreamstime.com/nov-christmas-decoreation-circuit-lane-makati-philippines-nov-christmas-decoreation-circuit-lane-makati-image105845054
web/ayala_malls_circuit/ayala_malls_circuit_0192.jpg,ayala_malls_circuit,train,page:https://www.tripadvisor.com.au/Attraction_Review-g298450-d10297087-Reviews-Circuit_Lane-Makati_Metro_Manila_Luzon.html
web/ayala_malls_circuit/ayala_malls_circuit_0195.jpg,ayala_malls_circuit,test,page:https://www.ruthdelacruz.com/2015/11/stores-restaurants-circuit-lane-makati.html
web/ayala_malls_circuit/ayala_malls_circuit_0196.jpg,ayala_malls_circuit,train,page:https://irealtee.com/properties/circuit-makati-phase-2-commercial-lots-ayala-land
web/ayala_malls_circuit/ayala_malls_circuit_0198.jpg,ayala_malls_circuit,test,page:https://www.ruthdelacruz.com/2015/11/stores-restaurants-circuit-lane-makati.html
web/ayala_malls_circuit/ayala_malls_circuit_0202.jpg,ayala_malls_circuit,test,page:https://www.ruthdelacruz.com/2015/11/stores-restaurants-circuit-lane-makati.html
web/ayala_malls_circuit/ayala_malls_circuit_0210.jpg,ayala_malls_circuit,train,page:https://www.gettyimages.in/photos/circuit-makati
web/ayala_malls_circuit/ayala_malls_circuit_0236.jpg,ayala_malls_circuit,test,page:https://www.ruthdelacruz.com/2015/11/stores-restaurants-circuit-lane-makati.html
web/ayala_malls_circuit/ayala_malls_circuit_0237.jpg,ayala_malls_circuit,train,page:https://www.tripadvisor.com.au/Attraction_Review-g298450-d10297087-Reviews-Circuit_Lane-Makati_Metro_Manila_Luzon.html
web/ayala_malls_circuit/ayala_malls_circuit_0238.jpg,ayala_malls_circuit,test,page:https://imhotel.com/experience/circuit-lane/
web/ayala_malls_circuit/ayala_malls_circuit_0239.jpg,ayala_malls_circuit,train,page:https://www.tripadvisor.com/Attraction_Review-g298450-d10297087-Reviews-Circuit_Lane-Makati_Metro_Manila_Luzon.html
web/ayala_malls_circuit/ayala_malls_circuit_0241.jpg,ayala_malls_circuit,train,page:https://ayalaland.com/blog/circuit-makati-guide
web/ayala_malls_circuit/ayala_malls_circuit_0249.jpg,ayala_malls_circuit,val,page:https://markcerbo.blogspot.com/2015/12/5-places-to-see-at-circuit-makati.html
web/ayala_malls_circuit/ayala_malls_circuit_0250.jpg,ayala_malls_circuit,train,page:https://www.tripadvisor.com.ph/Attraction_Review-g298450-d10297087-Reviews-Circuit_Lane-Makati_Metro_Manila_Luzon.html
web/ayala_malls_circuit/ayala_malls_circuit_0251.jpg,ayala_malls_circuit,train,page:https://lightplaninc.com/works/circuit-lane/
web/ayala_malls_circuit/ayala_malls_circuit_0252.jpg,ayala_malls_circuit,train,page:https://www.dreamstime.com/nov-christmas-decoreation-circuit-lane-makati-nov-christmas-decoreation-circuit-lane-makati-philippines-image105844250
web/ayala_malls_circuit/ayala_malls_circuit_0255.jpg,ayala_malls_circuit,train,page:https://www.tripadvisor.com.ph/Attraction_Review-g298450-d10297087-Reviews-Circuit_Lane-Makati_Metro_Manila_Luzon.html
web/ayala_malls_circuit/ayala_malls_circuit_0257.jpg,ayala_malls_circuit,train,page:https://www.dreamstime.com/nov-christmas-decoreation-circuit-lane-makati-nov-christmas-decoreation-circuit-lane-makati-philippines-image105844250
web/ayala_malls_circuit/ayala_malls_circuit_0258.jpg,ayala_malls_circuit,train,page:https://ph.pinterest.com/pin/ayala-malls-circuit-september-2018--662662532648048269/
web/ayala_malls_circuit/ayala_malls_circuit_0260.jpg,ayala_malls_circuit,train,page:https://storage.googleapis.com/dptylnxmuomgae/ayala-malls-circuit.html
web/ayala_malls_circuit/ayala_malls_circuit_0262.jpg,ayala_malls_circuit,train,page:https://primer.com.ph/blog/2018/07/31/ayala-malls-circuit-officially-opens/
web/ayala_malls_circuit/ayala_malls_circuit_0265.jpg,ayala_malls_circuit,test,page:https://www.youtube.com/watch?v=B-UzFfmuqpY
web/ayala_malls_circuit/ayala_malls_circuit_0267.jpg,ayala_malls_circuit,train,page:https://makeitmakati.com/free-p2p-rides-ayala-malls-circuit/
web/ayala_malls_circuit/ayala_malls_circuit_0268.jpg,ayala_malls_circuit,train,page:https://www.lamudi.com.ph/projects/ayala-malls-circuit/
web/ayala_malls_circuit/ayala_malls_circuit_0270.jpg,ayala_malls_circuit,train,page:https://www.wakitravels.com/2019/01/a-quick-tour-in-circuit-mall-makati.html
web/ayala_malls_circuit/ayala_malls_circuit_0271.jpg,ayala_malls_circuit,test,page:https://visor.ph/bikes/this-is-how-ayala-malls-supports-the-cycling-community/
web/ayala_malls_circuit/ayala_malls_circuit_0273.jpg,ayala_malls_circuit,train,page:https://www.behance.net/search/projects/ayala malls
web/ayala_malls_circuit/ayala_malls_circuit_0274.jpg,ayala_malls_circuit,train,page:https://www.youtube.com/watch?v=xvNkOPuZNZg
web/ayala_malls_circuit/ayala_malls_circuit_0285.jpg,ayala_malls_circuit,train,page:https://realestateblogph.com/2022/06/makatis-newest-address-a-stage-for-life-to-unfold/
web/ayala_malls_circuit/ayala_malls_circuit_0286.jpg,ayala_malls_circuit,val,page:https://www.alamy.com/stock-photo-07935-exterior-of-circuit-lane-ayala-malls-circuit-carmona-makati-141861759.html
web/ayala_malls_circuit/ayala_malls_circuit_0287.jpg,ayala_malls_circuit,train,page:https://www.alamy.com/stock-photo-this-image-shows-the-exterior-of-circuit-lane-in-the-ayala-malls-circuit-141861751.html
web/ayala_malls_circuit/ayala_malls_circuit_0288.jpg,ayala_malls_circuit,test,page:https://www.alamy.com/stock-photo-07935-exterior-of-circuit-lane-ayala-malls-circuit-carmona-makati-141861718.html
web/ayala_malls_circuit/ayala_malls_circuit_0295.jpg,ayala_malls_circuit,train,page:https://www.rankthemag.ph/christmas-ayala-malls-circuit/
web/st_john_bosco_parish/st_john_bosco_parish_0000.jpg,st_john_bosco_parish,train,page:https://mindtrip.ai/attraction/makati-luzon/st-john-bosco-parish-church-makati-city-archdiocese-manila/at-dTHEqkTP
web/st_john_bosco_parish/st_john_bosco_parish_0001.jpg,st_john_bosco_parish,val,page:https://www.flickr.com/photos/28098727@N00/6684487943
web/st_john_bosco_parish/st_john_bosco_parish_0002.jpg,st_john_bosco_parish,val,page:https://philippinechurches.com/category/metro-manila/makati-city/
web/st_john_bosco_parish/st_john_bosco_parish_0003.jpg,st_john_bosco_parish,val,page:https://www.yelp.com/biz/st-john-bosco-parish-church-makati
web/st_john_bosco_parish/st_john_bosco_parish_0004.jpg,st_john_bosco_parish,val,page:https://www.brideworthy.com/churches/don-bosco-church/
web/st_john_bosco_parish/st_john_bosco_parish_0008.jpg,st_john_bosco_parish,test,page:https://benjielayug.com/2021/02/church-of-st-john-bosco-makati-city-metro-manila.html
web/st_john_bosco_parish/st_john_bosco_parish_0009.jpg,st_john_bosco_parish,train,page:https://www.joinmychurch.com/churches/Saint-John-Bosco-Parish-Makati-City-Metro-Manila-Philippines/464902
web/st_john_bosco_parish/st_john_bosco_parish_0010.jpg,st_john_bosco_parish,train,page:https://www.theurbanroamer.com/st-john-bosco-church-makati/
web/st_john_bosco_parish/st_john_bosco_parish_0011.jpg,st_john_bosco_parish,val,page:https://www.pinterest.com/pin/st-john-bosco-parish-a-beautiful-catholic-church-in-makati--982066262463997805/
web/st_john_bosco_parish/st_john_bosco_parish_0013.jpg,st_john_bosco_parish,test,page:https://benjielayug.com/2021/02/church-of-st-john-bosco-makati-city-metro-manila.html
web/st_john_bosco_parish/st_john_bosco_parish_0015.jpg,st_john_bosco_parish,test,page:http://ww.sjbmakati.com/index.html
web/st_john_bosco_parish/st_john_bosco_parish_0017.jpg,st_john_bosco_parish,train,page:https://ph.pinterest.com/pin/st-john-bosco-parish-church-makati-city-philippines--436356651397455548/
web/st_john_bosco_parish/st_john_bosco_parish_0018.jpg,st_john_bosco_parish,train,page:https://www.theurbanroamer.com/st-john-bosco-church-makati/
web/st_john_bosco_parish/st_john_bosco_parish_0022.jpg,st_john_bosco_parish,test,page:https://www.shutterstock.com/search/don-bosco-church-philippines
web/st_john_bosco_parish/st_john_bosco_parish_0028.jpg,st_john_bosco_parish,val,page:https://philconfessionssked.blogspot.com/2010/02/st-john-bosco-parish-makati-city-metro.html
web/st_john_bosco_parish/st_john_bosco_parish_0031.jpg,st_john_bosco_parish,test,page:https://www.sjbmakati.com/
web/st_john_bosco_parish/st_john_bosco_parish_0034.jpg,st_john_bosco_parish,train,page:https://www.schedules.ph/mass/st-john-bosco-parish-mass-schedule/
web/st_john_bosco_parish/st_john_bosco_parish_0035.jpg,st_john_bosco_parish,test,page:https://www.sjbmakati.com/
web/st_john_bosco_parish/st_john_bosco_parish_0045.jpg,st_john_bosco_parish,val,page:https://philconfessionssked.blogspot.com/2010/02/st-john-bosco-parish-makati-city-metro.html
web/st_john_bosco_parish/st_john_bosco_parish_0046.jpg,st_john_bosco_parish,train,page:https://hoshilandia.com/2018/03/visita-iglesia-churches-in-makati-city/
web/st_john_bosco_parish/st_john_bosco_parish_0047.jpg,st_john_bosco_parish,train,page:https://in.pinterest.com/pin/st-john-bosco-parish-church--509821620291059397/
web/st_john_bosco_parish/st_john_bosco_parish_0050.jpg,st_john_bosco_parish,train,page:https://www.youtube.com/watch?v=Fg4qdIgjosM
web/st_john_bosco_parish/st_john_bosco_parish_0051.jpg,st_john_bosco_parish,val,page:https://www.alamy.com/stock-photo-san-lorenzo-john-bosco-parish-church-located-in-pio-del-pilar-makati-141861102.html
web/st_john_bosco_parish/st_john_bosco_parish_0070.jpg,st_john_bosco_parish,test,page:https://theparadoxicleyline.blogspot.com/2014/04/visita-iglesia-don-bosco-church.html
web/st_john_bosco_parish/st_john_bosco_parish_0071.jpg,st_john_bosco_parish,train,page:https://www.alamy.com/stock-photo-san-lorenzo-john-bosco-parish-church-located-in-pio-del-pilar-makati-141860912.html
web/st_john_bosco_parish/st_john_bosco_parish_0074.jpg,st_john_bosco_parish,val,page:https://thelassbehindthepen.blogspot.com/2013/03/visita-iglesia-2013.html
web/st_john_bosco_parish/st_john_bosco_parish_0075.jpg,st_john_bosco_parish,train,page:https://www.alamy.com/stock-photo-san-lorenzo-john-bosco-parish-church-located-in-pio-del-pilar-makati-141861089.html
web/st_john_bosco_parish/st_john_bosco_parish_0078.jpg,st_john_bosco_parish,train,page:https://masstimeph.com/listing/st-john-bosco-parish/
web/st_john_bosco_parish/st_john_bosco_parish_0079.jpg,st_john_bosco_parish,test,page:https://istar-tariray.blogspot.com/2019/11/istariray23-travelst-john-bosco-church.html
web/st_john_bosco_parish/st_john_bosco_parish_0080.jpg,st_john_bosco_parish,train,page:https://mass-schedules88.blogspot.com/2014/12/mass-schedules-st-john-bosco-parish.html
web/st_john_bosco_parish/st_john_bosco_parish_0082.jpg,st_john_bosco_parish,train,page:https://www.schedules.ph/mass/st-john-bosco-parish-mass-schedule/
web/st_john_bosco_parish/st_john_bosco_parish_0083.jpg,st_john_bosco_parish,test,page:https://istar-tariray.blogspot.com/2019/11/istariray23-travelst-john-bosco-church.html
web/st_john_bosco_parish/st_john_bosco_parish_0098.jpg,st_john_bosco_parish,train,page:https://www.catholicpilgrimageph.com/best-all-boys-school-in-metro-manila-is-in-makati-don-bosco-makati/don-bosco-makati/
web/st_john_bosco_parish/st_john_bosco_parish_0103.jpg,st_john_bosco_parish,train,page:https://deuts.net/2007/01/mybloglog/don-bosco-mass-schedule/
web/st_john_bosco_parish/st_john_bosco_parish_0108.jpg,st_john_bosco_parish,train,page:https://www.catholicpilgrimageph.com/spam-ip/
web/st_john_bosco_parish/st_john_bosco_parish_0122.jpg,st_john_bosco_parish,train,page:https://misadito.com/find/catholic-churches-in-Metro-Manila/church-in-Makati/St-John-Bosco-Parish.html
web/st_john_bosco_parish/st_john_bosco_parish_0124.jpg,st_john_bosco_parish,val,page:https://www.alamy.com/stock-photo-07219-san-lorenzo-john-bosco-parish-church-pio-del-pilar-makati-city-141860874.html
web/st_john_bosco_parish/st_john_bosco_parish_0126.jpg,st_john_bosco_parish,test,page:https://www.sjbmakati.com/our-parish
web/st_john_bosco_parish/st_john_bosco_parish_0127.jpg,st_john_bosco_parish,train,page:https://www.pinasmuna.com/2016/03/visita-iglesia-in-makati.html
web/the_landmark_makati/landmark_from_mpw_0140.jpg,the_landmark_makati,train,page:https://www.yelp.com/biz/the-landmark-makati
web/the_landmark_makati/landmark_from_mpw_0141.jpg,the_landmark_makati,val,page:https://getoccupi.com/malls/landmark-makati
web/the_landmark_makati/landmark_from_mpw_0142.jpg,the_landmark_makati,val,page:https://getoccupi.com/malls/landmark-makati
web/the_landmark_makati/landmark_from_mpw_0151.jpg,the_landmark_makati,train,page:https://www.skyscrapercity.com/threads/ayala-center.527303/page-114
web/the_landmark_makati/landmark_from_mpw_0152.jpg,the_landmark_makati,train,page:https://www.skyscrapercity.com/threads/ayala-center.527303/page-114
web/rcbc_plaza/rcbc_plaza_0000.jpg,rcbc_plaza,test,page:https://br.pinterest.com/pin/rcbc-plaza-makati-city--142637513187251568/
web/rcbc_plaza/rcbc_plaza_0001.jpg,rcbc_plaza,test,page:https://www.dreamstime.com/makati-metro-manila-philippines-jan-rcbc-plaza-gt-ayala-avenue-afternoon-view-image184959911
web/rcbc_plaza/rcbc_plaza_0002.jpg,rcbc_plaza,val,page:https://www.alamy.com/manila-philippines-december-7-2017-rcbc-plaza-in-makati-city-metro-manila-philippines-it-was-designed-by-skidmore-owings-and-merrill-architec-image339780459.html
web/rcbc_plaza/rcbc_plaza_0003.jpg,rcbc_plaza,train,page:https://www.dccd.com/project/rcbc-plaza/
web/rcbc_plaza/rcbc_plaza_0004.jpg,rcbc_plaza,train,page:https://www.officepro.ph/post/rcbc-plaza-office-property-highlight-in-ayala-avenue-makati-city
web/rcbc_plaza/rcbc_plaza_0005.jpg,rcbc_plaza,train,page:https://www.dccd.com/project/rcbc-plaza/
web/rcbc_plaza/rcbc_plaza_0006.jpg,rcbc_plaza,val,page:https://ph.pinterest.com/pin/rcbc-plaza-makati-city--142637513187251570/
web/rcbc_plaza/rcbc_plaza_0007.jpg,rcbc_plaza,train,page:http://www.skyscrapercity.com/showthread.php?t=445500&page=2
web/rcbc_plaza/rcbc_plaza_0008.jpg,rcbc_plaza,train,page:https://alchetron.com/RCBC-Plaza
web/rcbc_plaza/rcbc_plaza_0009.jpg,rcbc_plaza,train,page:https://fity.club/lists/suggestions/rcbc-plaza-logo/
web/rcbc_plaza/rcbc_plaza_0010.jpg,rcbc_plaza,test,page:https://www.shutterstock.com/image-photo/rcbc-plaza-yuchengco-tower-makati-city-653636407
web/rcbc_plaza/rcbc_plaza_0011.jpg,rcbc_plaza,train,page:https://www.alamy.com/rcbc-plaza-on-the-building-in-makati-philippines-image643799075.html
web/rcbc_plaza/rcbc_plaza_0012.jpg,rcbc_plaza,train,page:https://www.skyscrapercity.com/threads/makati-rcbc-plaza-192m-170m-46-fl-41-fl.445500/
web/rcbc_plaza/rcbc_plaza_0013.jpg,rcbc_plaza,train,page:https://www.lionunion.com/property/rcbc-plaza-tower-1/
web/rcbc_plaza/rcbc_plaza_0014.jpg,rcbc_plaza,val,page:https://www.alamy.com/stock-photo/rcbc-plaza-manila.html
web/rcbc_plaza/rcbc_plaza_0015.jpg,rcbc_plaza,train,page:https://lexicalcrown.blogspot.com/2014/05/makati-city.html
web/rcbc_plaza/rcbc_plaza_0016.jpg,rcbc_plaza,val,page:https://www.shutterstock.com/image-photo/makati-ph-jan-15-rcbc-plaza-1286647240
web/rcbc_plaza/rcbc_plaza_0018.jpg,rcbc_plaza,val,page:https://www.nloor.com/202208173323569.html
web/rcbc_plaza/rcbc_plaza_0019.jpg,rcbc_plaza,train,page:https://trek.zone/en/philippines/places/234305/rcbc-plaza-makati
web/rcbc_plaza/rcbc_plaza_0020.jpg,rcbc_plaza,train,page:https://www.youtube.com/shorts/xoC7h0ElS28
web/rcbc_plaza/rcbc_plaza_0021.jpg,rcbc_plaza,train,page:https://mindtrip.ai/attraction/makati-luzon/rcbc-plaza/at-AlstQ6Ay
web/rcbc_plaza/rcbc_plaza_0023.jpg,rcbc_plaza,val,page:https://www.tectonium.com/rcbc-plaza/
web/rcbc_plaza/rcbc_plaza_0027.jpg,rcbc_plaza,train,page:https://www.yelp.com/biz/rcbc-plaza-makati
web/rcbc_plaza/rcbc_plaza_0028.jpg,rcbc_plaza,val,page:https://www.pinterest.com/pin/rcbc-plaza-lobby-makati-city--93660867220592520/
web/rcbc_plaza/rcbc_plaza_0029.jpg,rcbc_plaza,train,page:https://alchetron.com/RCBC-Plaza
web/rcbc_plaza/rcbc_plaza_0030.jpg,rcbc_plaza,train,page:https://www.alamy.com/architectural-design-of-rcbc-plaza-in-makati-philippines-headquarters-of-rizal-commercial-banking-corporation-canadian-australian-embassies-image233806571.html
web/rcbc_plaza/rcbc_plaza_0031.jpg,rcbc_plaza,train,page:https://fity.club/lists/suggestions/rcbc-plaza-logo/
web/rcbc_plaza/rcbc_plaza_0033.jpg,rcbc_plaza,train,page:https://www.alamy.com/architectural-design-of-rcbc-plaza-in-makati-philippines-headquarters-of-rizal-commercial-banking-corporation-canadian-australian-embassies-image233806566.html
web/rcbc_plaza/rcbc_plaza_0034.jpg,rcbc_plaza,train,page:https://www.skyscrapercity.com/threads/makati-rcbc-plaza-192m-170m-46-fl-41-fl.445500/
web/rcbc_plaza/rcbc_plaza_0035.jpg,rcbc_plaza,train,page:https://www.skyscrapercity.com/threads/makati-rcbc-plaza-192m-170m-46-fl-41-fl.445500/
web/rcbc_plaza/rcbc_plaza_0064.jpg,rcbc_plaza,train,page:https://www.pinterest.com/pin/rcbc-plaza-the-tallest-building-in-makati--110408628336939041/
web/rcbc_plaza/rcbc_plaza_0065.jpg,rcbc_plaza,train,page:https://alchetron.com/RCBC-Plaza
web/rcbc_plaza/rcbc_plaza_0066.jpg,rcbc_plaza,train,page:https://www.skyscrapercity.com/threads/makati-rcbc-plaza-192m-170m-46-fl-41-fl.445500/
web/rcbc_plaza/rcbc_plaza_0067.jpg,rcbc_plaza,train,page:https://www.shutterstock.com/image-photo/makati-ph-jan-15-rcbc-plaza-1286647252
web/rcbc_plaza/rcbc_plaza_0068.jpg,rcbc_plaza,train,page:https://www.deperu.com/imagenes/429392466-makati-ph-20-nov-rcbc-plaza-yuchengco-torre-edificio-fachada-el-20-de-noviembre-de-2020-en-makati-filipinas.html
web/rcbc_plaza/rcbc_plaza_0069.jpg,rcbc_plaza,test,page:https://www.shutterstock.com/image-photo/makati-philippines-january-2014-rcbc-plaza-1617752617
web/rcbc_plaza/rcbc_plaza_0070.jpg,rcbc_plaza,train,page:https://www.deperu.com/imagenes/429392498-makati-ph-20-nov-rcbc-plaza-yuchengco-torre-edificio-fachada-el-20-de-noviembre-de-2020-en-makati-filipinas.html
web/rcbc_plaza/rcbc_plaza_0071.jpg,rcbc_plaza,train,page:https://www.dreamstime.com/makati-metro-manila-philippines-jan-rcbc-plaza-gt-ayala-avenue-afternoon-view-image184435761
web/rcbc_plaza/rcbc_plaza_0073.jpg,rcbc_plaza,train,page:https://rcbcplaza.com.ph/gallery/rcbc-plaza/
web/rcbc_plaza/rcbc_plaza_0074.jpg,rcbc_plaza,val,page:https://cartoondealer.com/image/184435761/makati-metro-manila-philippines-rcbc-plaza-gt-plaza-ayala-avenue-afternoon-view.html
web/rcbc_plaza/rcbc_plaza_0075.jpg,rcbc_plaza,train,page:https://pinnacle.ph/office-space-makati-lease-P3126175
web/rcbc_plaza/rcbc_plaza_0076.jpg,rcbc_plaza,val,page:https://stock.adobe.com/images/makati-philippines-february-1-2025-rcbc-plaza-on-the-building-in-makati-philippines-rcbc-plaza-is-an-office-skyscraper-complex/1259399517
web/rcbc_plaza/rcbc_plaza_0077.jpg,rcbc_plaza,train,page:https://www.officepro.ph/buildings/RCBC-Plaza
web/rcbc_plaza/rcbc_plaza_0089.jpg,rcbc_plaza,val,page:https://airial.travel/attractions/philippines/makati-city/rcbc-plaza-makati-hJDni66_
web/rcbc_plaza/rcbc_plaza_0090.jpg,rcbc_plaza,train,page:https://www.skyscrapercenter.com/building/rcbc-plaza-tower-2/2753
web/rcbc_plaza/rcbc_plaza_0091.jpg,rcbc_plaza,test,page:https://www.rcbc.com/promos
web/rcbc_plaza/rcbc_plaza_0093.jpg,rcbc_plaza,val,page:https://www.shutterstock.com/image-photo/makati-ph-jan-15-rcbc-plaza-1286647255
web/rcbc_plaza/rcbc_plaza_0094.jpg,rcbc_plaza,train,page:https://rcbcplaza.com.ph/key-features-and-amenities/
web/rcbc_plaza/rcbc_plaza_0095.jpg,rcbc_plaza,train,page:https://rcbcplaza.com.ph/gallery/rcbc-plaza/
web/rcbc_plaza/rcbc_plaza_0096.jpg,rcbc_plaza,train,page:https://www.skyscrapercenter.com/complex/632
web/rcbc_plaza/rcbc_plaza_0097.jpg,rcbc_plaza,test,page:https://www.dreamstime.com/rcbc-building-facade-bonifacio-global-city-taguig-philippines-ph-oct-october-was-established-as-development-bank-image177200035
web/rcbc_plaza/rcbc_plaza_0100.jpg,rcbc_plaza,train,page:https://www.dreamstime.com/makati-metro-manila-philippines-jan-rcbc-plaza-gt-ayala-avenue-afternoon-view-image184435761
web/rcbc_plaza/rcbc_plaza_0101.jpg,rcbc_plaza,train,page:https://www.officepro.ph/buildings/RCBC-Plaza
web/rcbc_plaza/rcbc_plaza_0102.jpg,rcbc_plaza,train,page:https://savillsph.com/building/RCBC-Plaza-Tower-2/
web/rcbc_plaza/rcbc_plaza_0103.jpg,rcbc_plaza,train,page:https://www.officepro.ph/buildings/rcbc-plaza
web/rcbc_plaza/rcbc_plaza_0113.jpg,rcbc_plaza,train,page:https://www.alamy.com/makati-city-manila-philippines-february-1-2025-yuchengco-museum-at-rcbc-plaza-in-makati-city-philippines-image655039793.html
web/rcbc_plaza/rcbc_plaza_0114.jpg,rcbc_plaza,train,page:https://es.dreamstime.com/makati-metro-manila-philippines-rcbc-plaza-gt-y-ayala-avenue-view-filipinas-enero-avenida-vista-de-la-tarde-image184959911
web/rcbc_plaza/rcbc_plaza_0116.jpg,rcbc_plaza,train,page:https://elmerlovescanon.blogspot.com/2012/07/
web/rcbc_plaza/rcbc_plaza_0117.jpg,rcbc_plaza,train,page:https://www.pinterest.com/pin/rcbc-plaza-tower-ii--549228117058949747/
web/rcbc_plaza/rcbc_plaza_0119.jpg,rcbc_plaza,test,page:https://www.dreamstime.com/makati-metro-manila-philippines-jan-rcbc-plaza-gt-ayala-avenue-afternoon-view-image184959911
web/rcbc_plaza/rcbc_plaza_0149.jpg,rcbc_plaza,train,page:https://www.alamy.com/yuchengco-museum-at-rcbc-plaza-in-makati-city-philippines-image643799060.html
web/rcbc_plaza/rcbc_plaza_0154.jpg,rcbc_plaza,train,page:https://www.flickr.com/photos/186494341@N07/49523927396
web/rcbc_plaza/rcbc_plaza_0155.jpg,rcbc_plaza,test,page:https://cre-book.com/property/rcbc-plaza/
web/rcbc_plaza/rcbc_plaza_0156.jpg,rcbc_plaza,val,page:https://www.flickr.com/photos/xenovah/4085065383/
web/rcbc_plaza/rcbc_plaza_0157.jpg,rcbc_plaza,train,page:https://mominoki-blog.com/buendia_paseo-de-roxas_manila_2017/
web/rcbc_plaza/rcbc_plaza_0158.jpg,rcbc_plaza,train,page:https://www.youtube.com/watch?v=e1cOT8oQWN0
web/rcbc_plaza/rcbc_plaza_0159.jpg,rcbc_plaza,train,page:https://foreclosedhub.ph/property/one-central-condo-across-rcbc-ayala-avenue-3/
web/rcbc_plaza/rcbc_plaza_0160.jpg,rcbc_plaza,train,page:https://manilastandard.net/spotlight/314645772/rcbc-65-years-of-progress-65-years-of-trust.html
web/rcbc_plaza/rcbc_plaza_0162.jpg,rcbc_plaza,train,page:https://www.youtube.com/watch?v=AWlzpWzn4dM
web/rcbc_plaza/rcbc_plaza_0163.jpg,rcbc_plaza,val,page:https://www.youtube.com/watch?v=wmWJ78xS-94
web/rcbc_plaza/rcbc_plaza_0164.jpg,rcbc_plaza,val,page:https://weavergroup.ph/building/rcbc-plaza-yuchengco-tower/
web/rcbc_plaza/rcbc_plaza_0171.jpg,rcbc_plaza,test,page:https://www.theurbanroamer.com/rcbc-plaza-and-the-alfonso-yuchengco-legacy/
web/rcbc_plaza/rcbc_plaza_0174.jpg,rcbc_plaza,train,page:https://lexicalcrown.blogspot.com/2014/05/makati-city.html
web/rcbc_plaza/rcbc_plaza_0175.jpg,rcbc_plaza,train,page:https://ph.pinterest.com/pin/rcbc-plaza--440015826069322328/
web/rcbc_plaza/rcbc_plaza_0177.jpg,rcbc_plaza,test,page:https://www.pinterest.com/pin/located-along-the-business-district-of-makati-city-is-theyuchengco-museum-located-in-rcbc-plazabecause-its-very-centralyuchengco-m--667447607249230765/
web/rcbc_plaza/rcbc_plaza_0182.jpg,rcbc_plaza,test,page:https://cre-book.com/property/rcbc-plaza/
web/rcbc_plaza/rcbc_plaza_0189.jpg,rcbc_plaza,train,page:https://pixabay.com/photos/tower-yuchengco-museum-makati-567791/
web/rcbc_plaza/rcbc_plaza_0193.jpg,rcbc_plaza,train,page:https://www.tripadvisor.com.ph/Attraction_Review-g298450-d2453068-Reviews-Yuchengco_Museum-Makati_Metro_Manila_Luzon.html
web/rcbc_plaza/rcbc_plaza_0194.jpg,rcbc_plaza,test,page:https://www.malaysia-traveller.com/yuchengco-museum.html
web/rcbc_plaza/rcbc_plaza_0195.jpg,rcbc_plaza,train,page:https://www.skyscrapercenter.com/building/rcbc-plaza-yuchengco-tower/1928
web/rcbc_plaza/rcbc_plaza_0226.jpg,rcbc_plaza,train,page:https://www.pinterest.com/pin/yuchengco-museum-in-makati-city-philippines--461337555593633028/
web/rcbc_plaza/rcbc_plaza_0230.jpg,rcbc_plaza,train,page:https://www.lamudi.com.ph/projects/yuchengco-tower/
web/rcbc_plaza/rcbc_plaza_0246.jpg,rcbc_plaza,test,page:https://foursquare.com/v/rcbc-plaza-tower-2/4c636130e13495217cb5c3f0
web/rcbc_plaza/rcbc_plaza_0247.jpg,rcbc_plaza,train,page:https://www.colliers.com/en-ph/properties/office-space-for-lease-in-ayala-avenue-makati/phl-rcbc-plaza-tower-2/phl22000245
web/rcbc_plaza/rcbc_plaza_0248.jpg,rcbc_plaza,train,page:https://swensonstone.com/projects/rcbc-plaza
web/sm_makati/sm_makati_0000.jpg,sm_makati,val,page:https://en-academic.com/dic.nsf/enwiki/9949917
web/sm_makati/sm_makati_0003.jpg,sm_makati,train,page:https://smpfw2010.blogspot.com/p/passion-for-fashion.html
web/sm_makati/sm_makati_0006.jpg,sm_makati,test,page:https://www.youtube.com/shorts/oXtkXldJy2Y
web/sm_makati/sm_makati_0030.jpg,sm_makati,val,page:https://www.alamy.com/stock-photo-sm-cyber-makati-is-a-modern-commercial-complex-located-in-makati-city-141860303.html
web/sm_makati/sm_makati_0032.jpg,sm_makati,val,page:https://www.youtube.com/watch?v=Mu-1-Zmk_dM
web/sm_makati/sm_makati_0033.jpg,sm_makati,train,page:https://www.youtube.com/watch?v=iAEB1KDXwug
web/sm_makati/sm_makati_0043.jpg,sm_makati,test,page:https://www.tripadvisor.com.ph/Attraction_Review-g298450-d8113844-Reviews-SM_Makati-Makati_Metro_Manila_Luzon.html
web/sm_makati/sm_makati_0114.jpg,sm_makati,test,page:https://www.youtube.com/shorts/oXtkXldJy2Y
web/sm_makati/sm_makati_0120.jpg,sm_makati,train,page:https://www.dreamstime.com/sm-city-marikina-mall-facade-philippines-ph-feb-february-st-class-highly-urbanized-national-capital-region-image270407075
web/sm_makati/sm_makati_0130.jpg,sm_makati,train,page:https://foursquare.com/v/sm-makati/4b5ae98ff964a52000da28e3/photos
web/sm_makati/sm_makati_0211.jpg,sm_makati,val,page:https://www.smsupermalls.com/mall-directory/sm-city-manila/information
web/sm_makati/sm_makati_0256.jpg,sm_makati,test,page:https://wikimapia.org/585015/SM-Makati
web/sm_makati/sm_makati_0262.jpg,sm_makati,test,page:https://wikimapia.org/585015/SM-Makati
web/sm_makati/sm_makati_0263.jpg,sm_makati,test,page:https://www.yelp.com/biz/sm-makati-makati
web/sm_makati/sm_makati_0308.jpg,sm_makati,val,page:https://markcerbo.blogspot.com/2011/07/random-snaps-sunday-at-ayala-malls.html
web/sm_makati/sm_makati_0309.jpg,one_ayala,val,page:https://mindtrip.ai/attraction/makati-luzon/ayala/at-6vJamJTJ
web/sm_makati/sm_makati_0285.jpg,greenbelt,train,page:https://fity.club/lists/suggestions/ayala-center-makati-city/
web/sm_makati/sm_makati_0288.jpg,greenbelt,train,page:https://www.alamy.com/stock-photo/ayala-mall.html
web/sm_makati/sm_makati_0312.jpg,greenbelt,train,page:https://www.alamy.com/exterior-of-the-ayala-center-mall-in-cebu-city-image381816347.html
web/sm_makati/sm_makati_0314.jpg,greenbelt,train,page:https://www.alamy.com/exterior-of-the-ayala-center-mall-in-cebu-city-image381815365.html
web/sm_makati/sm_makati_0315.jpg,greenbelt,train,page:https://fity.club/lists/suggestions/ayala-center-makati-city/
web/sm_makati/sm_makati_0316.jpg,greenbelt,train,page:https://www.alamy.com/exterior-of-the-ayala-center-mall-in-cebu-city-image381814501.html
web/sm_makati/sm_makati_0327.jpg,greenbelt,test,page:https://www.dreamstime.com/editorial-stock-image-terraces-ayala-center-cebu-city-philippines-night-july-food-beverage-strip-beautiful-landscaping-image98927604
web/sm_makati/sm_makati_0348.jpg,greenbelt,train,page:https://mustbethatgirl.blogspot.com/2014/08/night-scenes-at-ayala-center-cebu.html
web/the_landmark_makati/the_landmark_makati_0000.jpg,the_landmark_makati,val,page:https://getoccupi.com/malls/the-landmark
web/the_landmark_makati/the_landmark_makati_0002.jpg,the_landmark_makati,train,page:https://www.skyscrapercity.com/threads/ayala-center.527303/page-114
web/the_landmark_makati/the_landmark_makati_0003.jpg,the_landmark_makati,train,page:https://www.reddit.com/r/brutalism/comments/7glf6a/the_landmark_department_store_makati_cbd/
web/the_landmark_makati/the_landmark_makati_0005.jpg,the_landmark_makati,test,page:https://wikimapia.org/532077/The-Landmark
web/the_landmark_makati/the_landmark_makati_0007.jpg,the_landmark_makati,train,page:https://www.skyscrapercity.com/threads/ayala-center.527303/page-114
web/the_landmark_makati/the_landmark_makati_0008.jpg,the_landmark_makati,train,page:https://bakerymom.blogspot.com/2011/05/baking-supplies-stores-landmark-makati.html
web/the_landmark_makati/the_landmark_makati_0015.jpg,the_landmark_makati,val,page:https://fity.club/lists/suggestions/landmark-makati-logo/
web/the_landmark_makati/the_landmark_makati_0023.jpg,the_landmark_makati,train,page:https://www.skyscrapercity.com/threads/ayala-center.527303/page-114
web/the_landmark_makati/the_landmark_makati_0024.jpg,the_landmark_makati,test,page:https://monolithconstruction.com.ph/project/the-landmark-makati-extension/
web/the_landmark_makati/the_landmark_makati_0026.jpg,the_landmark_makati,test,page:https://www.rappler.com/business/landmark-mall-cashiers-response-alleged-theft-senate-hearing-january-2023/
web/the_landmark_makati/the_landmark_makati_0027.jpg,the_landmark_makati,test,page:https://wikimapia.org/532077/The-Landmark
web/the_landmark_makati/the_landmark_makati_0047.jpg,the_landmark_makati,train,page:https://www.skyscrapercity.com/threads/ayala-center.527303/page-114
web/the_landmark_makati/the_landmark_makati_0049.jpg,the_landmark_makati,val,page:https://philnews.ph/2018/03/23/fb-page-exposed-horrible-working-place-landmark-makati-employees/
web/the_landmark_makati/the_landmark_makati_0064.jpg,the_landmark_makati,train,page:https://jewel.nomayersfifty.de/landmark-department-store-returns-refunds-the-landmark-official-store/
web/the_landmark_makati/the_landmark_makati_0066.jpg,the_landmark_makati,train,page:https://www.skyscrapercity.com/threads/ayala-center.527303/page-114
web/the_landmark_makati/the_landmark_makati_0155.jpg,greenbelt,val,page:https://www.youtube.com/watch?v=vk5SWfNLw9E
web/the_landmark_makati/the_landmark_makati_0156.jpg,greenbelt,val,page:https://www.youtube.com/watch?v=qH9mImH5Ck0
web/greenbelt/greenbelt_0000.jpg,greenbelt,train,page:https://ar.inspiredpencil.com/pictures-2023/greenbelt-1
web/greenbelt/greenbelt_0001.jpg,greenbelt,train,page:https://ar.inspiredpencil.com/pictures-2023/greenbelt-mall-makati
web/greenbelt/greenbelt_0004.jpg,greenbelt,train,page:https://www.yelp.com/biz/greenbelt-makati-2
web/greenbelt/greenbelt_0005.jpg,greenbelt,train,page:https://www.tripadvisor.be/Attraction_Review-g298450-d2648995-Reviews-Greenbelt_Mall-Makati_Metro_Manila_Luzon.html
web/greenbelt/greenbelt_0007.jpg,greenbelt,train,page:https://ar.inspiredpencil.com/pictures-2023/greenbelt-mall
web/greenbelt/greenbelt_0008.jpg,greenbelt,train,page:https://www.pinterest.com/pin/307300374543388216/
web/greenbelt/greenbelt_0009.jpg,greenbelt,train,page:https://ar.inspiredpencil.com/pictures-2023/greenbelt-mall
web/greenbelt/greenbelt_0010.jpg,greenbelt,train,page:https://www.alamy.com/stock-photo/greenbelt-mall.html
web/greenbelt/greenbelt_0012.jpg,greenbelt,val,page:https://www.dreamstime.com/editorial-photography-greenbelt-mall-makati-philippines-image83643297
web/greenbelt/greenbelt_0013.jpg,greenbelt,train,page:https://phototraveler81.blogspot.com/2010/05/greenbelt-makati-city-philippines.html
web/greenbelt/greenbelt_0014.jpg,greenbelt,train,page:https://www.dreamstime.com/editorial-stock-photo-greenbelt-shopping-mall-aug-makati-metro-manil-manila-philippines-landmark-image97855048
web/greenbelt/greenbelt_0015.jpg,greenbelt,test,page:https://www.bedandgoinc.com/post/top-6-condos-in-the-greenbelt-makati-area-and-why-it-s-a-hotspot-for-manila-rent
web/greenbelt/greenbelt_0017.jpg,greenbelt,train,page:https://www.flickr.com/photos/travelourplanet/36937869412
web/greenbelt/greenbelt_0018.jpg,greenbelt,val,page:https://www.istockphoto.com/photo/greenbelt-shopping-mall-at-makati-in-metro-manila-gm621847084-108708789
web/greenbelt/greenbelt_0019.jpg,greenbelt,train,page:https://www.alamy.com/stock-photo/greenbelt-shopping-mall-in-makati.html
web/greenbelt/greenbelt_0020.jpg,greenbelt,val,page:https://www.alamy.com/greenbelt-shopping-mall-on-aug-12-2017-at-makati-in-metro-manila-philippines-image153470274.html
web/greenbelt/greenbelt_0022.jpg,greenbelt,train,page:https://ar.inspiredpencil.com/pictures-2023/greenbelt-mall-makati
web/greenbelt/greenbelt_0023.jpg,greenbelt,train,page:https://www.alamy.com/stock-photo/greenbelt-mall.html
web/greenbelt/greenbelt_0025.jpg,greenbelt,train,page:https://www.dreamstime.com/editorial-photography-greenbelt-mall-makati-philippines-image83643217
web/greenbelt/greenbelt_0027.jpg,greenbelt,train,page:https://www.tripadvisor.com/Attraction_Review-g298450-d2648995-Reviews-Greenbelt_Mall-Makati_Metro_Manila_Luzon.html
web/greenbelt/greenbelt_0029.jpg,greenbelt,train,page:https://www.istockphoto.com/photo/greenbelt-shopping-mall-at-makati-in-metro-manila-gm621846486-108708159
web/greenbelt/greenbelt_0031.jpg,greenbelt,val,page:https://2hottravellers.com/greenbelt-park-a-charming-place-in-makati-city/
web/greenbelt/greenbelt_0032.jpg,greenbelt,test,page:https://www.alamy.com/stock-photo-greenbelt-5-shopping-mall-in-greenbelt-park-in-makati-city-makati-39970807.html
web/greenbelt/greenbelt_0033.jpg,greenbelt,train,page:https://fr.tripadvisor.be/Attraction_Review-g298450-d2648995-Reviews-Greenbelt_Mall-Makati_Metro_Manila_Luzon.html
web/greenbelt/greenbelt_0037.jpg,greenbelt,train,page:https://www.youtube.com/watch?v=6HLJEXQwUEw
web/greenbelt/greenbelt_0038.jpg,greenbelt,val,page:https://www.dreamstime.com/editorial-photography-greenbelt-mall-makati-philippines-image83643297
web/greenbelt/greenbelt_0041.jpg,greenbelt,train,page:https://www.traveloka.com/en-ph/explore/destination/uncover-the-best-of-makati-a-guide-to-planning-the-perfect-staycation-in-the-philippines-acc/244679
web/greenbelt/greenbelt_0042.jpg,greenbelt,train,page:https://islandtimes.com/exploring-greenbelt-mall-and-makati-city-a-shopping-and-sightseeing-guide/
web/greenbelt/greenbelt_0048.jpg,greenbelt,train,page:https://getoccupi.com/malls/greenbelt-mall
web/greenbelt/greenbelt_0063.jpg,greenbelt,train,page:https://www.alamy.com/greenbelt-in-makati-manila-image566040900.html
web/greenbelt/greenbelt_0073.jpg,greenbelt,train,page:https://www.dreamstime.com/editorial-stock-image-greenbelt-mall-makati-philippines-image83643459
web/greenbelt/greenbelt_0075.jpg,greenbelt,test,page:https://www.dreamstime.com/editorial-photo-greenbelt-shopping-mall-located-ayala-center-makati-metro-manila-philippines-which-just-near-glorietta-sm-makati-image83312716
web/greenbelt/greenbelt_0076.jpg,greenbelt,test,page:https://www.alamy.com/stock-photo-the-exterior-of-greenbelt-5-in-makati-metro-manila-the-philippines-96238770.html
web/greenbelt/greenbelt_0077.jpg,greenbelt,train,page:https://www.pinterest.com/pin/greenbelt-makati-city-philippines--350577152258204011/
web/greenbelt/greenbelt_0078.jpg,greenbelt,test,page:https://heroesofadventure.com/listing/greenbelt-mall-makati-manila-philippines/
web/greenbelt/greenbelt_0079.jpg,greenbelt,test,page:https://istar-tariray.blogspot.com/2024/04/greenbelt-1-makati.html
web/greenbelt/greenbelt_0080.jpg,greenbelt,train,page:https://mindtrip.ai/attraction/makati-luzon/greenbelt/at-J6hOxPyu
web/greenbelt/greenbelt_0081.jpg,greenbelt,train,page:https://www.alamy.com/greenbelt-makati-philippines-image218812561.html
web/greenbelt/greenbelt_0082.jpg,greenbelt,train,page:https://www.alamy.com/greenbelt-makati-philippines-image218812506.html
web/greenbelt/greenbelt_0083.jpg,greenbelt,train,page:https://www.dreamstime.com/sep-entrance-greenbelt-makati-sep-entrance-greenbelt-makati-philippines-image99727783
web/greenbelt/greenbelt_0084.jpg,greenbelt,train,page:https://business.inquirer.net/483056/makati-redefining-urban-living-beyond-business
web/greenbelt/greenbelt_0085.jpg,greenbelt,val,page:https://www.dreamstime.com/editorial-photography-greenbelt-makati-city-dec-philippines-image83573642
web/greenbelt/greenbelt_0086.jpg,greenbelt,train,page:https://www.dreamstime.com/editorial-image-greenbelt-makati-city-dec-philippines-image83573275
web/greenbelt/greenbelt_0087.jpg,greenbelt,train,page:https://www.dreamstime.com/sep-entrance-greenbelt-makati-philippines-sep-entrance-greenbelt-makati-philip-image99726879
web/greenbelt/greenbelt_0088.jpg,greenbelt,test,page:https://ar.inspiredpencil.com/pictures-2023/greenbelt-park-makati
web/greenbelt/greenbelt_0090.jpg,greenbelt,train,page:https://mendozaarchitects.com/architecture-category/greenbelt-2/
web/greenbelt/greenbelt_0091.jpg,greenbelt,test,page:https://ar.inspiredpencil.com/pictures-2023/greenbelt-park-makati
web/greenbelt/greenbelt_0093.jpg,greenbelt,train,page:https://storage.googleapis.com/dvfimqbxwrqsze/engagement-rings-greenbelt-makati.html
web/greenbelt/greenbelt_0094.jpg,greenbelt,val,page:https://www.dreamstime.com/nov-greenbelt-park-panoramic-view-greenbelt-makati-nov-greenbelt-park-panoramic-view-greenbelt-maka-image103293129
web/greenbelt/greenbelt_0095.jpg,greenbelt,val,page:https://www.dreamstime.com/nov-greenbelt-park-panoramic-view-greenbelt-maka-nov-greenbelt-park-panoramic-view-greenbelt-makati-image103293069
web/greenbelt/greenbelt_0096.jpg,greenbelt,train,page:https://www.reddit.com/r/ITookAPicturePH/comments/18e8ttr/greenbelt_makati/
web/greenbelt/greenbelt_0097.jpg,greenbelt,train,page:https://www.dreamstime.com/sep-entrance-greenbelt-makati-philip-philippines-image99727031
web/greenbelt/greenbelt_0098.jpg,greenbelt,train,page:https://ph.pinterest.com/pin/greenbelt-makati-city--541487555171150275/
web/greenbelt/greenbelt_0099.jpg,greenbelt,train,page:https://www.dreamstime.com/editorial-stock-photo-greenbelt-makati-city-dec-philippines-image83571943
web/greenbelt/greenbelt_0100.jpg,greenbelt,test,page:https://www.dreamstime.com/nov-greenbelt-view-greenbelt-parking-area-makati-philippines-nov-greenbelt-view-greenbelt-parking-area-makati-image105845490
web/greenbelt/greenbelt_0101.jpg,greenbelt,train,page:https://www.pinterest.com/pin/greenbelt-makati--1144336586544110932/
web/greenbelt/greenbelt_0104.jpg,greenbelt,train,page:https://www.dreamstime.com/city-garden-greenbelt-makati-philippines-city-garden-greenbelt-makati-philippines-image126324479
web/greenbelt/greenbelt_0105.jpg,greenbelt,train,page:https://www.dreamstime.com/editorial-stock-photo-greenbelt-makati-city-dec-philippines-image83574583
web/greenbelt/greenbelt_0106.jpg,greenbelt,test,page:https://stock.adobe.com/images/greenbelt-park-makati-metro-manila-philippines/107637927
web/greenbelt/greenbelt_0107.jpg,greenbelt,test,page:https://ph.pinterest.com/pin/greenbelt-5-makati-manila--293296994455233323/
web/greenbelt/greenbelt_0108.jpg,greenbelt,test,page:https://in.pinterest.com/pin/greenbelt-makati-philippines-sculpture-in-grassy-area--316166836313960455/
web/greenbelt/greenbelt_0109.jpg,greenbelt,val,page:https://id.pinterest.com/pin/greenbelt-park-makati-2020-all-you-need-to-know-before-you-go-with-photos-tripadvisor--97671885656550976/
web/greenbelt/greenbelt_0110.jpg,greenbelt,val,page:https://www.reddit.com/r/Philippines/comments/ltkrxc/greenbelt_makati_022021/
web/greenbelt/greenbelt_0112.jpg,greenbelt,train,page:https://www.youtube.com/watch?v=ZI8gmRJi-3E
web/greenbelt/greenbelt_0113.jpg,greenbelt,train,page:https://www.youtube.com/watch?v=grwE18T7SDo
web/greenbelt/greenbelt_0115.jpg,greenbelt,test,page:https://ph.pinterest.com/pin/greenbelt-3-makati--329044316495985606/
web/greenbelt/greenbelt_0116.jpg,greenbelt,train,page:https://ph.pinterest.com/pin/greenbelt-3-makati-city-philippines--340936634263269100/
web/greenbelt/greenbelt_0122.jpg,greenbelt,train,page:https://www.tripadvisor.co.id/Attraction_Review-g298450-d556735-Reviews-Greenbelt_Park-Makati_Metro_Manila_Luzon.html
web/greenbelt/greenbelt_0125.jpg,greenbelt,train,page:https://www.tripadvisor.co.nz/Attraction_Review-g298450-d556735-Reviews-Greenbelt_Park-Makati_Metro_Manila_Luzon.html
web/greenbelt/greenbelt_0130.jpg,greenbelt,val,page:https://www.youtube.com/watch?v=RF6pV6IhV4k
web/greenbelt/greenbelt_0132.jpg,greenbelt,test,page:https://www.dreamstime.com/nov-greenbelt-ground-floor-makati-philippines-nov-greenbelt-ground-floor-makati-image105845881
web/greenbelt/greenbelt_0134.jpg,greenbelt,val,page:https://www.shutterstock.com/search/greenbelt-makati
web/greenbelt/greenbelt_0135.jpg,greenbelt,test,page:https://istar-tariray.blogspot.com/2024/04/greenbelt-1-makati.html
web/greenbelt/greenbelt_0136.jpg,greenbelt,train,page:https://www.alamy.com/sep-10-2017-at-the-entrance-of-the-greenbelt-5-makati-philippines-image158801158.html
web/greenbelt/greenbelt_0137.jpg,greenbelt,val,page:https://gfparchitects.com/sustainability/
web/greenbelt/greenbelt_0138.jpg,greenbelt,test,page:https://www.dreamstime.com/editorial-stock-image-makati-towers-condominiums-greenbelt-makati-philippines-as-seen-ayala-center-image96354229
web/greenbelt/greenbelt_0139.jpg,greenbelt,test,page:https://ar.inspiredpencil.com/pictures-2023/greenbelt-park-makati
web/greenbelt/greenbelt_0141.jpg,greenbelt,train,page:https://www.alamy.com/sep-10-2017-greenbelt3-view-from-greenbelt-park-makati-philippines-image158801601.html
web/greenbelt/greenbelt_0142.jpg,greenbelt,train,page:https://www.lookphotos.com/en-us/images/70089620-Greenbelt-square-Makati-District-Manila-Philippines
web/greenbelt/greenbelt_0144.jpg,greenbelt,train,page:https://www.alamy.com/stock-photo-greenbelt-square-makati-district-manila-park-philippines-asia-skyline-33171338.html
web/greenbelt/greenbelt_0145.jpg,greenbelt,train,page:https://www.alamy.com/stock-photo-gardens-and-skyscrapers-at-greenbelt-park-in-ayala-makati-metro-manila-96239096.html
web/greenbelt/greenbelt_0146.jpg,greenbelt,train,page:https://www.dreamstime.com/editorial-image-greenbelt-mall-park-makati-philippines-center-business-district-ayala-center-image96354180
web/greenbelt/greenbelt_0150.jpg,greenbelt,train,page:https://islandtimes.com/exploring-greenbelt-mall-and-makati-city-a-shopping-and-sightseeing-guide/
web/greenbelt/greenbelt_0153.jpg,greenbelt,train,page:https://islandtimes.com/exploring-greenbelt-mall-and-makati-city-a-shopping-and-sightseeing-guide/
web/greenbelt/greenbelt_0155.jpg,greenbelt,train,page:https://www.tripadvisor.com.ph/Attraction_Review-g298450-d556735-Reviews-Greenbelt_Park-Makati_Metro_Manila_Luzon.html
web/greenbelt/greenbelt_0156.jpg,greenbelt,train,page:https://www.skyscrapercity.com/threads/makati-city.96151/page-491
web/greenbelt/greenbelt_0157.jpg,greenbelt,train,page:https://byaheroph.blogspot.com/2011/08/greenbelt-chapel-in-makati-city.html
web/greenbelt/greenbelt_0158.jpg,greenbelt,train,page:https://www.yelp.com/biz/greenbelt-makati-2
web/greenbelt/greenbelt_0164.jpg,greenbelt,train,page:https://mendozaarchitects.com/category/architecture-category/
web/greenbelt/greenbelt_0165.jpg,greenbelt,test,page:https://animalia-life.club/qa/pictures/greenbelt-5
web/greenbelt/greenbelt_0166.jpg,greenbelt,train,page:https://manilastandard.net/?p=314417156
web/greenbelt/greenbelt_0167.jpg,greenbelt,train,page:https://ar.inspiredpencil.com/pictures-2023/greenbelt-mall
web/greenbelt/greenbelt_0169.jpg,greenbelt,train,page:https://www.pinterest.com/pin/greenbelt-ayala-makati-city-29-may-2016--230176230934086008/
web/greenbelt/greenbelt_0172.jpg,greenbelt,val,page:https://www.shutterstock.com/search/greenbelt-makati
web/greenbelt/greenbelt_0173.jpg,greenbelt,train,page:https://business.inquirer.net/332572/the-journey-of-makati-city-towards-walkability
web/greenbelt/greenbelt_0176.jpg,greenbelt,val,page:https://www.dreamstime.com/editorial-stock-image-greenbelt-makati-city-dec-philippines-image83573709
web/greenbelt/greenbelt_0177.jpg,greenbelt,train,page:https://www.dreamstime.com/city-garden-greenbelt-makati-philippines-city-garden-greenbelt-makati-philippines-image126324479
web/greenbelt/greenbelt_0178.jpg,greenbelt,train,page:https://www.dreamstime.com/city-garden-greenbelt-makati-philippines-city-garden-greenbelt-makati-philippines-image126323896
web/greenbelt/greenbelt_0183.jpg,greenbelt,val,page:https://www.alamy.com/sep-10-2017-at-the-entrance-of-the-greenbelt-5-makati-philippines-image158801105.html
web/greenbelt/greenbelt_0184.jpg,greenbelt,train,page:https://www.alamy.com/stock-photo/greenbelt-entrance-manila-philippines.html
web/greenbelt/greenbelt_0185.jpg,greenbelt,train,page:https://www.dreamstime.com/sep-entrance-greenbelt-makati-philippines-sep-entrance-greenbelt-makati-image99727795
web/greenbelt/greenbelt_0186.jpg,greenbelt,test,page:https://www.istockphoto.com/photo/entrance-of-greenbelt1-shopping-mall-in-makati-city-metro-manila-gm921480774-253061906
web/greenbelt/greenbelt_0188.jpg,greenbelt,train,page:https://www.alamy.com/stock-photo-greenbelt-entrance-manila-the-philippines-114691462.html
web/greenbelt/greenbelt_0192.jpg,greenbelt,val,page:https://primer.com.ph/tips-guides/2021/06/16/guide-green-spots-in-makati-and-bgc-to-visit-on-your-next-urban-nature-trip/
web/greenbelt/greenbelt_0194.jpg,greenbelt,train,page:https://co.pinterest.com/pin/greenbelt-makati-city-philippines--758926974677834064/
web/greenbelt/greenbelt_0203.jpg,greenbelt,train,page:https://wanderboat.ai/attractions/philippines/makati/greenbelt-park/k10_KYBYT9eQ1TpRNmRyqg
web/greenbelt/greenbelt_0204.jpg,greenbelt,test,page:https://www.tripadvisor.nl/Attraction_Review-g298450-d556735-Reviews-Greenbelt_Park-Makati_Metro_Manila_Luzon.html
web/greenbelt/greenbelt_0205.jpg,greenbelt,val,page:https://www.flickr.com/photos/23225706@N06/4130518299/
web/greenbelt/greenbelt_0206.jpg,greenbelt,train,page:https://www.alamy.com/stock-photo-palm-trees-at-night-at-greenbelt-park-in-makati-metro-manila-the-philippines-115768607.html
web/greenbelt/greenbelt_0208.jpg,greenbelt,val,page:https://2hottravellers.com/greenbelt-park-a-charming-place-in-makati-city/
web/greenbelt/greenbelt_0210.jpg,greenbelt,train,page:https://www.istockphoto.com/photo/people-enjoying-the-greenbelt-shopping-mall-night-view-at-makati-city-metro-manila-gm1358909988-432397619
web/greenbelt/greenbelt_0212.jpg,greenbelt,val,page:https://www.alamy.com/dec-8-2021-people-enjoying-the-greenbelt-shopping-mall-night-view-at-makati-city-metro-manila-philippines-image454056215.html
web/greenbelt/greenbelt_0214.jpg,greenbelt,train,page:https://www.alamy.com/stock-photo-greenbelt-shopping-mall-at-night-business-district-makati-manila-philippines-28448577.html
web/greenbelt/greenbelt_0216.jpg,greenbelt,train,page:https://www.dreamstime.com/people-enjoying-greenbelt-shopping-mall-night-view-makati-city-metro-manila-philippines-dec-image236865238
web/greenbelt/greenbelt_0221.jpg,greenbelt,train,page:https://www.alamy.com/stock-photo-philippines-manila-makati-district-greenbelt-entertainment-area-with-13386403.html
web/greenbelt/greenbelt_0222.jpg,greenbelt,test,page:https://www.alamy.com/dec-8-2021-people-enjoying-the-greenbelt-shopping-mall-night-view-at-makati-city-metro-manila-philippines-image454056241.html
web/greenbelt/greenbelt_0224.jpg,greenbelt,train,page:https://www.alamy.com/stock-photo/manila-night-skyscrapers.html
web/greenbelt/greenbelt_0225.jpg,greenbelt,train,page:https://www.dreamstime.com/people-enjoying-greenbelt-shopping-mall-night-view-makati-city-metro-manila-philippines-dec-image236865272
web/greenbelt/greenbelt_0229.jpg,greenbelt,train,page:https://www.reddit.com/r/Philippines/comments/lwkdkk/lights_at_greenbelt_makati_022021/
web/greenbelt/greenbelt_0230.jpg,greenbelt,train,page:https://www.gettyimages.ca/detail/photo/greenbelt-in-makati-at-night-manila-philippines-royalty-free-image/472910600
web/greenbelt/greenbelt_0232.jpg,greenbelt,train,page:https://www.alamy.com/stock-photo/manila-street-night.html
web/greenbelt/greenbelt_0235.jpg,greenbelt,val,page:https://storage.googleapis.com/dkuwlvcktcyexe/party-city-greenbelt-mall.html
web/greenbelt/greenbelt_0236.jpg,greenbelt,train,page:https://www.dreamstime.com/people-enjoying-greenbelt-shopping-mall-night-view-makati-city-metro-manila-philippines-dec-image236865249
web/greenbelt/greenbelt_0240.jpg,greenbelt,train,page:https://www.alamy.com/rain-and-traffic-lights-at-night-greenbelt-makati-philippines-image335507289.html
web/greenbelt/greenbelt_0244.jpg,greenbelt,test,page:https://ar.inspiredpencil.com/pictures-2023/greenbelt-park-makati
web/greenbelt/greenbelt_0248.jpg,greenbelt,train,page:https://www.istockphoto.com/photos/makati-night
web/greenbelt/greenbelt_0249.jpg,greenbelt,train,page:https://ph.pinterest.com/pin/greenbelt-makati-gnie-arambulo--151503974956718014/
web/glorietta/glorietta_0001.jpg,glorietta,train,page:https://www.gettyimages.dk/photos/glorietta-mall
web/glorietta/glorietta_0002.jpg,glorietta,train,page:https://www.lionunion.com/property/glorietta/
web/glorietta/glorietta_0004.jpg,glorietta,val,page:https://www.alamy.com/stock-image-nov-52017-glorietta-shopping-mall-at-crosswalk-makati-164928022.html
web/glorietta/glorietta_0005.jpg,glorietta,train,page:https://www.yelp.com/biz/glorietta-5-makati-2
web/glorietta/glorietta_0008.jpg,glorietta,train,page:https://www.flickr.com/photos/manilahobo/8244211040/
web/glorietta/glorietta_0009.jpg,glorietta,train,page:https://www.tripadvisor.com.ph/Attraction_Review-g298450-d5979666-Reviews-Glorietta-Makati_Metro_Manila_Luzon.html
web/glorietta/glorietta_0010.jpg,glorietta,test,page:https://getoccupi.com/malls/glorietta
web/glorietta/glorietta_0013.jpg,glorietta,train,page:https://stock.adobe.com/images/makati-metro-manila-philippines-oct-2020-glorietta-4-mall-flanked-by-two-towers-of-ascott-makati-it-is-part-of-ayala-center-a-major-shopping-destination-in-the-metropolis/388663620
web/glorietta/glorietta_0014.jpg,glorietta,val,page:https://www.dreamstime.com/glorietta-mall-makati-open-space-image107411224
web/glorietta/glorietta_0015.jpg,glorietta,train,page:https://www.nuku.de/archives/2013/02/03/glorietta-und-greenbelt-malls-in-makati.html
web/glorietta/glorietta_0016.jpg,glorietta,train,page:https://work.volemsaber.com/glorietta-mall-makati-glorietta-mall-stores/
web/glorietta/glorietta_0018.jpg,glorietta,train,page:https://www.alamy.com/stock-photo-glorietta-shopping-mauls-at-the-centre-of-makati-city-manila-philippines-82955602.html
web/glorietta/glorietta_0019.jpg,glorietta,val,page:https://jrnunezphotos.blogspot.com/2011/08/glorietta-park-photos-makati-city_09.html
web/glorietta/glorietta_0025.jpg,glorietta,train,page:https://www.youtube.com/watch?v=NFB2jJiaPkE
web/glorietta/glorietta_0026.jpg,glorietta,train,page:https://ph.pinterest.com/pin/glorietta-makati--787285578639705660/
web/glorietta/glorietta_0027.jpg,glorietta,test,page:https://www.flickr.com/photos/manilahobo/8243140019
web/glorietta/glorietta_0028.jpg,glorietta,train,page:https://www.youtube.com/watch?v=04HigzS_yZk
web/glorietta/glorietta_0033.jpg,glorietta,train,page:https://www.dreamstime.com/editorial-image-makati-glorietta-shopping-mall-sep-metro-manila-philippines-cityscape-makati-glorietta-shopping-mall-sep-metro-manila-image99446725
web/glorietta/glorietta_0034.jpg,glorietta,train,page:https://www.dreamstime.com/editorial-image-makati-glorietta-shopping-mall-sep-metro-manila-philippines-cityscape-makati-glorietta-shopping-mall-sep-metro-manila-image99446725
web/glorietta/glorietta_0041.jpg,glorietta,train,page:https://www.flickr.com/photos/25008614@N08/3703350191
web/glorietta/glorietta_0072.jpg,glorietta,train,page:https://storage.googleapis.com/drrodpzfumnmfe/glorietta-boonli.html
web/glorietta/glorietta_0073.jpg,glorietta,val,page:https://ph.pinterest.com/pin/glorietta-makati--2885187232662104/
web/glorietta/glorietta_0075.jpg,glorietta,val,page:https://fity.club/lists/suggestions/a-veneto-glorietta-3-makati/
web/glorietta/glorietta_0081.jpg,glorietta,train,page:https://www.tripadvisor.com/Attraction_Review-g298450-d5979666-Reviews-Glorietta-Makati_Metro_Manila_Luzon.html
web/glorietta/glorietta_0082.jpg,glorietta,train,page:https://www.youtube.com/watch?v=x8ULjrsGQvI
web/glorietta/glorietta_0083.jpg,glorietta,train,page:https://wikimapia.org/9409037/Glorietta-5
web/glorietta/glorietta_0085.jpg,glorietta,val,page:https://www.tripadvisor.de/Attraction_Review-g298450-d5979666-Reviews-Glorietta-Makati_Metro_Manila_Luzon.html
web/glorietta/glorietta_0090.jpg,glorietta,train,page:https://www.youtube.com/watch?v=gBNZ7tsBfJc
web/glorietta/glorietta_0092.jpg,glorietta,test,page:https://www.pfmodels.com/portfolio-item/ayala-center-glorietta-philippines
web/glorietta/glorietta_0100.jpg,glorietta,val,page:https://mindtrip.ai/attraction/makati-luzon/glorietta/at-X4vEQwkp
web/glorietta/glorietta_0101.jpg,glorietta,train,page:https://kmcmaggroup.com/building/glorietta-3/
web/glorietta/glorietta_0102.jpg,glorietta,train,page:https://storage.googleapis.com/dcbnyyludtgpfe/island-photo-center-glorietta.html
web/glorietta/glorietta_0104.jpg,glorietta,test,page:https://www.pinterest.com/pin/glorietta-4-makati--329044316495688740/
web/glorietta/glorietta_0105.jpg,glorietta,train,page:https://wikimapia.org/9409037/Glorietta-5
web/glorietta/glorietta_0115.jpg,glorietta,train,page:https://www.swirlsandscribbles.com/2011/11/paranormal-activity-3-glorietta-4.html
web/glorietta/glorietta_0121.jpg,glorietta,train,page:https://www.airial.travel/attractions/philippines/makati-city/glorietta-makati-Lx1bMxsP
web/glorietta/glorietta_0126.jpg,glorietta,train,page:https://www.discoverthephilippines.com/glorietta/
web/glorietta/glorietta_0131.jpg,glorietta,train,page:https://www.tripadvisor.com.ph/Attraction_Review-g298450-d5979666-Reviews-Glorietta-Makati_Metro_Manila_Luzon.html
web/glorietta/glorietta_0173.jpg,glorietta,train,page:https://www.dreamstime.com/nov-glorietta-park-view-shangri-la-hotel-makati-philippines-image103292873
web/glorietta/glorietta_0174.jpg,glorietta,train,page:https://www.gettyimages.dk/photos/glorietta-mall
web/glorietta/glorietta_0175.jpg,glorietta,val,page:https://www.gettyimages.fr/photos/glorietta-mall
web/glorietta/glorietta_0178.jpg,glorietta,train,page:https://www.yelp.com/biz/glorietta-5-makati-2
web/glorietta/glorietta_0180.jpg,glorietta,train,page:https://stock.adobe.com/th/search?k=glorietta
web/glorietta/glorietta_0184.jpg,glorietta,train,page:https://foursquare.com/eksvillasana/list/malls-and-entertainment-centers
web/glorietta/glorietta_0197.jpg,glorietta,train,page:https://www.alamy.com/stock-photo-glorietta-4-park-business-district-makati-metro-manila-philippine-125163820.html
web/glorietta/glorietta_0198.jpg,glorietta,train,page:https://storage.googleapis.com/dcbnyyludtgpfe/island-photo-center-glorietta.html
web/glorietta/glorietta_0201.jpg,glorietta,train,page:https://www.alamy.com/stock-photo-glorietta-4-park-business-district-makati-metro-manila-philippine-125163779.html
web/glorietta/glorietta_0202.jpg,glorietta,test,page:https://www.alamy.com/stock-photo-glorietta-4-park-business-district-makati-metro-manila-philippine-125163866.html
web/glorietta/glorietta_0205.jpg,glorietta,train,page:https://www.metrostaycation.com/2019/04/ascott-makati.html
web/glorietta/glorietta_0212.jpg,glorietta,train,page:https://coinatmradar.com/bitcoin_teller/93255/bitcoin-teller-makati-czarina-foreign-exchange-glorietta-4/
web/glorietta/glorietta_0219.jpg,glorietta,val,page:https://www.youtube.com/watch?v=gcUV-52tRK4
web/glorietta/glorietta_0221.jpg,glorietta,test,page:https://www.yelp.com/biz/glorietta-4-park-makati
web/glorietta/glorietta_0225.jpg,glorietta,train,page:https://foursquare.com/v/glorietta-4-cinema-6/4b7660bcf964a520134a2ee3
web/glorietta/glorietta_0235.jpg,glorietta,train,page:https://www.youtube.com/watch?v=A01rbv9dBZ4
web/glorietta/glorietta_0236.jpg,glorietta,train,page:https://www.timezonegames.com/en-ph/locations/metro-manila/timezone-glorietta-4/
web/glorietta/glorietta_0237.jpg,glorietta,test,page:https://mindtrip.ai/attraction/makati-luzon/timezone-glorietta-4/at-4Y9rT4LA
web/glorietta/glorietta_0238.jpg,glorietta,train,page:https://www.youtube.com/shorts/eukn3mG3OmM
web/glorietta/glorietta_0240.jpg,glorietta,val,page:https://www.plugshare.com/location/516533
web/glorietta/glorietta_0241.jpg,glorietta,train,page:https://primer.com.ph/blog/2025/04/14/holy-week-2025-a-guide-to-restaurant-and-mall-operating-hours-in-metro-manila/
web/glorietta/glorietta_0242.jpg,glorietta,train,page:https://www.yelp.com/biz/glorietta-5-makati-2
web/glorietta/glorietta_0244.jpg,glorietta,train,page:https://www.yelp.com/biz/glorietta-5-makati-2
web/glorietta/glorietta_0245.jpg,glorietta,train,page:https://storage.googleapis.com/drptnvlizkrjae/glorietta-admin-contact-number.html
web/glorietta/glorietta_0246.jpg,glorietta,train,page:https://www.youtube.com/watch?v=ZqD6t3hjse8
web/glorietta/glorietta_0247.jpg,glorietta,test,page:https://www.pinasmuna.com/2014/05/saboten-philippines-glorietta-5-ayala-makati.html
web/glorietta/glorietta_0248.jpg,glorietta,test,page:https://www.flickriver.com/photos/maria_concepcion/5445559617/
web/glorietta/glorietta_0255.jpg,glorietta,train,page:https://pl-light.com/project/glorietta-5/
web/glorietta/glorietta_0256.jpg,glorietta,train,page:https://ayalaland.com/offices/glorietta-5
web/glorietta/glorietta_0262.jpg,glorietta,train,page:https://www.dreamstime.com/editorial-stock-image-glorietta-shopping-mall-makati-philippines-image83643049
web/glorietta/glorietta_0270.jpg,glorietta,train,page:https://business.inquirer.net/389971/ayala-land-to-infuse-crown-jewel-malls-offices-into-areit-via-p22-5-b-swap
web/glorietta/glorietta_0273.jpg,glorietta,train,page:https://thebeat.asia/manila/nomads/explore/ayala-center-malls-guide
web/glorietta/glorietta_0279.jpg,glorietta,train,page:https://wikimapia.org/16605049/Glorietta-1-and-Glorietta-2
web/glorietta/glorietta_0281.jpg,glorietta,val,page:https://jrnunezphotos.blogspot.com/2011/08/glorietta-park-photos-makati-city_09.html
web/glorietta/glorietta_0282.jpg,glorietta,val,page:https://jrnunezphotos.blogspot.com/2011/08/glorietta-park-photos-makati-city_09.html
web/glorietta/glorietta_0284.jpg,glorietta,train,page:https://www.dreamstime.com/editorial-stock-image-glorietta-shopping-mall-makati-philippines-image83643194
web/glorietta/glorietta_0286.jpg,glorietta,test,page:https://www.dreamstime.com/makati-city-shopping-manila-philippines-november-malls-seen-glorietta-park-metro-one-biggest-urban-areas-world-image167205091
web/glorietta/glorietta_0295.jpg,glorietta,train,page:https://www.youtube.com/watch?v=bNist9tU5Hg
web/glorietta/glorietta_0300.jpg,glorietta,train,page:https://interaksyon.philstar.com/trends-spotlights/2026/05/21/313765/nostalgia-video-ai-glorietta-80s-era/
web/glorietta/glorietta_0302.jpg,glorietta,val,page:https://jrnunezphotos.blogspot.com/2011/08/glorietta-park-photos-makati-city_09.html
web/glorietta/glorietta_0303.jpg,glorietta,train,page:https://www.dreamstime.com/nov-glorietta-park-view-shangri-la-hotel-makati-nov-glorietta-park-view-shangri-la-hotel-makati-philippines-image103293959
web/glorietta/glorietta_0304.jpg,glorietta,train,page:https://www.nuku.de/archives/2013/02/03/glorietta-und-greenbelt-malls-in-makati.html
web/glorietta/glorietta_0193.jpg,greenbelt,train,page:https://www.nuku.de/archives/2013/02/03/glorietta-und-greenbelt-malls-in-makati.html
web/powerplant_mall/powerplant_mall_0000.jpg,powerplant_mall,test,page:https://besttravelplaced.blogspot.com/2011/03/how-to-commute-to-rockwell-and-power.html
web/powerplant_mall/powerplant_mall_0003.jpg,powerplant_mall,val,page:https://www.youtube.com/watch?v=Wxdfiu-1PY4
web/powerplant_mall/powerplant_mall_0004.jpg,powerplant_mall,train,page:https://www.flickr.com/photos/iloilocity/4042216471
web/powerplant_mall/powerplant_mall_0009.jpg,powerplant_mall,val,page:https://ar.inspiredpencil.com/pictures-2023/rockwell-center-mall
web/powerplant_mall/powerplant_mall_0012.jpg,powerplant_mall,test,page:https://watch-fever.blogspot.com/2014/11/rolex-ad-at-rockwell-powerplant-mall.html
web/powerplant_mall/powerplant_mall_0021.jpg,powerplant_mall,train,page:https://trek.zone/en/philippines/places/514908/power-plant-mall-makati
web/powerplant_mall/powerplant_mall_0024.jpg,powerplant_mall,val,page:https://www.tripadvisor.com.my/ShowUserReviews-g298450-d1896763-r169845521-Power_Plant_Mall-Makati_Metro_Manila_Luzon.html
web/powerplant_mall/powerplant_mall_0026.jpg,powerplant_mall,train,page:https://www.yelp.ca/biz/power-plant-mall-makati
web/powerplant_mall/powerplant_mall_0030.jpg,powerplant_mall,train,page:https://www.youtube.com/watch?v=LNDLngM3NBo
web/powerplant_mall/powerplant_mall_0045.jpg,powerplant_mall,train,page:https://www.youtube.com/watch?v=7a0QW8S645E
web/powerplant_mall/powerplant_mall_0055.jpg,powerplant_mall,train,page:https://getoccupi.com/malls/power-plant-mall
web/powerplant_mall/powerplant_mall_0070.jpg,powerplant_mall,train,page:https://www.youtube.com/watch?v=W5SpxvXNg7g
web/powerplant_mall/powerplant_mall_0074.jpg,powerplant_mall,train,page:https://www.sunstar.com.ph/pampanga/power-plant-mall-angeles-the-distinct-rockwell-center-makati-experience-is-arriving-at-angeles-city-pampanga-in-q4-2027
web/powerplant_mall/powerplant_mall_0075.jpg,powerplant_mall,train,page:https://www.tripadvisor.com.au/Attraction_Review-g298450-d1896763-Reviews-Power_Plant_Mall-Makati_Metro_Manila_Luzon.html
web/powerplant_mall/powerplant_mall_0076.jpg,powerplant_mall,train,page:https://mb.com.ph/2026/01/07/a-dynamic-property-market-is-seen-in-2026
web/powerplant_mall/powerplant_mall_0094.jpg,powerplant_mall,train,page:https://fity.club/lists/suggestions/Power-Plant-Rockwell-Makati-Philippines/
web/powerplant_mall/powerplant_mall_0101.jpg,powerplant_mall,train,page:https://fity.club/lists/suggestions/Power-Plant-Mall/
web/powerplant_mall/powerplant_mall_0103.jpg,powerplant_mall,train,page:https://ar.inspiredpencil.com/pictures-2023/power-plant-mall-manila
web/powerplant_mall/powerplant_mall_0104.jpg,powerplant_mall,val,page:https://primer.com.ph/blog/2020/09/20/rockwell-power-plant-mall/
web/powerplant_mall/powerplant_mall_0108.jpg,powerplant_mall,test,page:https://www.youtube.com/watch?v=WmHAYyruiTA
web/powerplant_mall/powerplant_mall_0132.jpg,powerplant_mall,train,page:https://www.tripadvisor.com/Attraction_Review-g298450-d1896763-Reviews-Power_Plant_Mall-Makati_Metro_Manila_Luzon.html
web/powerplant_mall/powerplant_mall_0133.jpg,powerplant_mall,train,page:https://ar.inspiredpencil.com/pictures-2023/powerplant-mall-map
web/powerplant_mall/powerplant_mall_0143.jpg,powerplant_mall,train,page:https://primer.com.ph/feature/rockwell-center-philippines-premier-lifestyle-neighborhood/
web/powerplant_mall/powerplant_mall_0144.jpg,powerplant_mall,train,page:https://ar.inspiredpencil.com/pictures-2023/powerplant-mall-starbucks
web/powerplant_mall/powerplant_mall_0146.jpg,powerplant_mall,test,page:https://www.linkedin.com/posts/rockwell-land-corporation_rockwells-upcoming-icon-power-plant-mall-activity-7190635928049053696-CYEV
web/powerplant_mall/powerplant_mall_0147.jpg,powerplant_mall,val,page:https://ar.inspiredpencil.com/pictures-2023/rockwell-center-mall
web/powerplant_mall/powerplant_mall_0153.jpg,powerplant_mall,train,page:https://www.youtube.com/watch?v=89lMSf551Bg
web/powerplant_mall/powerplant_mall_0155.jpg,powerplant_mall,train,page:https://www.pburgos.net/power-plant-mall-rockwell.html
web/powerplant_mall/powerplant_mall_0162.jpg,powerplant_mall,train,page:https://ar.inspiredpencil.com/pictures-2023/powerplant-mall-map
web/powerplant_mall/powerplant_mall_0163.jpg,powerplant_mall,train,page:https://ar.inspiredpencil.com/pictures-2023/power-plant-mall-manila
web/powerplant_mall/powerplant_mall_0164.jpg,powerplant_mall,train,page:https://ar.inspiredpencil.com/pictures-2023/powerplant-mall
web/powerplant_mall/powerplant_mall_0165.jpg,powerplant_mall,train,page:https://fity.club/lists/suggestions/Power-Plant-Mall/
web/powerplant_mall/powerplant_mall_0166.jpg,powerplant_mall,train,page:https://www.morefunwithjuan.com/2025/08/power-plant-mall-implements-new-parking.html
web/powerplant_mall/powerplant_mall_0167.jpg,powerplant_mall,val,page:https://manila-photos.blogspot.com/2010/02/ubiquitous.html
web/powerplant_mall/powerplant_mall_0168.jpg,powerplant_mall,test,page:https://www.youtube.com/watch?v=T4vkIM4_eRI
web/powerplant_mall/powerplant_mall_0169.jpg,powerplant_mall,train,page:https://www.youtube.com/watch?v=wpce6O-Dr00
web/powerplant_mall/powerplant_mall_0170.jpg,powerplant_mall,train,page:https://www.tripadvisor.com.ph/Attraction_Review-g298450-d1896763-Reviews-Power_Plant_Mall-Makati_Metro_Manila_Luzon.html
web/powerplant_mall/powerplant_mall_0215.jpg,powerplant_mall,train,page:https://rareph.com/rockwell-vs-bgc-living-in-rockwell-makati/
web/powerplant_mall/powerplant_mall_0231.jpg,powerplant_mall,train,page:https://primer.com.ph/feature/rockwell-center-philippines-premier-lifestyle-neighborhood/
web/powerplant_mall/powerplant_mall_0232.jpg,powerplant_mall,val,page:https://fity.club/lists/suggestions/Rockwell-Center-Makati-City-Philippines/
web/makati_city_hall/makati_city_hall_0000.jpg,makati_city_hall,val,page:https://newsinfo.inquirer.net/1730864/makati-city-unveils-online-health-clearance-application-system
web/makati_city_hall/makati_city_hall_0003.jpg,makati_city_hall,val,page:https://manilastandard.net/news/314534546/makati-allots-p23-75m-for-storm-hit-lgus.html
web/makati_city_hall/makati_city_hall_0004.jpg,makati_city_hall,train,page:https://www.rappler.com/philippines/metro-manila/makati-city-revenue-january-2025/
web/makati_city_hall/makati_city_hall_0006.jpg,makati_city_hall,train,page:https://www.alamy.com/stock-photo-the-makati-city-halls-quadrangle-complex-is-a-prominent-government-141859069.html
web/makati_city_hall/makati_city_hall_0010.jpg,makati_city_hall,train,page:https://mb.com.ph/2025/07/11/makati-lgu-streamlines-yellow-card-application-process-for-makatizens
web/makati_city_hall/makati_city_hall_0014.jpg,makati_city_hall,val,page:https://www.wwf.org.ph/?703001/Makati-City-is-the-National-Winner-of-WWFs-One-Planet-City-Challenge-2024
web/makati_city_hall/makati_city_hall_0015.jpg,makati_city_hall,val,page:https://manilastandard.net/lgu/314598917/makati-hits-p14-2-billion-in-locally-sourced-revenues.html
web/makati_city_hall/makati_city_hall_0016.jpg,makati_city_hall,train,page:https://www.flickr.com/photos/spagirl2006/4773485847
web/makati_city_hall/makati_city_hall_0017.jpg,makati_city_hall,test,page:https://www.alamy.com/stock-photo-09607-makati-city-halls-quadrangle-complex-jose-rizal-monument-07-141858959.html
web/makati_city_hall/makati_city_hall_0018.jpg,makati_city_hall,train,page:https://www.alamy.com/stock-photo-09607-makati-city-halls-quadrangle-complex-jose-rizal-monument-23-141858976.html
web/makati_city_hall/makati_city_hall_0019.jpg,makati_city_hall,test,page:https://fity.club/lists/suggestions/Makati-City-Hall/
web/makati_city_hall/makati_city_hall_0020.jpg,makati_city_hall,train,page:https://www.alamy.com/stock-photo-09697-makati-city-halls-quadrangle-complex-jose-rizal-monument-35-141859109.html
web/makati_city_hall/makati_city_hall_0021.jpg,makati_city_hall,train,page:https://www.alamy.com/stock-photo-09697-makati-city-halls-quadrangle-complex-jose-rizal-monument-21-141859084.html
web/makati_city_hall/makati_city_hall_0022.jpg,makati_city_hall,train,page:https://www.alamy.com/stock-photo-the-makati-city-hall-quadrangle-complex-located-in-makati-philippines-141858936.html
web/makati_city_hall/makati_city_hall_0023.jpg,makati_city_hall,train,page:https://philippinesthebeautywithin.blogspot.com/2011/03/images-of-city-halls-in-philippines.html
web/makati_city_hall/makati_city_hall_0025.jpg,makati_city_hall,train,page:https://www.alamy.com/stock-photo-09607-makati-city-halls-quadrangle-complex-jose-rizal-monument-19-141858972.html
web/makati_city_hall/makati_city_hall_0027.jpg,makati_city_hall,train,page:https://www.flickr.com/photos/johntewell/2758524003/
web/makati_city_hall/makati_city_hall_0028.jpg,makati_city_hall,train,page:https://newsinfo.inquirer.net/631046/mayor-binay-says-makati-city-hall-2-a-world-class-building
web/makati_city_hall/makati_city_hall_0029.jpg,makati_city_hall,train,page:https://www.alamy.com/stock-photo-09697-makati-city-halls-quadrangle-complex-jose-rizal-monument-29-141859101.html
web/makati_city_hall/makati_city_hall_0030.jpg,makati_city_hall,train,page:https://www.alamy.com/stock-photo-09652-makati-city-halls-quadrangle-complex-jose-rizal-monument-20-141859029.html
web/makati_city_hall/makati_city_hall_0031.jpg,makati_city_hall,train,page:https://zurielshots.blogspot.com/2018/10/makati-city-hall.html
web/makati_city_hall/makati_city_hall_0032.jpg,makati_city_hall,val,page:https://www.gmanetwork.com/news/topstories/nation/378010/makati-building-ii-contractor-also-worked-on-other-govt-buildings/story/
web/makati_city_hall/makati_city_hall_0033.jpg,makati_city_hall,train,page:https://zurielshots.blogspot.com/2018/10/makati-city-hall.html
web/makati_city_hall/makati_city_hall_0034.jpg,makati_city_hall,train,page:https://fity.club/lists/suggestions/Makati-City-Hall-2017/
web/makati_city_hall/makati_city_hall_0036.jpg,makati_city_hall,test,page:https://www.alamy.com/stock-photo-the-makati-city-hall-quadrangle-complex-is-a-central-civic-space-in-141859086.html
web/makati_city_hall/makati_city_hall_0037.jpg,makati_city_hall,test,page:https://www.alamy.com/stock-photo-this-image-shows-the-makati-city-halls-quadrangle-complex-in-the-philippines-141858941.html
web/makati_city_hall/makati_city_hall_0040.jpg,makati_city_hall,test,page:https://fity.club/lists/suggestions/Makati-City-Hall/
web/makati_city_hall/makati_city_hall_0041.jpg,makati_city_hall,train,page:https://www.alamy.com/stock-photo-09697-makati-city-halls-quadrangle-complex-jose-rizal-monument-27-141859100.html
web/makati_city_hall/makati_city_hall_0044.jpg,makati_city_hall,val,page:https://www.rappler.com/video/66741-live-senate-hearing-overpricing-makati-city-hall-parking-building/
web/makati_city_hall/makati_city_hall_0045.jpg,makati_city_hall,test,page:https://www.theurbanroamer.com/makati-city-hall-complex/
web/makati_city_hall/makati_city_hall_0046.jpg,makati_city_hall,train,page:https://suertrestips.blogspot.com/2014/11/article-as-it-happens-senate-hearing-on.html
web/makati_city_hall/makati_city_hall_0047.jpg,makati_city_hall,train,page:https://philippinesthebeautywithin.blogspot.com/2011/03/images-of-city-halls-in-philippines.html
web/makati_city_hall/makati_city_hall_0049.jpg,makati_city_hall,train,page:https://pageone.ph/10k-makati-city-hall-workers-get-free-face-masks-shields/
web/makati_city_hall/makati_city_hall_0050.jpg,makati_city_hall,train,page:https://www.morefunwithjuan.com/2023/10/metro-manila-city-hall.html?m=0
web/makati_city_hall/makati_city_hall_0051.jpg,makati_city_hall,test,page:https://fity.club/lists/suggestions/Makati-City-Hall/
web/makati_city_hall/makati_city_hall_0064.jpg,makati_city_hall,train,page:https://foursquare.com/v/makati-city-hall/4ba988eaf964a5201c2d3ae3
web/makati_city_hall/makati_city_hall_0065.jpg,makati_city_hall,test,page:https://icalia08.blogspot.com/2010/08/whole-view-of-makati-city-hall.html
web/makati_city_hall/makati_city_hall_0066.jpg,makati_city_hall,train,page:https://www.yelp.com/biz/makati-city-hall-makati
web/makati_city_hall/makati_city_hall_0067.jpg,makati_city_hall,train,page:https://fity.club/lists/suggestions/Makati-City-Hall-Address/
web/makati_city_hall/makati_city_hall_0068.jpg,makati_city_hall,train,page:https://www.alamy.com/stock-photo-the-makati-city-halls-quadrangle-complex-is-a-significant-urban-area-141859062.html
web/makati_city_hall/makati_city_hall_0069.jpg,makati_city_hall,train,page:https://hamsternice.blogspot.com/2015/08/philippines-most-beautiful-city-halls.html
web/makati_city_hall/makati_city_hall_0070.jpg,makati_city_hall,train,page:https://www.alamy.com/stock-photo-the-makati-city-hall-quadrangle-complex-is-a-key-landmark-in-makati-141848860.html
web/makati_city_hall/makati_city_hall_0071.jpg,makati_city_hall,train,page:https://fity.club/lists/suggestions/makati-city-hall-logo/
web/makati_city_hall/makati_city_hall_0072.jpg,makati_city_hall,val,page:https://www.alamy.com/stock-photo-09697-makati-city-halls-quadrangle-complex-jose-rizal-monument-12-141859073.html
web/makati_city_hall/makati_city_hall_0073.jpg,makati_city_hall,val,page:https://www.pinterest.com/pin/makati-city-hall-skyscraper-with-clock-face--771945192361798481/
web/makati_city_hall/makati_city_hall_0074.jpg,makati_city_hall,test,page:https://fity.club/lists/suggestions/Makati-City-Hall/
web/makati_city_hall/makati_city_hall_0075.jpg,makati_city_hall,val,page:https://www.alamy.com/stock-photo-the-makati-city-hall-quadrangle-complex-houses-the-jose-rizal-monument-141859048.html
web/makati_city_hall/makati_city_hall_0076.jpg,makati_city_hall,val,page:https://www.alamy.com/stock-photo-the-makati-city-halls-quadrangle-complex-features-a-prominent-jose-141858979.html
web/makati_city_hall/makati_city_hall_0077.jpg,makati_city_hall,train,page:https://www.archify.com/ph/project/makati-city-hall
web/makati_city_hall/makati_city_hall_0079.jpg,makati_city_hall,train,page:https://www.alamy.com/stock-photo-a-depiction-of-the-makati-city-halls-quadrangle-complex-and-the-jose-141858973.html
web/makati_city_hall/makati_city_hall_0080.jpg,makati_city_hall,val,page:https://www.flickr.com/photos/40893334@N05/3768920732
web/makati_city_hall/makati_city_hall_0081.jpg,makati_city_hall,test,page:https://www.theurbanroamer.com/makati-city-hall-complex/
web/makati_city_hall/makati_city_hall_0082.jpg,makati_city_hall,val,page:https://www.abs-cbn.com/news/nation/2025/6/29/makati-city-hall-employees-get-permanent-status-promotion-2357
web/makati_city_hall/makati_city_hall_0087.jpg,makati_city_hall,train,page:https://www.radyolaverdad.com/pasahod-ng-mga-empleyado-ng-makati-city-hall-inaasikaso-na-ni-acting-mayor-romulo-pena/
web/makati_city_hall/makati_city_hall_0094.jpg,makati_city_hall,train,page:https://www.flickr.com/photos/oktober/3015397782/
web/makati_city_hall/makati_city_hall_0095.jpg,makati_city_hall,train,page:https://www.alamy.com/stock-photo-this-image-shows-the-makati-city-hall-and-its-surrounding-quadrangle-141859047.html
web/makati_city_hall/makati_city_hall_0096.jpg,makati_city_hall,test,page:https://fity.club/lists/suggestions/Makati-City-Hall/
web/makati_city_hall/makati_city_hall_0097.jpg,makati_city_hall,train,page:https://abogado.com.ph/makati-parking-building-contractor-architect-insist-on-inspection-of-fact-finding-probe-documents/
web/makati_city_hall/makati_city_hall_0119.jpg,makati_city_hall,test,page:https://fity.club/lists/suggestions/Makati-City-Hall/
web/makati_city_hall/makati_city_hall_0120.jpg,makati_city_hall,train,page:https://www.gettyimages.ie/photos/makati-city-hall
web/makati_city_hall/makati_city_hall_0121.jpg,makati_city_hall,val,page:https://www.alamy.com/stock-photo-the-makati-city-hall-quadrangle-complex-is-a-notable-public-space-141858929.html
web/makati_city_hall/makati_city_hall_0122.jpg,makati_city_hall,train,page:https://www.rappler.com/philippines/metro-manila/l15442329-ncr-makati-city/
web/makati_city_hall/makati_city_hall_0138.jpg,makati_city_hall,train,page:https://primer.com.ph/blog/2019/09/11/makati-ranks-4th-safest-city-in-southeast-asia/
web/makati_city_hall/makati_city_hall_0140.jpg,makati_city_hall,train,page:https://www.eaglenews.ph/makati-city-hall-back-to-normal/
web/makati_city_hall/makati_city_hall_0141.jpg,makati_city_hall,train,page:https://www.youtube.com/watch?v=AvcrzvuKV8w
web/makati_city_hall/makati_city_hall_0146.jpg,makati_city_hall,train,page:https://radyo.inquirer.net/161632/kuleksyon-sa-buwis-ng-makati-city-mas-mataas-ng-p815m
web/makati_city_hall/makati_city_hall_0205.jpg,makati_city_hall,val,page:https://1stcall.blog.jp/archives/1615227.html
web/makati_city_hall/makati_city_hall_0224.jpg,makati_city_hall,train,page:https://www.alamy.com/stock-photo-09697-makati-city-halls-quadrangle-complex-jose-rizal-monument-05-141859066.html
web/makati_city_hall/makati_city_hall_0225.jpg,makati_city_hall,test,page:https://www.rappler.com/philippines/metro-manila/confidential-funds-expenses-metro-manila-cities-coa-reports-2023/
web/makati_city_hall/makati_city_hall_0226.jpg,makati_city_hall,val,page:https://www.gettyimages.com/videos/makati-city
web/makati_city_hall/makati_city_hall_0227.jpg,makati_city_hall,test,page:https://www.alamy.com/stock-photo-this-image-depicts-the-makati-city-halls-quadrangle-complex-featuring-141859010.html
web/makati_city_hall/makati_city_hall_0228.jpg,makati_city_hall,train,page:https://www.alamy.com/stock-photo-the-image-shows-the-jose-rizal-monument-in-the-makati-city-halls-quadrangle-141858975.html
web/makati_city_hall/makati_city_hall_0229.jpg,makati_city_hall,val,page:https://metromanila.politiko.com.ph/2024/09/14/makati-council-approves-ordinance-for-pay-increase-for-city-govt-employees/headlines/
web/makati_city_hall/makati_city_hall_0238.jpg,makati_city_hall,train,page:https://www.alamy.com/stock-photo-the-makati-city-hall-quadrangle-complex-is-a-key-administrative-area-141859059.html
web/makati_city_hall/makati_city_hall_0240.jpg,makati_city_hall,train,page:https://www.alamy.com/stock-photo-the-makati-city-hall-quadrangle-complex-features-a-prominent-jose-141858938.html
web/ayala_museum/ayala_museum_0000.jpg,ayala_museum,train,page:https://www.tatlerasia.com/lifestyle/travel/the-ultimate-guide-to-metro-manila
web/ayala_museum/ayala_museum_0001.jpg,ayala_museum,train,page:https://www.phtourguide.com/ayala-museum-in-makati/
web/ayala_museum/ayala_museum_0002.jpg,ayala_museum,test,page:https://www.tripadvisor.com.ph/Attraction_Review-g298450-d809723-Reviews-Ayala_Museum-Makati_Metro_Manila_Luzon.html
web/ayala_museum/ayala_museum_0003.jpg,ayala_museum,train,page:https://www.tripadvisor.in/Attraction_Review-g298450-d809723-Reviews-Ayala_Museum-Makati_Metro_Manila_Luzon.html
web/ayala_museum/ayala_museum_0004.jpg,ayala_museum,val,page:https://www.kgmresorts.com/post/ayala-museum
web/ayala_museum/ayala_museum_0005.jpg,ayala_museum,val,page:https://thebeat.asia/manila/vibe/happenings/ayala-museum-learning-from-the-filipino-past-to-inform-our-future
web/ayala_museum/ayala_museum_0006.jpg,ayala_museum,train,page:https://www.alamy.com/stock-photo-ayala-museum-ayala-centre-makati-manila-philippines-114671167.html
web/ayala_museum/ayala_museum_0007.jpg,ayala_museum,val,page:https://www.klook.com/activity/3265-makati-museum-tour-manila/
web/ayala_museum/ayala_museum_0008.jpg,ayala_museum,train,page:https://fity.club/lists/suggestions/Ayala-Museum-Manila/
web/ayala_museum/ayala_museum_0009.jpg,ayala_museum,train,page:https://www.hotels.com/go/philippines/ayala-museum-manila
web/ayala_museum/ayala_museum_0010.jpg,ayala_museum,test,page:https://www.tripadvisor.com.ph/Attraction_Review-g298450-d809723-Reviews-Ayala_Museum-Makati_Metro_Manila_Luzon.html
web/ayala_museum/ayala_museum_0011.jpg,ayala_museum,train,page:https://www.budgetbiyahera.com/2017/03/art-history-fix-at-ayala-museum-makati.html?m=0
web/ayala_museum/ayala_museum_0012.jpg,ayala_museum,test,page:https://trek.zone/en/philippines/places/69776/ayala-museum-makati
web/ayala_museum/ayala_museum_0013.jpg,ayala_museum,val,page:https://www.makemytrip.com/tripideas/museums-manila
web/ayala_museum/ayala_museum_0014.jpg,ayala_museum,test,page:https://www.alamy.com/stock-photo-ayala-museum-makati-metro-manila-philippines-114691461.html
web/ayala_museum/ayala_museum_0015.jpg,ayala_museum,train,page:https://www.dreamstime.com/ayala-museum-manila-philippines-december-people-visit-makati-city-metro-one-biggest-urban-areas-world-million-image260976267
web/ayala_museum/ayala_museum_0016.jpg,ayala_museum,train,page:https://www.theurbanroamer.com/ayala-museum/
web/ayala_museum/ayala_museum_0017.jpg,ayala_museum,train,page:https://www.yelp.com/biz/ayala-museum-makati-2
web/ayala_museum/ayala_museum_0018.jpg,ayala_museum,train,page:https://interaksyon.philstar.com/trends-spotlights/2018/10/03/135046/ayala-museum-international-award-oscars/
web/ayala_museum/ayala_museum_0019.jpg,ayala_museum,train,page:https://www.alamy.com/ayala-museum-in-makati-city-philippines-image643799017.html
web/ayala_museum/ayala_museum_0020.jpg,ayala_museum,test,page:https://www.hoteles.com/go/philippines/ayala-museum-manila
web/ayala_museum/ayala_museum_0021.jpg,ayala_museum,train,page:https://www.alamy.com/ayala-museum-in-makati-city-philippines-image643799026.html
web/ayala_museum/ayala_museum_0022.jpg,ayala_museum,train,page:https://www.dreamstime.com/editorial-stock-photo-ayala-museum-makati-metro-manila-philippines-located-center-adjacent-to-greenbelt-mall-image81838023
web/ayala_museum/ayala_museum_0023.jpg,ayala_museum,train,page:https://wanderingcaloy.blogspot.com/2011/10/makati-city-diversities-at-artist-space.html
web/ayala_museum/ayala_museum_0028.jpg,ayala_museum,train,page:https://www.mariaronabeltran.com/2014/07/the-ayala-museum-in-greenbelt-ayala.html
web/ayala_museum/ayala_museum_0029.jpg,ayala_museum,train,page:https://www.youtube.com/watch?v=h35o2z7kEoI
web/ayala_museum/ayala_museum_0030.jpg,ayala_museum,test,page:https://www.tripadvisor.com.ph/Attraction_Review-g298450-d809723-Reviews-Ayala_Museum-Makati_Metro_Manila_Luzon.html
web/ayala_museum/ayala_museum_0031.jpg,ayala_museum,train,page:https://www.gettyimages.dk/photos/history-of-makati
web/ayala_museum/ayala_museum_0032.jpg,ayala_museum,train,page:https://www.realjourneytravels.com/places/ayala-museum/
web/ayala_museum/ayala_museum_0033.jpg,ayala_museum,train,page:https://www.lonelyplanet.com/destinations/philippines/manila
web/ayala_museum/ayala_museum_0039.jpg,ayala_museum,train,page:https://www.trip.com/moments/detail/makati-57556-17418237/
web/ayala_museum/ayala_museum_0068.jpg,ayala_museum,train,page:https://www.gmanetwork.com/news/lifestyle/artandculture/943819/this-museum-in-makati-offers-free-admission-on-april-27/story/
web/ayala_museum/ayala_museum_0069.jpg,ayala_museum,train,page:https://fity.club/lists/suggestions/Ayala-Museum-Entrance-Fee/
web/ayala_museum/ayala_museum_0070.jpg,ayala_museum,test,page:https://traveltriangle.com/blog/makati-museums/
web/ayala_museum/ayala_museum_0071.jpg,ayala_museum,train,page:https://www.freedomwall.net/travel/ayala-museum/
web/ayala_museum/ayala_museum_0072.jpg,ayala_museum,train,page:https://www.philippinebeaches.org/top-things-to-do-in-makati-tourist-spots/
web/ayala_museum/ayala_museum_0073.jpg,ayala_museum,train,page:https://www.youtube.com/watch?v=duFxzCdYMzA
web/ayala_museum/ayala_museum_0075.jpg,ayala_museum,test,page:https://www.dreamstime.com/manila-philippines-december-people-visit-ayala-museum-makati-city-metro-manila-philippines-metro-manila-one-biggest-image111645395
web/ayala_museum/ayala_museum_0076.jpg,ayala_museum,train,page:https://www.youtube.com/watch?v=hExQT8YnFss
web/ayala_museum/ayala_museum_0081.jpg,ayala_museum,train,page:https://www.pinterest.com/pin/thats-me-outside-the-ayala-museum-in-makati-manila-philippines-taken-in-januaryfebruary-2015-miguel-hewitt--302163456224567591/
web/ayala_museum/ayala_museum_0082.jpg,ayala_museum,val,page:https://outoftownblog.com/ayala-museum-in-makati-city/
web/ayala_museum/ayala_museum_0083.jpg,ayala_museum,train,page:https://www.dreamstime.com/sign-ayala-museum-makati-city-manila-philippines-oct-metro-treasure-trove-exquisite-artifacts-different-eras-image294267040
web/ayala_museum/ayala_museum_0084.jpg,ayala_museum,train,page:https://wikitravel.org/en/Makati
web/ayala_museum/ayala_museum_0085.jpg,ayala_museum,train,page:https://sec.solaireresort.com/exclusive-MY
web/ayala_museum/ayala_museum_0095.jpg,ayala_museum,val,page:https://www.dreamstime.com/famous-ayala-museum-makati-city-manla-ayala-museum-makati-image107930900
web/ayala_museum/ayala_museum_0096.jpg,ayala_museum,train,page:https://juantripatatime.blogspot.com/2018/08/the-diorama-experience-at-ayala-museum.html
web/ayala_museum/ayala_museum_0097.jpg,ayala_museum,train,page:https://www.tourtravelworld.com/philippines/makati/ayala-museum.htm
web/ayala_museum/ayala_museum_0099.jpg,ayala_museum,val,page:http://gardkarlsen.com/Philippines_trip_report.htm
web/ayala_museum/ayala_museum_0101.jpg,ayala_museum,train,page:https://www.filipinoart.ph/newsroom/directory/details/ayala-museum/
web/ayala_museum/ayala_museum_0106.jpg,ayala_museum,val,page:https://www.dreamstime.com/famous-ayala-museum-makati-city-manla-ayala-museum-makati-image107930900
web/ayala_museum/ayala_museum_0112.jpg,ayala_museum,train,page:https://www.tripadvisor.co.uk/Attraction_Review-g298450-d809723-Reviews-Ayala_Museum-Makati_Metro_Manila_Luzon.html
web/ayala_museum/ayala_museum_0121.jpg,ayala_museum,train,page:https://readabouttravel.blogspot.com/2018/05/makati-greenbelt-ayala-museum-market.html
web/ayala_museum/ayala_museum_0122.jpg,ayala_museum,train,page:https://www.dreamstime.com/editorial-stock-photo-ayala-museum-makati-metro-manila-philippines-located-center-adjacent-to-greenbelt-mall-image81838023
web/ayala_museum/ayala_museum_0123.jpg,ayala_museum,train,page:https://www.tripzilla.ph/must-visit-museum-philippines-2025/21947
web/ayala_museum/ayala_museum_0127.jpg,ayala_museum,val,page:https://thebeat.asia/manila/vibe/artists/ayala-museum-learning-from-the-filipino-past-to-inform-our-future
web/ayala_museum/ayala_museum_0130.jpg,ayala_museum,train,page:https://www.alamy.com/dec-8-2021-exterior-view-of-the-ayala-museum-at-makati-city-metro-manila-philippines-image454057584.html
web/ayala_museum/ayala_museum_0137.jpg,ayala_museum,train,page:https://www.shiningmom.com/meaningful-time-with-my-kid-at-greenbelt-park-and-in-ayala-museum/
web/ayala_museum/ayala_museum_0139.jpg,ayala_museum,train,page:https://paris1972-versailles2003.com/2024/07/24/curiosities-of-manila/
web/ayala_museum/ayala_museum_0146.jpg,ayala_museum,test,page:https://eaminanaarchitects.com/project/ayala-museum-renovation/
web/ayala_museum/ayala_museum_0152.jpg,ayala_museum,train,page:https://www.dreamstime.com/greenbelt-ayala-mall-which-located-makati-manila-manila-philippines-oct-greenbelt-ayala-mall-which-located-makati-manila-image295767860
web/ayala_museum/ayala_museum_0163.jpg,ayala_museum,train,page:https://www.tourismphilippines.com.au/todo/historyculture
web/ayala_museum/ayala_museum_0164.jpg,ayala_museum,val,page:https://www.architectsworldblog.com/post/exploring-architectural-innovations-in-the-philippines-during-the-5th-republic
web/ayala_museum/ayala_museum_0168.jpg,ayala_museum,train,page:https://www.gmanetwork.com/news/lifestyle/hobbiesandactivities/861048/ticket-holders-to-art-fair-philippines-get-discounts-in-ayala-museum-filipinas-heritage-li/story/
web/ayala_museum/ayala_museum_0055.jpg,greenbelt,train,page:https://www.vrbo.com/vacation-rentals/asia/philippines/manila/makati
web/ayala_museum/ayala_museum_0136.jpg,greenbelt,train,page:https://www.youtube.com/watch?v=AS9VUYsW0iA
web/ayala_museum/ayala_museum_0138.jpg,greenbelt,train,page:https://www.mariaronabeltran.com/2014/07/the-ayala-museum-in-greenbelt-ayala.html
web/ayala_museum/ayala_museum_0140.jpg,greenbelt,train,page:https://www.shutterstock.com/search/greenbelt-(ayala-center)
web/ayala_museum/ayala_museum_0143.jpg,greenbelt,train,page:https://fity.club/lists/g/greenbelt-ayala-center/
web/ayala_museum/ayala_museum_0144.jpg,greenbelt,train,page:https://readabouttravel.blogspot.com/2018/05/makati-greenbelt-ayala-museum-market.html
web/ayala_museum/ayala_museum_0147.jpg,greenbelt,train,page:https://www.pinterest.com/pin/greenbelt-ayala-makati-city--230176230934085992/
web/ayala_museum/ayala_museum_0157.jpg,greenbelt,train,page:https://storyofneverland.blogspot.com/2020/02/greenbelt-ayala-mall-manila.html
web/ayala_museum/ayala_museum_0159.jpg,greenbelt,train,page:https://storyofneverland.blogspot.com/2020/02/greenbelt-ayala-mall-manila.html
web/ayala_museum/ayala_museum_0161.jpg,greenbelt,test,page:https://islandtimes.com/the-greenbelt-ayala-mall-makati-philippines/
web/ayala_museum/ayala_museum_0167.jpg,greenbelt,train,page:https://seeanyplaces.com/museum/ayala-museum-manila-philippines/
web/one_ayala/one_ayala_0000.jpg,one_ayala,train,page:https://business.inquirer.net/483056/makati-redefining-urban-living-beyond-business
web/one_ayala/one_ayala_0001.jpg,one_ayala,val,page:https://www.visionarch-architects.com/one-ayala
web/one_ayala/one_ayala_0002.jpg,one_ayala,train,page:https://groundbreakers.ayalaland.com.ph/articles/the-ultimate-mixed-use-development-in-makati-cbd-enhancing-connectivity-with-ease-and-convenience.html
web/one_ayala/one_ayala_0003.jpg,one_ayala,train,page:https://ayalaland.com/offices/one-ayala
web/one_ayala/one_ayala_0004.jpg,one_ayala,train,page:https://www.archify.com/ph/project/one-ayala
web/one_ayala/one_ayala_0005.jpg,one_ayala,train,page:https://www.lionunion.com/property/tower-one-exchange-plaza/
web/one_ayala/one_ayala_0006.jpg,one_ayala,val,page:https://elementsteel.com/projects/one-ayala
web/one_ayala/one_ayala_0007.jpg,one_ayala,train,page:https://www.philippinebeaches.org/one-ayala-transport-terminal-guide/
web/one_ayala/one_ayala_0013.jpg,one_ayala,test,page:https://bilyonaryo.com/2023/10/15/more-reasons-to-visit-makati-one-ayala-waives-parking-fees-for-october-weekends/property/
web/one_ayala/one_ayala_0015.jpg,one_ayala,test,page:https://www.youtube.com/watch?v=KAHe0Jyxg7A
web/one_ayala/one_ayala_0017.jpg,one_ayala,val,page:https://www.visionarch-architects.com/one-ayala
web/one_ayala/one_ayala_0018.jpg,one_ayala,train,page:https://groundbreakers.ayalaland.com.ph/articles/the-ultimate-mixed-use-development-in-makati-cbd-enhancing-connectivity-with-ease-and-convenience.html
web/one_ayala/one_ayala_0023.jpg,one_ayala,val,page:https://www.youtube.com/watch?v=MuZ67aw2RFY
web/one_ayala/one_ayala_0025.jpg,one_ayala,train,page:https://islandtimes.com/one-ayala-terminal-new-transportation-option-in-makati-city/
web/one_ayala/one_ayala_0027.jpg,one_ayala,test,page:https://primer.com.ph/feature/ayala-triangle-and-one-ayala/
web/one_ayala/one_ayala_0046.jpg,one_ayala,train,page:https://sticky.whitecloak.io/trade-hall
web/one_ayala/one_ayala_0050.jpg,one_ayala,val,page:https://www.tripadvisor.co.uk/HotelsNear-g298450-d27126966-Tong_Yang_One_Ayala-Makati_Metro_Manila_Luzon.html
web/one_ayala/one_ayala_0052.jpg,one_ayala,test,page:https://insiderph.com/hilton-ayala-land-to-open-lifestyle-hotel-canopy-in-makati-by-2026
web/one_ayala/one_ayala_0060.jpg,one_ayala,train,page:https://www.visionarch.ph/one-ayala
web/one_ayala/one_ayala_0062.jpg,one_ayala,train,page:https://ayalaland.com/offices/one-ayala
web/one_ayala/one_ayala_0079.jpg,one_ayala,train,page:https://latteluxurynews.com/2026/06/10/mandarin-oriental-makati-manila-slated-to-open-in-late-2026/
web/one_ayala/one_ayala_0083.jpg,one_ayala,test,page:https://weavergroup.ph/building/one-ayala-avenue-south-tower/
web/one_ayala/one_ayala_0103.jpg,one_ayala,train,page:https://business.inquirer.net/610620/makati-the-city-that-is-learning-to-walk-again
web/one_ayala/one_ayala_0104.jpg,one_ayala,test,page:https://www.areit.com.ph/about-us/
web/one_ayala/one_ayala_0113.jpg,one_ayala,val,page:https://bustickets.ph/one-ayala-terminal/
web/one_ayala/one_ayala_0148.jpg,one_ayala,train,page:https://www.youtube.com/watch?v=nMEE9FFL4zo
web/one_ayala/one_ayala_0164.jpg,one_ayala,train,page:https://www.thesummitexpress.com/2024/06/the-concourse-one-ayala-makati.html
web/one_ayala/one_ayala_0168.jpg,one_ayala,train,page:https://wikimapia.org/310862/One-Ayala
web/one_ayala/one_ayala_0169.jpg,one_ayala,train,page:https://business.inquirer.net/435208/one-ayala-ayala-lands-revolutionary-hub-redefining-connectivity-and-convenience
web/one_ayala/one_ayala_0186.jpg,one_ayala,test,page:https://visor.ph/traffic/puv-terminal-in-ayala-center-to-relocate-from-park-square-to-one-ayala/
web/one_ayala/one_ayala_0187.jpg,one_ayala,val,page:https://www.youtube.com/watch?v=xita7FjuyZU
web/one_ayala/one_ayala_0190.jpg,one_ayala,train,page:https://www.lamudi.com.ph/journal/one-ayala-terminal/
web/one_ayala/one_ayala_0193.jpg,one_ayala,train,page:https://www.technobaboy.com/2022/11/23/one-ayala-bus-terminal/
web/one_ayala/one_ayala_0194.jpg,one_ayala,train,page:https://www.philippinebeaches.org/one-ayala-transport-terminal-guide/
web/one_ayala/one_ayala_0200.jpg,one_ayala,train,page:https://blog.sakay.ph/one-ayala-terminal-guide-routes-schedule-fare-and-features/
web/one_ayala/one_ayala_0212.jpg,one_ayala,train,page:https://www.youtube.com/watch?v=XFQ1mhLVGyU
web/one_ayala/one_ayala_0213.jpg,one_ayala,train,page:https://islandtimes.com/one-ayala-terminal-new-transportation-option-in-makati-city/
web/one_ayala/one_ayala_0215.jpg,one_ayala,train,page:https://www.youtube.com/watch?v=51VWpZNKWe0
web/one_ayala/one_ayala_0218.jpg,one_ayala,train,page:https://www.youtube.com/watch?v=H2cX2pbZK0U
web/one_ayala/one_ayala_0220.jpg,one_ayala,train,page:https://blog.sakay.ph/one-ayala-terminal-guide-routes-schedule-fare-and-features/
web/one_ayala/one_ayala_0222.jpg,one_ayala,train,page:https://www.visionarch.ph/one-ayala
web/one_ayala/one_ayala_0223.jpg,one_ayala,train,page:https://www.youtube.com/watch?v=NkJ8N1CoQIU
web/one_ayala/one_ayala_0226.jpg,one_ayala,train,page:https://interaksyon.philstar.com/trends-spotlights/2022/11/17/234959/psa-southbound-edsa-carousel-buses-to-be-relocated-to-one-ayala/
web/one_ayala/one_ayala_0233.jpg,one_ayala,train,page:https://www.reddit.com/r/CasualPH/comments/yyft1i/look_edsa_carousel_ayala_station_one_ayala/
web/one_ayala/one_ayala_0251.jpg,one_ayala,train,page:https://kmcmaggroup.com/building/one-ayala-avenue-west-tower/
web/one_ayala/one_ayala_0252.jpg,one_ayala,test,page:https://www.concrete.org/newsandevents/news/newsdetail.aspx?f=51738376
web/one_ayala/one_ayala_0253.jpg,one_ayala,train,page:https://savillsph.com/building/one-ayala-avenue-south-tower/
web/salcedo_weekend_market/salcedo_weekend_market_0000.jpg,salcedo_weekend_market,train,page:https://primer.com.ph/travel/salcedo-saturday-market/
web/salcedo_weekend_market/salcedo_weekend_market_0002.jpg,salcedo_weekend_market,train,page:https://primer.com.ph/blog/2018/02/26/must-try-food-stalls-in-salcedo-saturday-market/
web/salcedo_weekend_market/salcedo_weekend_market_0003.jpg,salcedo_weekend_market,test,page:https://bestinmanila.com/neighborhoods/salcedo-village-makati
web/salcedo_weekend_market/salcedo_weekend_market_0004.jpg,salcedo_weekend_market,test,page:https://www.tripadvisor.co.uk/Attraction_Review-g298450-d1869046-Reviews-Salcedo_Saturday_Market-Makati_Metro_Manila_Luzon.html
web/salcedo_weekend_market/salcedo_weekend_market_0006.jpg,salcedo_weekend_market,test,page:https://islandtimes.com/weekend-markets-in-makati-salcedo-saturday-market-legaspi-sunday-market/
web/salcedo_weekend_market/salcedo_weekend_market_0007.jpg,salcedo_weekend_market,train,page:https://www.pinterest.com/pin/salcedo-saturday-market-weekend-market-in-2025--153755774774977843/
web/salcedo_weekend_market/salcedo_weekend_market_0009.jpg,salcedo_weekend_market,train,page:https://flashpacking4life.de/salcedo-market-manila/
web/salcedo_weekend_market/salcedo_weekend_market_0011.jpg,salcedo_weekend_market,test,page:https://ph.pinterest.com/pin/salcedo-saturday-market-in-2025--365143482310676580/
web/salcedo_weekend_market/salcedo_weekend_market_0012.jpg,salcedo_weekend_market,train,page:https://www.pinterest.com/pin/537546905507183325/
web/salcedo_weekend_market/salcedo_weekend_market_0013.jpg,salcedo_weekend_market,train,page:https://www.traveloka.com/en-ph/explore/destination/uncover-the-best-of-makati-a-guide-to-planning-the-perfect-staycation-in-the-philippines-acc/244679
web/salcedo_weekend_market/salcedo_weekend_market_0014.jpg,salcedo_weekend_market,train,page:https://lubd.com/destination/manila-makati/contact/
web/salcedo_weekend_market/salcedo_weekend_market_0016.jpg,salcedo_weekend_market,test,page:https://islandtimes.com/weekend-markets-in-makati-salcedo-saturday-market-legaspi-sunday-market/
web/salcedo_weekend_market/salcedo_weekend_market_0017.jpg,salcedo_weekend_market,test,page:https://www.tripadvisor.at/Attraction_Review-g298450-d1869046-Reviews-Salcedo_Saturday_Market-Makati_Metro_Manila_Luzon.html
web/salcedo_weekend_market/salcedo_weekend_market_0024.jpg,salcedo_weekend_market,test,page:https://islandtimes.com/weekend-markets-in-makati-salcedo-saturday-market-legaspi-sunday-market/
web/salcedo_weekend_market/salcedo_weekend_market_0025.jpg,salcedo_weekend_market,train,page:https://www.youtube.com/watch?v=wOwofqisSkw
web/salcedo_weekend_market/salcedo_weekend_market_0026.jpg,salcedo_weekend_market,test,page:https://islandtimes.com/weekend-markets-in-makati-salcedo-saturday-market-legaspi-sunday-market/
web/salcedo_weekend_market/salcedo_weekend_market_0031.jpg,salcedo_weekend_market,train,page:https://www.youtube.com/watch?v=jFPCatZ_BQM
web/salcedo_weekend_market/salcedo_weekend_market_0036.jpg,salcedo_weekend_market,train,page:https://en.tripadvisor.com.hk/Attraction_Review-g298450-d1869046-Reviews-or10-Salcedo_Saturday_Market-Makati_Metro_Manila_Luzon.html
web/salcedo_weekend_market/salcedo_weekend_market_0037.jpg,salcedo_weekend_market,train,page:https://www.youtube.com/watch?v=MT_Ex7WV1rI
web/salcedo_weekend_market/salcedo_weekend_market_0047.jpg,salcedo_weekend_market,train,page:https://flashpacking4life.de/salcedo-market-manila/salcedo-saturday-market-manila/
web/salcedo_weekend_market/salcedo_weekend_market_0048.jpg,salcedo_weekend_market,train,page:https://www.tripadvisor.com/Attraction_Review-g298450-d1869046-Reviews-Salcedo_Saturday_Market-Makati_Metro_Manila_Luzon.html
web/salcedo_weekend_market/salcedo_weekend_market_0057.jpg,salcedo_weekend_market,train,page:https://www.gmanetwork.com/entertainment/photos/janella-salvador-and-klea-pineda-delight-fans-with-fun-weekend-market-trip-with-jude/27804/
web/salcedo_weekend_market/salcedo_weekend_market_0058.jpg,salcedo_weekend_market,train,page:https://mega-asia.com/lifestyle/parks-to-visit-in-metro-manila/
web/salcedo_weekend_market/salcedo_weekend_market_0066.jpg,salcedo_weekend_market,train,page:https://www.solaireresort.com/gateway-to-the-philippines-my/
web/salcedo_weekend_market/salcedo_weekend_market_0067.jpg,salcedo_weekend_market,train,page:https://puredetour.com/post/salcedo-weekend-market-makati/
web/salcedo_weekend_market/salcedo_weekend_market_0068.jpg,salcedo_weekend_market,train,page:https://www.philippinebeaches.org/top-things-to-do-in-makati-tourist-spots/
web/salcedo_weekend_market/salcedo_weekend_market_0069.jpg,salcedo_weekend_market,train,page:https://erisgoesto.com/2018/06/27/travelogue-saturdays-at-salcedo-market-makati/
web/salcedo_weekend_market/salcedo_weekend_market_0070.jpg,salcedo_weekend_market,val,page:https://ph.pinterest.com/pin/salcedo-market-makati-in-2025--586312445275475512/
web/salcedo_weekend_market/salcedo_weekend_market_0071.jpg,salcedo_weekend_market,train,page:https://ph.pinterest.com/pin/salcedo-weekend-market-in-2025--1008947122777873121/
web/salcedo_weekend_market/salcedo_weekend_market_0081.jpg,salcedo_weekend_market,train,page:https://primer.com.ph/travel/salcedo-community-market/
web/salcedo_weekend_market/salcedo_weekend_market_0082.jpg,salcedo_weekend_market,train,page:https://helloimfrecelynne.com/category/food/list/
web/salcedo_weekend_market/salcedo_weekend_market_0083.jpg,salcedo_weekend_market,train,page:https://www.youtube.com/watch?v=tO-ZtXXTW3U
web/salcedo_weekend_market/salcedo_weekend_market_0084.jpg,salcedo_weekend_market,train,page:https://www.youtube.com/watch?v=494lV2PGrfg
web/salcedo_weekend_market/salcedo_weekend_market_0086.jpg,salcedo_weekend_market,train,page:https://www.youtube.com/watch?v=KFsjcVC8qJo
web/salcedo_weekend_market/salcedo_weekend_market_0090.jpg,salcedo_weekend_market,val,page:https://flashpacking4life.de/en/salcedo-market-manila-guide-2/
web/salcedo_weekend_market/salcedo_weekend_market_0093.jpg,salcedo_weekend_market,train,page:https://travelislife.org/living-and-working-remotely-in-makati-manila-philippines/
web/salcedo_weekend_market/salcedo_weekend_market_0094.jpg,salcedo_weekend_market,train,page:https://www.easybook.com/tour/destination/philippines/manila/makati/salcedo-saturday-market
web/salcedo_weekend_market/salcedo_weekend_market_0095.jpg,salcedo_weekend_market,train,page:https://www.youtube.com/watch?v=yDXNFEeKFxk
web/salcedo_weekend_market/salcedo_weekend_market_0096.jpg,salcedo_weekend_market,val,page:https://sec.solaireresort.com/exclusive-MY
web/salcedo_weekend_market/salcedo_weekend_market_0097.jpg,salcedo_weekend_market,val,page:https://www.tripadvisor.com.ph/Attraction_Review-g298450-d1869046-Reviews-Salcedo_Saturday_Market-Makati_Metro_Manila_Luzon.html
web/salcedo_weekend_market/salcedo_weekend_market_0111.jpg,salcedo_weekend_market,train,page:https://fity.club/lists/suggestions/Salcedo-Village-Makati-Map/
web/salcedo_weekend_market/salcedo_weekend_market_0116.jpg,salcedo_weekend_market,test,page:https://www.rappler.com/life-and-style/food-drinks/salcedo-community-market-makati-to-move-locations/
web/salcedo_weekend_market/salcedo_weekend_market_0117.jpg,salcedo_weekend_market,val,page:https://cnaluxury.channelnewsasia.com/experiences/things-do-eat-see-manila-philippines-238306
web/salcedo_weekend_market/salcedo_weekend_market_0118.jpg,salcedo_weekend_market,train,page:https://www.chuzailiving.com/salcedo-legazpi-market-you-should-not-miss-manila/
web/salcedo_weekend_market/salcedo_weekend_market_0120.jpg,salcedo_weekend_market,train,page:https://taneresidence.com/a-food-lovers-guide-to-manila/
web/salcedo_weekend_market/salcedo_weekend_market_0121.jpg,salcedo_weekend_market,train,page:https://www.zoytotheworld.com/blog/salcedo-community-market-makati
web/salcedo_weekend_market/salcedo_weekend_market_0122.jpg,salcedo_weekend_market,train,page:https://primer.com.ph/feature/2026/04/01/guide-salcedo-villages-best-eats-community-markets-and-hidden-gems/
web/salcedo_weekend_market/salcedo_weekend_market_0123.jpg,salcedo_weekend_market,train,page:https://www.zoytotheworld.com/blog/salcedo-community-market-makati
web/salcedo_weekend_market/salcedo_weekend_market_0124.jpg,salcedo_weekend_market,train,page:https://thefiveamchat.blogspot.com/2012/07/visiting-salcedo-community-market.html
web/salcedo_weekend_market/salcedo_weekend_market_0125.jpg,salcedo_weekend_market,train,page:https://primer.com.ph/travel/salcedo-community-market/
web/salcedo_weekend_market/salcedo_weekend_market_0129.jpg,salcedo_weekend_market,train,page:https://www.zoytotheworld.com/blog/salcedo-community-market-makati
web/salcedo_weekend_market/salcedo_weekend_market_0130.jpg,salcedo_weekend_market,train,page:https://www.backpackingphilippines.com/2014/03/sightseeing-tour-of-manila-itinerary.html?m=0
web/salcedo_weekend_market/salcedo_weekend_market_0141.jpg,salcedo_weekend_market,train,page:https://www.youtube.com/watch?v=-h_vJ9FX4a8
web/salcedo_weekend_market/salcedo_weekend_market_0142.jpg,salcedo_weekend_market,train,page:https://thefiveamchat.blogspot.com/2012/07/visiting-salcedo-community-market.html
web/salcedo_weekend_market/salcedo_weekend_market_0143.jpg,salcedo_weekend_market,train,page:https://puredetour.com/post/salcedo-weekend-market-makati/
web/salcedo_weekend_market/salcedo_weekend_market_0158.jpg,salcedo_weekend_market,train,page:https://www.chuzailiving.com/salcedo-legazpi-market-you-should-not-miss-manila/
web/salcedo_weekend_market/salcedo_weekend_market_0159.jpg,salcedo_weekend_market,train,page:https://ph.pinterest.com/pin/salcedo-market--584131014203084267/
web/salcedo_weekend_market/salcedo_weekend_market_0160.jpg,salcedo_weekend_market,train,page:http://www.digestny.com/manila/2012/11/27/salcedo-community-market.html
web/salcedo_weekend_market/salcedo_weekend_market_0161.jpg,salcedo_weekend_market,train,page:https://followthatcraving.blogspot.com/2012/08/the-hustle-and-bustle-of-salcedo-market.html
web/salcedo_weekend_market/salcedo_weekend_market_0162.jpg,salcedo_weekend_market,train,page:https://www.zoytotheworld.com/blog/salcedo-community-market-makati
web/salcedo_weekend_market/salcedo_weekend_market_0163.jpg,salcedo_weekend_market,train,page:https://www.artofit.org/particle/655062708346280489/salcedo-market/
web/salcedo_weekend_market/salcedo_weekend_market_0169.jpg,salcedo_weekend_market,val,page:https://www.tripadvisor.com.ph/Attraction_Review-g298450-d1869046-Reviews-Salcedo_Saturday_Market-Makati_Metro_Manila_Luzon.html
web/salcedo_weekend_market/salcedo_weekend_market_0178.jpg,salcedo_weekend_market,train,page:https://www.youtube.com/watch?v=Ap9YIZaq6-4
web/salcedo_weekend_market/salcedo_weekend_market_0180.jpg,salcedo_weekend_market,train,page:https://leahdeleon.com/2015/01/25/salcedo-saturday-market/
web/salcedo_weekend_market/salcedo_weekend_market_0184.jpg,salcedo_weekend_market,train,page:https://7641islands.ph/photos/salcedo-weekend-market/
web/salcedo_weekend_market/salcedo_weekend_market_0185.jpg,salcedo_weekend_market,val,page:https://ph.pinterest.com/pin/302726406224793723/
web/salcedo_weekend_market/salcedo_weekend_market_0191.jpg,salcedo_weekend_market,train,page:https://www.yelp.com/biz/jaime-c-velasquez-park-makati
web/salcedo_weekend_market/salcedo_weekend_market_0192.jpg,salcedo_weekend_market,train,page:https://www.spellrealty.com/philippines/escala-salcedo-iconic-parkside-living-salcedo-address-the-forbes-park-of-condo-living_24.html
web/salcedo_weekend_market/salcedo_weekend_market_0193.jpg,salcedo_weekend_market,train,page:https://macea.com.ph/2022/02/25/jaime-velasquez-park-a-refreshed-introduction/
web/salcedo_weekend_market/salcedo_weekend_market_0194.jpg,salcedo_weekend_market,train,page:https://www.jonraz.com/2016/01/jaime-velasquez-park.html
web/salcedo_weekend_market/salcedo_weekend_market_0195.jpg,salcedo_weekend_market,train,page:https://macea.com.ph/2022/02/25/jaime-velasquez-park-a-refreshed-introduction/
web/salcedo_weekend_market/salcedo_weekend_market_0196.jpg,salcedo_weekend_market,test,page:https://www.travelandleisureasia.com/sea/dining/where-to-go-2024-philippines-new-restaurants-bars-hotels-attractions/
web/salcedo_weekend_market/salcedo_weekend_market_0197.jpg,salcedo_weekend_market,train,page:https://www.tripadvisor.com/Attraction_Review-g298450-d5512766-Reviews-Jaime_C_Velasquez_Park-Makati_Metro_Manila_Luzon.html
web/salcedo_weekend_market/salcedo_weekend_market_0198.jpg,salcedo_weekend_market,train,page:https://primer.com.ph/feature/2026/04/01/guide-salcedo-villages-best-eats-community-markets-and-hidden-gems/
web/salcedo_weekend_market/salcedo_weekend_market_0199.jpg,salcedo_weekend_market,train,page:https://macea.com.ph/2022/02/25/jaime-velasquez-park-a-refreshed-introduction/
web/salcedo_weekend_market/salcedo_weekend_market_0200.jpg,salcedo_weekend_market,val,page:https://www.youtube.com/watch?v=VuuDA2cHFFw
web/salcedo_weekend_market/salcedo_weekend_market_0201.jpg,salcedo_weekend_market,test,page:https://www.tripadvisor.com.au/Attraction_Review-g298450-d5512766-Reviews-Jaime_C_Velasquez_Park-Makati_Metro_Manila_Luzon.html
web/salcedo_weekend_market/salcedo_weekend_market_0202.jpg,salcedo_weekend_market,train,page:https://macea.com.ph/2022/02/25/jaime-velasquez-park-a-refreshed-introduction/
web/salcedo_weekend_market/salcedo_weekend_market_0203.jpg,salcedo_weekend_market,train,page:https://bestinmanila.com/stories/salcedo-village
web/salcedo_weekend_market/salcedo_weekend_market_0204.jpg,salcedo_weekend_market,train,page:https://www.tripadvisor.com/Attraction_Review-g298450-d5512766-Reviews-Jaime_C_Velasquez_Park-Makati_Metro_Manila_Luzon.html
web/salcedo_weekend_market/salcedo_weekend_market_0205.jpg,salcedo_weekend_market,val,page:https://www.tripadvisor.com.ph/Attraction_Review-g298450-d5512766-Reviews-Jaime_C_Velasquez_Park-Makati_Metro_Manila_Luzon.html
web/salcedo_weekend_market/salcedo_weekend_market_0206.jpg,salcedo_weekend_market,train,page:https://www.spellrealty.com/philippines/escala-salcedo-iconic-parkside-living-salcedo-address-the-forbes-park-of-condo-living_24.html
web/salcedo_weekend_market/salcedo_weekend_market_0207.jpg,salcedo_weekend_market,train,page:https://www.youtube.com/watch?v=Ksw45WREFps
web/salcedo_weekend_market/salcedo_weekend_market_0210.jpg,salcedo_weekend_market,train,page:https://richric2014.blogspot.com/2015/07/jaime-c-velasquez-park.html
web/salcedo_weekend_market/salcedo_weekend_market_0212.jpg,salcedo_weekend_market,train,page:https://primer.com.ph/event/2019/03/06/art-in-the-park-2019/
web/salcedo_weekend_market/salcedo_weekend_market_0213.jpg,salcedo_weekend_market,train,page:https://eltorobumingo.blogspot.com/2018/09/first-time-at-jaime-c-velasquez-park.html
web/salcedo_weekend_market/salcedo_weekend_market_0220.jpg,salcedo_weekend_market,train,page:https://www.tripadvisor.com/Attraction_Review-g298450-d5512766-Reviews-Jaime_C_Velasquez_Park-Makati_Metro_Manila_Luzon.html
web/salcedo_weekend_market/salcedo_weekend_market_0222.jpg,salcedo_weekend_market,train,page:https://www.youtube.com/watch?v=5_oFhVd1rsY
web/salcedo_weekend_market/salcedo_weekend_market_0223.jpg,salcedo_weekend_market,train,page:https://id.pinterest.com/pin/433612270395893889/
web/salcedo_weekend_market/salcedo_weekend_market_0233.jpg,salcedo_weekend_market,train,page:https://www.tripadvisor.com/Attraction_Review-g298450-d5512766-Reviews-Jaime_C_Velasquez_Park-Makati_Metro_Manila_Luzon.html
web/salcedo_weekend_market/salcedo_weekend_market_0238.jpg,salcedo_weekend_market,train,page:https://www.overheremanila.com/things-to-do-in-salcedo-village-makati/
web/salcedo_weekend_market/salcedo_weekend_market_0240.jpg,salcedo_weekend_market,val,page:https://primer.com.ph/event/2018/03/22/art-in-the-park-2018-at-salcedo-village-makati-an-affordable-art-fair/
web/salcedo_weekend_market/salcedo_weekend_market_0246.jpg,salcedo_weekend_market,test,page:https://www.windowseat.ph/metro-manila-parks/
web/salcedo_weekend_market/salcedo_weekend_market_0247.jpg,salcedo_weekend_market,val,page:https://primer.com.ph/event/2018/03/22/art-in-the-park-2018-at-salcedo-village-makati-an-affordable-art-fair/
web/salcedo_weekend_market/salcedo_weekend_market_0248.jpg,salcedo_weekend_market,train,page:http://makatiprime.weebly.com/salcedo-village.html
web/salcedo_weekend_market/salcedo_weekend_market_0256.jpg,salcedo_weekend_market,train,page:https://www.makatirent.com/salcedo-village
web/salcedo_weekend_market/salcedo_weekend_market_0260.jpg,salcedo_weekend_market,test,page:https://www.cristyinthecity.net/2026/06/the-perfect-saturday-starts-at-salcedo.html
web/salcedo_weekend_market/salcedo_weekend_market_0262.jpg,salcedo_weekend_market,train,page:https://www.easybook.com/tour/destination/philippines/manila/makati/salcedo-saturday-market
web/salcedo_weekend_market/salcedo_weekend_market_0271.jpg,salcedo_weekend_market,train,page:https://www.artofit.org/particle/655062708346280489/salcedo-market/
web/salcedo_weekend_market/salcedo_weekend_market_0273.jpg,salcedo_weekend_market,train,page:https://ph.pinterest.com/pin/salcedo-market--1088041591227826373/
web/sm_makati/sm_makati_0620.jpg,sm_makati,train,page:https://mindtrip.ai/attraction/makati-luzon/watsons-sm-makati-department-store/at-KWnzRR4P
web/sm_makati/sm_makati_0621.jpg,sm_makati,train,page:https://retaildesignblog.net/2014/08/28/sm-shoes-department-makati-philippines/
web/sm_makati/sm_makati_0622.jpg,sm_makati,train,page:https://www.suresource-inc.com/levis-sm-makati-department-store/
web/sm_makati/sm_makati_0623.jpg,sm_makati,train,page:https://www.tinavilla.com/2014/12/the-new-sm-store-beauty-section-in-sm-makati.html
web/sm_makati/sm_makati_0624.jpg,sm_makati,train,page:https://retaildesignblog.net/2014/08/28/sm-shoes-department-makati-philippines/
web/sm_makati/sm_makati_0627.jpg,sm_makati,train,page:https://retaildesignblog.net/2014/08/28/sm-shoes-department-makati-philippines/
web/sm_makati/sm_makati_0628.jpg,sm_makati,train,page:https://www.tinavilla.com/2014/12/the-new-sm-store-beauty-section-in-sm-makati.html
web/sm_makati/sm_makati_0629.jpg,sm_makati,train,page:https://mindtrip.ai/attraction/makati-luzon/sm-store/at-KITVWJ3L
web/sm_makati/sm_makati_0631.jpg,sm_makati,train,page:https://www.youtube.com/watch?v=bZPoy135xTE
web/sm_makati/sm_makati_0644.jpg,sm_makati,val,page:https://www.youtube.com/watch?v=eFNFssrka7o
web/sm_makati/sm_makati_0646.jpg,sm_makati,train,page:https://www.youtube.com/watch?v=Mragtp2ZlIk
web/sm_makati/sm_makati_0655.jpg,sm_makati,train,page:https://www.youtube.com/watch?v=BqKr4-ozIBE
web/sm_makati/sm_makati_0664.jpg,sm_makati,train,page:https://www.tripadvisor.ca/Restaurant_Review-g298450-d1818642-Reviews-McDonald_s_SM_Makati-Makati_Metro_Manila_Luzon.html
web/sm_makati/sm_makati_0637.jpg,the_landmark_makati,train,page:https://www.yelp.com/biz/the-landmark-makati
web/sm_makati/sm_makati_0645.jpg,the_landmark_makati,test,page:https://www.youtube.com/watch?v=C6SfJ0_cGmE
web/sm_makati/sm_makati_0662.jpg,the_landmark_makati,train,page:https://it.pinterest.com/pin/food-court-in-landmark-mall-makati--387098530452643068/
web/sm_makati/sm_makati_0672.jpg,the_landmark_makati,test,page:https://www.youtube.com/watch?v=SRS2yTuQUwY
web/sm_makati/sm_makati_0691.jpg,the_landmark_makati,test,page:https://www.youtube.com/watch?v=XmozzzbU19Q
video/avida_towers_makati_southpoint/-EYBsIAkaiw_00004.jpg,avida_towers_makati_southpoint,train,video:-EYBsIAkaiw
video/avida_towers_makati_southpoint/-EYBsIAkaiw_00153.jpg,avida_towers_makati_southpoint,train,video:-EYBsIAkaiw
video/avida_towers_makati_southpoint/-EYBsIAkaiw_00163.jpg,avida_towers_makati_southpoint,train,video:-EYBsIAkaiw
video/avida_towers_makati_southpoint/-EYBsIAkaiw_00232.jpg,avida_towers_makati_southpoint,train,video:-EYBsIAkaiw
video/avida_towers_makati_southpoint/-EYBsIAkaiw_00242.jpg,avida_towers_makati_southpoint,train,video:-EYBsIAkaiw
video/avida_towers_makati_southpoint/1NpB1jm77-o_00241.jpg,avida_towers_makati_southpoint,val,video:1NpB1jm77-o
video/avida_towers_makati_southpoint/4QPrDD-p-Ig_00152.jpg,avida_towers_makati_southpoint,val,video:4QPrDD-p-Ig
video/avida_towers_makati_southpoint/87Ep_bwcLRI_00023.jpg,avida_towers_makati_southpoint,train,video:87Ep_bwcLRI
video/avida_towers_makati_southpoint/87Ep_bwcLRI_00028.jpg,avida_towers_makati_southpoint,train,video:87Ep_bwcLRI
video/avida_towers_makati_southpoint/87Ep_bwcLRI_00070.jpg,avida_towers_makati_southpoint,train,video:87Ep_bwcLRI
video/avida_towers_makati_southpoint/87Ep_bwcLRI_00075.jpg,avida_towers_makati_southpoint,train,video:87Ep_bwcLRI
video/avida_towers_makati_southpoint/87Ep_bwcLRI_00102.jpg,avida_towers_makati_southpoint,train,video:87Ep_bwcLRI
video/avida_towers_makati_southpoint/87Ep_bwcLRI_00107.jpg,avida_towers_makati_southpoint,train,video:87Ep_bwcLRI
video/avida_towers_makati_southpoint/87Ep_bwcLRI_00112.jpg,avida_towers_makati_southpoint,train,video:87Ep_bwcLRI
video/avida_towers_makati_southpoint/I8eK1xKunfw_00003.jpg,avida_towers_makati_southpoint,train,video:I8eK1xKunfw
video/avida_towers_makati_southpoint/I8eK1xKunfw_00010.jpg,avida_towers_makati_southpoint,train,video:I8eK1xKunfw
video/avida_towers_makati_southpoint/I8eK1xKunfw_00016.jpg,avida_towers_makati_southpoint,train,video:I8eK1xKunfw
video/avida_towers_makati_southpoint/I8eK1xKunfw_00023.jpg,avida_towers_makati_southpoint,train,video:I8eK1xKunfw
video/avida_towers_makati_southpoint/I8eK1xKunfw_00043.jpg,avida_towers_makati_southpoint,train,video:I8eK1xKunfw
video/avida_towers_makati_southpoint/I8eK1xKunfw_00104.jpg,avida_towers_makati_southpoint,train,video:I8eK1xKunfw
video/avida_towers_makati_southpoint/I8eK1xKunfw_00138.jpg,avida_towers_makati_southpoint,train,video:I8eK1xKunfw
video/avida_towers_makati_southpoint/I8eK1xKunfw_00145.jpg,avida_towers_makati_southpoint,train,video:I8eK1xKunfw
video/avida_towers_makati_southpoint/I8eK1xKunfw_00152.jpg,avida_towers_makati_southpoint,train,video:I8eK1xKunfw
video/avida_towers_makati_southpoint/I8eK1xKunfw_00165.jpg,avida_towers_makati_southpoint,train,video:I8eK1xKunfw
video/avida_towers_makati_southpoint/LJmpIOBSK8E_00003.jpg,avida_towers_makati_southpoint,test,video:LJmpIOBSK8E
video/avida_towers_makati_southpoint/LJmpIOBSK8E_00018.jpg,avida_towers_makati_southpoint,test,video:LJmpIOBSK8E
video/avida_towers_makati_southpoint/LJmpIOBSK8E_00041.jpg,avida_towers_makati_southpoint,test,video:LJmpIOBSK8E
video/avida_towers_makati_southpoint/LJmpIOBSK8E_00048.jpg,avida_towers_makati_southpoint,test,video:LJmpIOBSK8E
video/avida_towers_makati_southpoint/LJmpIOBSK8E_00063.jpg,avida_towers_makati_southpoint,test,video:LJmpIOBSK8E
video/avida_towers_makati_southpoint/LJmpIOBSK8E_00086.jpg,avida_towers_makati_southpoint,test,video:LJmpIOBSK8E
video/avida_towers_makati_southpoint/LJmpIOBSK8E_00109.jpg,avida_towers_makati_southpoint,test,video:LJmpIOBSK8E
video/avida_towers_makati_southpoint/LJmpIOBSK8E_00124.jpg,avida_towers_makati_southpoint,test,video:LJmpIOBSK8E
video/avida_towers_makati_southpoint/LJmpIOBSK8E_00161.jpg,avida_towers_makati_southpoint,test,video:LJmpIOBSK8E
video/avida_towers_makati_southpoint/LJmpIOBSK8E_00184.jpg,avida_towers_makati_southpoint,test,video:LJmpIOBSK8E
video/avida_towers_makati_southpoint/Om6Q2ofzgD8_00007.jpg,avida_towers_makati_southpoint,val,video:Om6Q2ofzgD8
video/avida_towers_makati_southpoint/Om6Q2ofzgD8_00049.jpg,avida_towers_makati_southpoint,val,video:Om6Q2ofzgD8
video/avida_towers_makati_southpoint/Om6Q2ofzgD8_00315.jpg,avida_towers_makati_southpoint,val,video:Om6Q2ofzgD8
video/avida_towers_makati_southpoint/Om6Q2ofzgD8_00329.jpg,avida_towers_makati_southpoint,val,video:Om6Q2ofzgD8
video/avida_towers_makati_southpoint/RTHpRhCzTtU_00007.jpg,avida_towers_makati_southpoint,val,video:RTHpRhCzTtU
video/avida_towers_makati_southpoint/RTHpRhCzTtU_00118.jpg,avida_towers_makati_southpoint,val,video:RTHpRhCzTtU
video/avida_towers_makati_southpoint/RTHpRhCzTtU_00149.jpg,avida_towers_makati_southpoint,val,video:RTHpRhCzTtU
video/avida_towers_makati_southpoint/R_IxauAC51k_00247.jpg,avida_towers_makati_southpoint,val,video:R_IxauAC51k
video/avida_towers_makati_southpoint/vgZcsEbJdh8_00003.jpg,avida_towers_makati_southpoint,train,video:vgZcsEbJdh8
video/avida_towers_makati_southpoint/vgZcsEbJdh8_00011.jpg,avida_towers_makati_southpoint,train,video:vgZcsEbJdh8
video/avida_towers_makati_southpoint/vgZcsEbJdh8_00019.jpg,avida_towers_makati_southpoint,train,video:vgZcsEbJdh8
video/avida_towers_makati_southpoint/vgZcsEbJdh8_00027.jpg,avida_towers_makati_southpoint,train,video:vgZcsEbJdh8
video/avida_towers_makati_southpoint/vgZcsEbJdh8_00074.jpg,avida_towers_makati_southpoint,train,video:vgZcsEbJdh8
video/avida_towers_makati_southpoint/vgZcsEbJdh8_00114.jpg,avida_towers_makati_southpoint,train,video:vgZcsEbJdh8
video/avida_towers_makati_southpoint/vgZcsEbJdh8_00169.jpg,avida_towers_makati_southpoint,train,video:vgZcsEbJdh8
video/ayala_center/CMNVO0rT6Pc_00206.jpg,ayala_center,train,video:CMNVO0rT6Pc
video/ayala_center/CMNVO0rT6Pc_00218.jpg,ayala_center,train,video:CMNVO0rT6Pc
video/ayala_center/CMNVO0rT6Pc_00256.jpg,ayala_center,train,video:CMNVO0rT6Pc
video/ayala_center/CMNVO0rT6Pc_00294.jpg,greenbelt,test,video:CMNVO0rT6Pc
video/ayala_center/CMNVO0rT6Pc_00306.jpg,greenbelt,test,video:CMNVO0rT6Pc
video/ayala_center/CMNVO0rT6Pc_00394.jpg,ayala_center,train,video:CMNVO0rT6Pc
video/ayala_center/CMNVO0rT6Pc_00406.jpg,ayala_center,train,video:CMNVO0rT6Pc
video/ayala_center/CMNVO0rT6Pc_00444.jpg,ayala_center,train,video:CMNVO0rT6Pc
video/ayala_malls_circuit/3QkbAD1ings_00023.jpg,ayala_malls_circuit,train,video:3QkbAD1ings
video/ayala_malls_circuit/3QkbAD1ings_00071.jpg,ayala_malls_circuit,train,video:3QkbAD1ings
video/ayala_malls_circuit/3QkbAD1ings_00165.jpg,ayala_malls_circuit,train,video:3QkbAD1ings
video/ayala_malls_circuit/3QkbAD1ings_00260.jpg,ayala_malls_circuit,train,video:3QkbAD1ings
video/ayala_malls_circuit/3QkbAD1ings_00307.jpg,ayala_malls_circuit,train,video:3QkbAD1ings
video/ayala_malls_circuit/3QkbAD1ings_00355.jpg,ayala_malls_circuit,train,video:3QkbAD1ings
video/ayala_malls_circuit/3QkbAD1ings_00402.jpg,ayala_malls_circuit,train,video:3QkbAD1ings
video/ayala_malls_circuit/3QkbAD1ings_00449.jpg,ayala_malls_circuit,train,video:3QkbAD1ings
video/ayala_malls_circuit/3QkbAD1ings_00497.jpg,ayala_malls_circuit,train,video:3QkbAD1ings
video/ayala_malls_circuit/3QkbAD1ings_00544.jpg,ayala_malls_circuit,train,video:3QkbAD1ings
video/ayala_malls_circuit/3QkbAD1ings_00591.jpg,ayala_malls_circuit,train,video:3QkbAD1ings
video/ayala_malls_circuit/3QkbAD1ings_00639.jpg,ayala_malls_circuit,train,video:3QkbAD1ings
video/ayala_malls_circuit/3QkbAD1ings_00686.jpg,ayala_malls_circuit,train,video:3QkbAD1ings
video/ayala_malls_circuit/3QkbAD1ings_00734.jpg,ayala_malls_circuit,train,video:3QkbAD1ings
video/ayala_malls_circuit/3QkbAD1ings_00781.jpg,ayala_malls_circuit,train,video:3QkbAD1ings
video/ayala_malls_circuit/3QkbAD1ings_00828.jpg,ayala_malls_circuit,train,video:3QkbAD1ings
video/ayala_malls_circuit/3QkbAD1ings_00876.jpg,ayala_malls_circuit,train,video:3QkbAD1ings
video/ayala_malls_circuit/3QkbAD1ings_00923.jpg,ayala_malls_circuit,train,video:3QkbAD1ings
video/ayala_malls_circuit/3QkbAD1ings_00970.jpg,ayala_malls_circuit,train,video:3QkbAD1ings
video/ayala_malls_circuit/3QkbAD1ings_01018.jpg,ayala_malls_circuit,train,video:3QkbAD1ings
video/ayala_malls_circuit/3QkbAD1ings_01065.jpg,ayala_malls_circuit,train,video:3QkbAD1ings
video/ayala_malls_circuit/3QkbAD1ings_01112.jpg,ayala_malls_circuit,train,video:3QkbAD1ings
video/ayala_malls_circuit/3QkbAD1ings_01160.jpg,ayala_malls_circuit,train,video:3QkbAD1ings
video/ayala_malls_circuit/3QkbAD1ings_01207.jpg,ayala_malls_circuit,train,video:3QkbAD1ings
video/ayala_malls_circuit/3QkbAD1ings_01254.jpg,ayala_malls_circuit,train,video:3QkbAD1ings
video/ayala_malls_circuit/3QkbAD1ings_01302.jpg,ayala_malls_circuit,train,video:3QkbAD1ings
video/ayala_malls_circuit/3QkbAD1ings_01349.jpg,ayala_malls_circuit,train,video:3QkbAD1ings
video/ayala_malls_circuit/3QkbAD1ings_01444.jpg,ayala_malls_circuit,train,video:3QkbAD1ings
video/ayala_malls_circuit/3QkbAD1ings_01491.jpg,ayala_malls_circuit,train,video:3QkbAD1ings
video/ayala_malls_circuit/3QkbAD1ings_01539.jpg,ayala_malls_circuit,train,video:3QkbAD1ings
video/ayala_malls_circuit/3QkbAD1ings_01586.jpg,ayala_malls_circuit,train,video:3QkbAD1ings
video/ayala_malls_circuit/3QkbAD1ings_01633.jpg,ayala_malls_circuit,train,video:3QkbAD1ings
video/ayala_malls_circuit/3QkbAD1ings_01681.jpg,ayala_malls_circuit,train,video:3QkbAD1ings
video/ayala_malls_circuit/3QkbAD1ings_01728.jpg,ayala_malls_circuit,train,video:3QkbAD1ings
video/ayala_malls_circuit/3QkbAD1ings_01775.jpg,ayala_malls_circuit,train,video:3QkbAD1ings
video/ayala_malls_circuit/3QkbAD1ings_01823.jpg,ayala_malls_circuit,train,video:3QkbAD1ings
video/ayala_malls_circuit/3QkbAD1ings_01870.jpg,ayala_malls_circuit,train,video:3QkbAD1ings
video/ayala_malls_circuit/3QkbAD1ings_01917.jpg,ayala_malls_circuit,train,video:3QkbAD1ings
video/ayala_malls_circuit/3QkbAD1ings_01965.jpg,ayala_malls_circuit,train,video:3QkbAD1ings
video/ayala_malls_circuit/3QkbAD1ings_02012.jpg,ayala_malls_circuit,train,video:3QkbAD1ings
video/ayala_malls_circuit/3QkbAD1ings_02059.jpg,ayala_malls_circuit,train,video:3QkbAD1ings
video/ayala_malls_circuit/3QkbAD1ings_02107.jpg,ayala_malls_circuit,train,video:3QkbAD1ings
video/ayala_malls_circuit/D29Bd01nRD0_00021.jpg,ayala_malls_circuit,test,video:D29Bd01nRD0
video/ayala_malls_circuit/D29Bd01nRD0_00064.jpg,ayala_malls_circuit,test,video:D29Bd01nRD0
video/ayala_malls_circuit/D29Bd01nRD0_00108.jpg,ayala_malls_circuit,test,video:D29Bd01nRD0
video/ayala_malls_circuit/D29Bd01nRD0_00151.jpg,ayala_malls_circuit,test,video:D29Bd01nRD0
video/ayala_malls_circuit/D29Bd01nRD0_00194.jpg,ayala_malls_circuit,test,video:D29Bd01nRD0
video/ayala_malls_circuit/D29Bd01nRD0_00237.jpg,ayala_malls_circuit,test,video:D29Bd01nRD0
video/ayala_malls_circuit/D29Bd01nRD0_00280.jpg,ayala_malls_circuit,test,video:D29Bd01nRD0
video/ayala_malls_circuit/D29Bd01nRD0_00324.jpg,ayala_malls_circuit,test,video:D29Bd01nRD0
video/ayala_malls_circuit/D29Bd01nRD0_00367.jpg,ayala_malls_circuit,test,video:D29Bd01nRD0
video/ayala_malls_circuit/D29Bd01nRD0_00410.jpg,ayala_malls_circuit,test,video:D29Bd01nRD0
video/ayala_malls_circuit/D29Bd01nRD0_00453.jpg,ayala_malls_circuit,test,video:D29Bd01nRD0
video/ayala_malls_circuit/D29Bd01nRD0_00496.jpg,ayala_malls_circuit,test,video:D29Bd01nRD0
video/ayala_malls_circuit/D29Bd01nRD0_00540.jpg,ayala_malls_circuit,test,video:D29Bd01nRD0
video/ayala_malls_circuit/D29Bd01nRD0_00626.jpg,ayala_malls_circuit,test,video:D29Bd01nRD0
video/ayala_malls_circuit/D29Bd01nRD0_00799.jpg,ayala_malls_circuit,test,video:D29Bd01nRD0
video/ayala_malls_circuit/D29Bd01nRD0_00842.jpg,ayala_malls_circuit,test,video:D29Bd01nRD0
video/ayala_malls_circuit/D29Bd01nRD0_00885.jpg,ayala_malls_circuit,test,video:D29Bd01nRD0
video/ayala_malls_circuit/D29Bd01nRD0_00928.jpg,ayala_malls_circuit,test,video:D29Bd01nRD0
video/ayala_malls_circuit/D29Bd01nRD0_00972.jpg,ayala_malls_circuit,test,video:D29Bd01nRD0
video/ayala_malls_circuit/D29Bd01nRD0_01015.jpg,ayala_malls_circuit,test,video:D29Bd01nRD0
video/ayala_malls_circuit/D29Bd01nRD0_01058.jpg,ayala_malls_circuit,test,video:D29Bd01nRD0
video/ayala_malls_circuit/D29Bd01nRD0_01101.jpg,ayala_malls_circuit,test,video:D29Bd01nRD0
video/ayala_malls_circuit/D29Bd01nRD0_01144.jpg,ayala_malls_circuit,test,video:D29Bd01nRD0
video/ayala_malls_circuit/D29Bd01nRD0_01188.jpg,ayala_malls_circuit,test,video:D29Bd01nRD0
video/ayala_malls_circuit/D29Bd01nRD0_01231.jpg,ayala_malls_circuit,test,video:D29Bd01nRD0
video/ayala_malls_circuit/D29Bd01nRD0_01274.jpg,ayala_malls_circuit,test,video:D29Bd01nRD0
video/ayala_malls_circuit/D29Bd01nRD0_01404.jpg,ayala_malls_circuit,test,video:D29Bd01nRD0
video/ayala_malls_circuit/D29Bd01nRD0_01447.jpg,ayala_malls_circuit,test,video:D29Bd01nRD0
video/ayala_malls_circuit/D29Bd01nRD0_01490.jpg,ayala_malls_circuit,test,video:D29Bd01nRD0
video/ayala_malls_circuit/D29Bd01nRD0_01792.jpg,ayala_malls_circuit,test,video:D29Bd01nRD0
video/ayala_malls_circuit/D29Bd01nRD0_01836.jpg,ayala_malls_circuit,test,video:D29Bd01nRD0
video/ayala_malls_circuit/D29Bd01nRD0_01879.jpg,ayala_malls_circuit,test,video:D29Bd01nRD0
video/ayala_malls_circuit/D29Bd01nRD0_01922.jpg,ayala_malls_circuit,test,video:D29Bd01nRD0
video/ayala_malls_circuit/HCzsiZZJy_k_00012.jpg,ayala_malls_circuit,train,video:HCzsiZZJy_k
video/ayala_malls_circuit/HCzsiZZJy_k_00038.jpg,ayala_malls_circuit,train,video:HCzsiZZJy_k
video/ayala_malls_circuit/HCzsiZZJy_k_00089.jpg,ayala_malls_circuit,train,video:HCzsiZZJy_k
video/ayala_malls_circuit/HCzsiZZJy_k_00115.jpg,ayala_malls_circuit,train,video:HCzsiZZJy_k
video/ayala_malls_circuit/HCzsiZZJy_k_00141.jpg,ayala_malls_circuit,train,video:HCzsiZZJy_k
video/ayala_malls_circuit/HCzsiZZJy_k_00166.jpg,ayala_malls_circuit,train,video:HCzsiZZJy_k
video/ayala_malls_circuit/HCzsiZZJy_k_00192.jpg,ayala_malls_circuit,train,video:HCzsiZZJy_k
video/ayala_malls_circuit/HCzsiZZJy_k_00218.jpg,ayala_malls_circuit,train,video:HCzsiZZJy_k
video/ayala_malls_circuit/HCzsiZZJy_k_00243.jpg,ayala_malls_circuit,train,video:HCzsiZZJy_k
video/ayala_malls_circuit/HCzsiZZJy_k_00269.jpg,ayala_malls_circuit,train,video:HCzsiZZJy_k
video/ayala_malls_circuit/HCzsiZZJy_k_00295.jpg,ayala_malls_circuit,train,video:HCzsiZZJy_k
video/ayala_malls_circuit/HCzsiZZJy_k_00320.jpg,ayala_malls_circuit,train,video:HCzsiZZJy_k
video/ayala_malls_circuit/HCzsiZZJy_k_00346.jpg,ayala_malls_circuit,train,video:HCzsiZZJy_k
video/ayala_malls_circuit/HCzsiZZJy_k_00372.jpg,ayala_malls_circuit,train,video:HCzsiZZJy_k
video/ayala_malls_circuit/HCzsiZZJy_k_00397.jpg,ayala_malls_circuit,train,video:HCzsiZZJy_k
video/ayala_malls_circuit/HCzsiZZJy_k_00423.jpg,ayala_malls_circuit,train,video:HCzsiZZJy_k
video/ayala_malls_circuit/HCzsiZZJy_k_00449.jpg,ayala_malls_circuit,train,video:HCzsiZZJy_k
video/ayala_malls_circuit/HCzsiZZJy_k_00474.jpg,ayala_malls_circuit,train,video:HCzsiZZJy_k
video/ayala_malls_circuit/HCzsiZZJy_k_00500.jpg,ayala_malls_circuit,train,video:HCzsiZZJy_k
video/ayala_malls_circuit/HCzsiZZJy_k_00526.jpg,ayala_malls_circuit,train,video:HCzsiZZJy_k
video/ayala_malls_circuit/HCzsiZZJy_k_00551.jpg,ayala_malls_circuit,train,video:HCzsiZZJy_k
video/ayala_malls_circuit/HCzsiZZJy_k_00577.jpg,ayala_malls_circuit,train,video:HCzsiZZJy_k
video/ayala_malls_circuit/HCzsiZZJy_k_00603.jpg,ayala_malls_circuit,train,video:HCzsiZZJy_k
video/ayala_malls_circuit/HCzsiZZJy_k_00628.jpg,ayala_malls_circuit,train,video:HCzsiZZJy_k
video/ayala_malls_circuit/HCzsiZZJy_k_00654.jpg,ayala_malls_circuit,train,video:HCzsiZZJy_k
video/ayala_malls_circuit/HCzsiZZJy_k_00680.jpg,ayala_malls_circuit,train,video:HCzsiZZJy_k
video/ayala_malls_circuit/HCzsiZZJy_k_00705.jpg,ayala_malls_circuit,train,video:HCzsiZZJy_k
video/ayala_malls_circuit/HCzsiZZJy_k_00731.jpg,ayala_malls_circuit,train,video:HCzsiZZJy_k
video/ayala_malls_circuit/HCzsiZZJy_k_00757.jpg,ayala_malls_circuit,train,video:HCzsiZZJy_k
video/ayala_malls_circuit/HCzsiZZJy_k_00782.jpg,ayala_malls_circuit,train,video:HCzsiZZJy_k
video/ayala_malls_circuit/HCzsiZZJy_k_00808.jpg,ayala_malls_circuit,train,video:HCzsiZZJy_k
video/ayala_malls_circuit/HCzsiZZJy_k_00834.jpg,ayala_malls_circuit,train,video:HCzsiZZJy_k
video/ayala_malls_circuit/HCzsiZZJy_k_00859.jpg,ayala_malls_circuit,train,video:HCzsiZZJy_k
video/ayala_malls_circuit/HCzsiZZJy_k_00885.jpg,ayala_malls_circuit,train,video:HCzsiZZJy_k
video/ayala_malls_circuit/HCzsiZZJy_k_00911.jpg,ayala_malls_circuit,train,video:HCzsiZZJy_k
video/ayala_malls_circuit/HCzsiZZJy_k_00936.jpg,ayala_malls_circuit,train,video:HCzsiZZJy_k
video/ayala_malls_circuit/HCzsiZZJy_k_00962.jpg,ayala_malls_circuit,train,video:HCzsiZZJy_k
video/ayala_malls_circuit/HCzsiZZJy_k_00988.jpg,ayala_malls_circuit,train,video:HCzsiZZJy_k
video/ayala_malls_circuit/HCzsiZZJy_k_01013.jpg,ayala_malls_circuit,train,video:HCzsiZZJy_k
video/ayala_malls_circuit/HCzsiZZJy_k_01039.jpg,ayala_malls_circuit,train,video:HCzsiZZJy_k
video/ayala_malls_circuit/HCzsiZZJy_k_01090.jpg,ayala_malls_circuit,train,video:HCzsiZZJy_k
video/ayala_malls_circuit/HCzsiZZJy_k_01116.jpg,ayala_malls_circuit,train,video:HCzsiZZJy_k
video/ayala_malls_circuit/Lg1RBPOB1uA_00019.jpg,ayala_malls_circuit,val,video:Lg1RBPOB1uA
video/ayala_malls_circuit/Lg1RBPOB1uA_00096.jpg,ayala_malls_circuit,val,video:Lg1RBPOB1uA
video/ayala_malls_circuit/Lg1RBPOB1uA_00135.jpg,ayala_malls_circuit,val,video:Lg1RBPOB1uA
video/ayala_malls_circuit/Lg1RBPOB1uA_00173.jpg,ayala_malls_circuit,val,video:Lg1RBPOB1uA
video/ayala_malls_circuit/Lg1RBPOB1uA_00212.jpg,ayala_malls_circuit,val,video:Lg1RBPOB1uA
video/ayala_malls_circuit/Lg1RBPOB1uA_00250.jpg,ayala_malls_circuit,val,video:Lg1RBPOB1uA
video/ayala_malls_circuit/Lg1RBPOB1uA_00289.jpg,ayala_malls_circuit,val,video:Lg1RBPOB1uA
video/ayala_malls_circuit/Lg1RBPOB1uA_00327.jpg,ayala_malls_circuit,val,video:Lg1RBPOB1uA
video/ayala_malls_circuit/Lg1RBPOB1uA_00405.jpg,ayala_malls_circuit,val,video:Lg1RBPOB1uA
video/ayala_malls_circuit/Lg1RBPOB1uA_00443.jpg,ayala_malls_circuit,val,video:Lg1RBPOB1uA
video/ayala_malls_circuit/Lg1RBPOB1uA_00482.jpg,ayala_malls_circuit,val,video:Lg1RBPOB1uA
video/ayala_malls_circuit/Lg1RBPOB1uA_00520.jpg,ayala_malls_circuit,val,video:Lg1RBPOB1uA
video/ayala_malls_circuit/Lg1RBPOB1uA_00559.jpg,ayala_malls_circuit,val,video:Lg1RBPOB1uA
video/ayala_malls_circuit/Lg1RBPOB1uA_00597.jpg,ayala_malls_circuit,val,video:Lg1RBPOB1uA
video/ayala_malls_circuit/Lg1RBPOB1uA_00636.jpg,ayala_malls_circuit,val,video:Lg1RBPOB1uA
video/ayala_malls_circuit/Lg1RBPOB1uA_00675.jpg,ayala_malls_circuit,val,video:Lg1RBPOB1uA
video/ayala_malls_circuit/Lg1RBPOB1uA_00713.jpg,ayala_malls_circuit,val,video:Lg1RBPOB1uA
video/ayala_malls_circuit/Lg1RBPOB1uA_00752.jpg,ayala_malls_circuit,val,video:Lg1RBPOB1uA
video/ayala_malls_circuit/Lg1RBPOB1uA_00790.jpg,ayala_malls_circuit,val,video:Lg1RBPOB1uA
video/ayala_malls_circuit/Lg1RBPOB1uA_00829.jpg,ayala_malls_circuit,val,video:Lg1RBPOB1uA
video/ayala_malls_circuit/Lg1RBPOB1uA_00868.jpg,ayala_malls_circuit,val,video:Lg1RBPOB1uA
video/ayala_malls_circuit/Lg1RBPOB1uA_00906.jpg,ayala_malls_circuit,val,video:Lg1RBPOB1uA
video/ayala_malls_circuit/Lg1RBPOB1uA_00945.jpg,ayala_malls_circuit,val,video:Lg1RBPOB1uA
video/ayala_malls_circuit/Lg1RBPOB1uA_00983.jpg,ayala_malls_circuit,val,video:Lg1RBPOB1uA
video/ayala_malls_circuit/Lg1RBPOB1uA_01022.jpg,ayala_malls_circuit,val,video:Lg1RBPOB1uA
video/ayala_malls_circuit/Lg1RBPOB1uA_01060.jpg,ayala_malls_circuit,val,video:Lg1RBPOB1uA
video/ayala_malls_circuit/Lg1RBPOB1uA_01099.jpg,ayala_malls_circuit,val,video:Lg1RBPOB1uA
video/ayala_malls_circuit/Lg1RBPOB1uA_01138.jpg,ayala_malls_circuit,val,video:Lg1RBPOB1uA
video/ayala_malls_circuit/Lg1RBPOB1uA_01176.jpg,ayala_malls_circuit,val,video:Lg1RBPOB1uA
video/ayala_malls_circuit/Lg1RBPOB1uA_01215.jpg,ayala_malls_circuit,val,video:Lg1RBPOB1uA
video/ayala_malls_circuit/Lg1RBPOB1uA_01253.jpg,ayala_malls_circuit,val,video:Lg1RBPOB1uA
video/ayala_malls_circuit/Lg1RBPOB1uA_01292.jpg,ayala_malls_circuit,val,video:Lg1RBPOB1uA
video/ayala_malls_circuit/Lg1RBPOB1uA_01330.jpg,ayala_malls_circuit,val,video:Lg1RBPOB1uA
video/ayala_malls_circuit/Lg1RBPOB1uA_01369.jpg,ayala_malls_circuit,val,video:Lg1RBPOB1uA
video/ayala_malls_circuit/Lg1RBPOB1uA_01408.jpg,ayala_malls_circuit,val,video:Lg1RBPOB1uA
video/ayala_malls_circuit/Lg1RBPOB1uA_01446.jpg,ayala_malls_circuit,val,video:Lg1RBPOB1uA
video/ayala_malls_circuit/Lg1RBPOB1uA_01485.jpg,ayala_malls_circuit,val,video:Lg1RBPOB1uA
video/ayala_malls_circuit/Lg1RBPOB1uA_01523.jpg,ayala_malls_circuit,val,video:Lg1RBPOB1uA
video/ayala_malls_circuit/Lg1RBPOB1uA_01600.jpg,ayala_malls_circuit,val,video:Lg1RBPOB1uA
video/ayala_malls_circuit/Lg1RBPOB1uA_01639.jpg,ayala_malls_circuit,val,video:Lg1RBPOB1uA
video/ayala_malls_circuit/Lg1RBPOB1uA_01678.jpg,ayala_malls_circuit,val,video:Lg1RBPOB1uA
video/ayala_malls_circuit/Lg1RBPOB1uA_01716.jpg,ayala_malls_circuit,val,video:Lg1RBPOB1uA
video/ayala_malls_circuit/Ty6umNNxdKs_00027.jpg,ayala_malls_circuit,val,video:Ty6umNNxdKs
video/ayala_malls_circuit/Ty6umNNxdKs_00083.jpg,ayala_malls_circuit,val,video:Ty6umNNxdKs
video/ayala_malls_circuit/Ty6umNNxdKs_00139.jpg,ayala_malls_circuit,val,video:Ty6umNNxdKs
video/ayala_malls_circuit/Ty6umNNxdKs_00194.jpg,ayala_malls_circuit,val,video:Ty6umNNxdKs
video/ayala_malls_circuit/Ty6umNNxdKs_00250.jpg,ayala_malls_circuit,val,video:Ty6umNNxdKs
video/ayala_malls_circuit/Ty6umNNxdKs_00306.jpg,ayala_malls_circuit,val,video:Ty6umNNxdKs
video/ayala_malls_circuit/Ty6umNNxdKs_00362.jpg,ayala_malls_circuit,val,video:Ty6umNNxdKs
video/ayala_malls_circuit/Ty6umNNxdKs_00417.jpg,ayala_malls_circuit,val,video:Ty6umNNxdKs
video/ayala_malls_circuit/Ty6umNNxdKs_00473.jpg,ayala_malls_circuit,val,video:Ty6umNNxdKs
video/ayala_malls_circuit/Ty6umNNxdKs_00529.jpg,ayala_malls_circuit,val,video:Ty6umNNxdKs
video/ayala_malls_circuit/Ty6umNNxdKs_00584.jpg,ayala_malls_circuit,val,video:Ty6umNNxdKs
video/ayala_malls_circuit/Ty6umNNxdKs_00640.jpg,ayala_malls_circuit,val,video:Ty6umNNxdKs
video/ayala_malls_circuit/Ty6umNNxdKs_00696.jpg,ayala_malls_circuit,val,video:Ty6umNNxdKs
video/ayala_malls_circuit/Ty6umNNxdKs_00752.jpg,ayala_malls_circuit,val,video:Ty6umNNxdKs
video/ayala_malls_circuit/Ty6umNNxdKs_00807.jpg,ayala_malls_circuit,val,video:Ty6umNNxdKs
video/ayala_malls_circuit/Ty6umNNxdKs_00863.jpg,ayala_malls_circuit,val,video:Ty6umNNxdKs
video/ayala_malls_circuit/Ty6umNNxdKs_00919.jpg,ayala_malls_circuit,val,video:Ty6umNNxdKs
video/ayala_malls_circuit/Ty6umNNxdKs_00974.jpg,ayala_malls_circuit,val,video:Ty6umNNxdKs
video/ayala_malls_circuit/Ty6umNNxdKs_01030.jpg,ayala_malls_circuit,val,video:Ty6umNNxdKs
video/ayala_malls_circuit/Ty6umNNxdKs_01086.jpg,ayala_malls_circuit,val,video:Ty6umNNxdKs
video/ayala_malls_circuit/Ty6umNNxdKs_01142.jpg,ayala_malls_circuit,val,video:Ty6umNNxdKs
video/ayala_malls_circuit/Ty6umNNxdKs_01197.jpg,ayala_malls_circuit,val,video:Ty6umNNxdKs
video/ayala_malls_circuit/Ty6umNNxdKs_01253.jpg,ayala_malls_circuit,val,video:Ty6umNNxdKs
video/ayala_malls_circuit/Ty6umNNxdKs_01309.jpg,ayala_malls_circuit,val,video:Ty6umNNxdKs
video/ayala_malls_circuit/Ty6umNNxdKs_01364.jpg,ayala_malls_circuit,val,video:Ty6umNNxdKs
video/ayala_malls_circuit/Ty6umNNxdKs_01420.jpg,ayala_malls_circuit,val,video:Ty6umNNxdKs
video/ayala_malls_circuit/Ty6umNNxdKs_01476.jpg,ayala_malls_circuit,val,video:Ty6umNNxdKs
video/ayala_malls_circuit/Ty6umNNxdKs_01532.jpg,ayala_malls_circuit,val,video:Ty6umNNxdKs
video/ayala_malls_circuit/Ty6umNNxdKs_01587.jpg,ayala_malls_circuit,val,video:Ty6umNNxdKs
video/ayala_malls_circuit/Ty6umNNxdKs_01643.jpg,ayala_malls_circuit,val,video:Ty6umNNxdKs
video/ayala_malls_circuit/Ty6umNNxdKs_01699.jpg,ayala_malls_circuit,val,video:Ty6umNNxdKs
video/ayala_malls_circuit/Ty6umNNxdKs_01754.jpg,ayala_malls_circuit,val,video:Ty6umNNxdKs
video/ayala_malls_circuit/Ty6umNNxdKs_01810.jpg,ayala_malls_circuit,val,video:Ty6umNNxdKs
video/ayala_malls_circuit/Ty6umNNxdKs_01866.jpg,ayala_malls_circuit,val,video:Ty6umNNxdKs
video/ayala_malls_circuit/Ty6umNNxdKs_01922.jpg,ayala_malls_circuit,val,video:Ty6umNNxdKs
video/ayala_malls_circuit/Ty6umNNxdKs_01977.jpg,ayala_malls_circuit,val,video:Ty6umNNxdKs
video/ayala_malls_circuit/Ty6umNNxdKs_02033.jpg,ayala_malls_circuit,val,video:Ty6umNNxdKs
video/ayala_malls_circuit/Ty6umNNxdKs_02089.jpg,ayala_malls_circuit,val,video:Ty6umNNxdKs
video/ayala_malls_circuit/Ty6umNNxdKs_02144.jpg,ayala_malls_circuit,val,video:Ty6umNNxdKs
video/ayala_malls_circuit/Ty6umNNxdKs_02200.jpg,ayala_malls_circuit,val,video:Ty6umNNxdKs
video/ayala_malls_circuit/Ty6umNNxdKs_02256.jpg,ayala_malls_circuit,val,video:Ty6umNNxdKs
video/ayala_malls_circuit/Ty6umNNxdKs_02312.jpg,ayala_malls_circuit,val,video:Ty6umNNxdKs
video/ayala_malls_circuit/Ty6umNNxdKs_02367.jpg,ayala_malls_circuit,val,video:Ty6umNNxdKs
video/ayala_malls_circuit/Ty6umNNxdKs_02423.jpg,ayala_malls_circuit,val,video:Ty6umNNxdKs
video/ayala_malls_circuit/Ty6umNNxdKs_02479.jpg,ayala_malls_circuit,val,video:Ty6umNNxdKs
video/ayala_malls_circuit/eyRoUyf7GuI_00033.jpg,ayala_malls_circuit,train,video:eyRoUyf7GuI
video/ayala_malls_circuit/eyRoUyf7GuI_00099.jpg,ayala_malls_circuit,train,video:eyRoUyf7GuI
video/ayala_malls_circuit/eyRoUyf7GuI_00165.jpg,ayala_malls_circuit,train,video:eyRoUyf7GuI
video/ayala_malls_circuit/eyRoUyf7GuI_00231.jpg,ayala_malls_circuit,train,video:eyRoUyf7GuI
video/ayala_malls_circuit/eyRoUyf7GuI_00297.jpg,ayala_malls_circuit,train,video:eyRoUyf7GuI
video/ayala_malls_circuit/eyRoUyf7GuI_00363.jpg,ayala_malls_circuit,train,video:eyRoUyf7GuI
video/ayala_malls_circuit/eyRoUyf7GuI_00430.jpg,ayala_malls_circuit,train,video:eyRoUyf7GuI
video/ayala_malls_circuit/eyRoUyf7GuI_00496.jpg,ayala_malls_circuit,train,video:eyRoUyf7GuI
video/ayala_malls_circuit/eyRoUyf7GuI_00562.jpg,ayala_malls_circuit,train,video:eyRoUyf7GuI
video/ayala_malls_circuit/eyRoUyf7GuI_00628.jpg,ayala_malls_circuit,train,video:eyRoUyf7GuI
video/ayala_malls_circuit/eyRoUyf7GuI_00694.jpg,ayala_malls_circuit,train,video:eyRoUyf7GuI
video/ayala_malls_circuit/eyRoUyf7GuI_00761.jpg,ayala_malls_circuit,train,video:eyRoUyf7GuI
video/ayala_malls_circuit/eyRoUyf7GuI_00827.jpg,ayala_malls_circuit,train,video:eyRoUyf7GuI
video/ayala_malls_circuit/eyRoUyf7GuI_00893.jpg,ayala_malls_circuit,train,video:eyRoUyf7GuI
video/ayala_malls_circuit/eyRoUyf7GuI_00959.jpg,ayala_malls_circuit,train,video:eyRoUyf7GuI
video/ayala_malls_circuit/eyRoUyf7GuI_01025.jpg,ayala_malls_circuit,train,video:eyRoUyf7GuI
video/ayala_malls_circuit/eyRoUyf7GuI_01091.jpg,ayala_malls_circuit,train,video:eyRoUyf7GuI
video/ayala_malls_circuit/eyRoUyf7GuI_01158.jpg,ayala_malls_circuit,train,video:eyRoUyf7GuI
video/ayala_malls_circuit/eyRoUyf7GuI_01224.jpg,ayala_malls_circuit,train,video:eyRoUyf7GuI
video/ayala_malls_circuit/eyRoUyf7GuI_01290.jpg,ayala_malls_circuit,train,video:eyRoUyf7GuI
video/ayala_malls_circuit/eyRoUyf7GuI_01356.jpg,ayala_malls_circuit,train,video:eyRoUyf7GuI
video/ayala_malls_circuit/eyRoUyf7GuI_01422.jpg,ayala_malls_circuit,train,video:eyRoUyf7GuI
video/ayala_malls_circuit/eyRoUyf7GuI_01488.jpg,ayala_malls_circuit,train,video:eyRoUyf7GuI
video/ayala_malls_circuit/eyRoUyf7GuI_01555.jpg,ayala_malls_circuit,train,video:eyRoUyf7GuI
video/ayala_malls_circuit/eyRoUyf7GuI_01621.jpg,ayala_malls_circuit,train,video:eyRoUyf7GuI
video/ayala_malls_circuit/eyRoUyf7GuI_01687.jpg,ayala_malls_circuit,train,video:eyRoUyf7GuI
video/ayala_malls_circuit/eyRoUyf7GuI_01753.jpg,ayala_malls_circuit,train,video:eyRoUyf7GuI
video/ayala_malls_circuit/eyRoUyf7GuI_01819.jpg,ayala_malls_circuit,train,video:eyRoUyf7GuI
video/ayala_malls_circuit/eyRoUyf7GuI_01886.jpg,ayala_malls_circuit,train,video:eyRoUyf7GuI
video/ayala_malls_circuit/eyRoUyf7GuI_01952.jpg,ayala_malls_circuit,train,video:eyRoUyf7GuI
video/ayala_malls_circuit/eyRoUyf7GuI_02018.jpg,ayala_malls_circuit,train,video:eyRoUyf7GuI
video/ayala_malls_circuit/eyRoUyf7GuI_02084.jpg,ayala_malls_circuit,train,video:eyRoUyf7GuI
video/ayala_malls_circuit/eyRoUyf7GuI_02150.jpg,ayala_malls_circuit,train,video:eyRoUyf7GuI
video/ayala_malls_circuit/eyRoUyf7GuI_02216.jpg,ayala_malls_circuit,train,video:eyRoUyf7GuI
video/ayala_malls_circuit/eyRoUyf7GuI_02283.jpg,ayala_malls_circuit,train,video:eyRoUyf7GuI
video/ayala_malls_circuit/eyRoUyf7GuI_02349.jpg,ayala_malls_circuit,train,video:eyRoUyf7GuI
video/ayala_malls_circuit/eyRoUyf7GuI_02415.jpg,ayala_malls_circuit,train,video:eyRoUyf7GuI
video/ayala_malls_circuit/eyRoUyf7GuI_02481.jpg,ayala_malls_circuit,train,video:eyRoUyf7GuI
video/ayala_malls_circuit/eyRoUyf7GuI_02547.jpg,ayala_malls_circuit,train,video:eyRoUyf7GuI
video/ayala_malls_circuit/eyRoUyf7GuI_02614.jpg,ayala_malls_circuit,train,video:eyRoUyf7GuI
video/ayala_malls_circuit/eyRoUyf7GuI_02680.jpg,ayala_malls_circuit,train,video:eyRoUyf7GuI
video/ayala_malls_circuit/eyRoUyf7GuI_02746.jpg,ayala_malls_circuit,train,video:eyRoUyf7GuI
video/ayala_malls_circuit/eyRoUyf7GuI_02812.jpg,ayala_malls_circuit,train,video:eyRoUyf7GuI
video/ayala_malls_circuit/eyRoUyf7GuI_02878.jpg,ayala_malls_circuit,train,video:eyRoUyf7GuI
video/ayala_malls_circuit/eyRoUyf7GuI_02944.jpg,ayala_malls_circuit,train,video:eyRoUyf7GuI
video/ayala_malls_circuit/iwGKtyfNwVA_00109.jpg,ayala_malls_circuit,train,video:iwGKtyfNwVA
video/ayala_malls_circuit/iwGKtyfNwVA_00153.jpg,ayala_malls_circuit,train,video:iwGKtyfNwVA
video/ayala_malls_circuit/iwGKtyfNwVA_00197.jpg,ayala_malls_circuit,train,video:iwGKtyfNwVA
video/ayala_malls_circuit/iwGKtyfNwVA_00241.jpg,ayala_malls_circuit,train,video:iwGKtyfNwVA
video/ayala_malls_circuit/iwGKtyfNwVA_00285.jpg,ayala_malls_circuit,train,video:iwGKtyfNwVA
video/ayala_malls_circuit/iwGKtyfNwVA_00329.jpg,ayala_malls_circuit,train,video:iwGKtyfNwVA
video/ayala_malls_circuit/iwGKtyfNwVA_00373.jpg,ayala_malls_circuit,train,video:iwGKtyfNwVA
video/ayala_malls_circuit/iwGKtyfNwVA_00416.jpg,ayala_malls_circuit,train,video:iwGKtyfNwVA
video/ayala_malls_circuit/iwGKtyfNwVA_00460.jpg,ayala_malls_circuit,train,video:iwGKtyfNwVA
video/ayala_malls_circuit/iwGKtyfNwVA_00504.jpg,ayala_malls_circuit,train,video:iwGKtyfNwVA
video/ayala_malls_circuit/iwGKtyfNwVA_00548.jpg,ayala_malls_circuit,train,video:iwGKtyfNwVA
video/ayala_malls_circuit/iwGKtyfNwVA_00592.jpg,ayala_malls_circuit,train,video:iwGKtyfNwVA
video/ayala_malls_circuit/iwGKtyfNwVA_00636.jpg,ayala_malls_circuit,train,video:iwGKtyfNwVA
video/ayala_malls_circuit/iwGKtyfNwVA_00680.jpg,ayala_malls_circuit,train,video:iwGKtyfNwVA
video/ayala_malls_circuit/iwGKtyfNwVA_00724.jpg,ayala_malls_circuit,train,video:iwGKtyfNwVA
video/ayala_malls_circuit/iwGKtyfNwVA_00768.jpg,ayala_malls_circuit,train,video:iwGKtyfNwVA
video/ayala_malls_circuit/iwGKtyfNwVA_00811.jpg,ayala_malls_circuit,train,video:iwGKtyfNwVA
video/ayala_malls_circuit/iwGKtyfNwVA_00855.jpg,ayala_malls_circuit,train,video:iwGKtyfNwVA
video/ayala_malls_circuit/iwGKtyfNwVA_00899.jpg,ayala_malls_circuit,train,video:iwGKtyfNwVA
video/ayala_malls_circuit/iwGKtyfNwVA_00943.jpg,ayala_malls_circuit,train,video:iwGKtyfNwVA
video/ayala_malls_circuit/iwGKtyfNwVA_00987.jpg,ayala_malls_circuit,train,video:iwGKtyfNwVA
video/ayala_malls_circuit/iwGKtyfNwVA_01031.jpg,ayala_malls_circuit,train,video:iwGKtyfNwVA
video/ayala_malls_circuit/iwGKtyfNwVA_01075.jpg,ayala_malls_circuit,train,video:iwGKtyfNwVA
video/ayala_malls_circuit/iwGKtyfNwVA_01119.jpg,ayala_malls_circuit,train,video:iwGKtyfNwVA
video/ayala_malls_circuit/iwGKtyfNwVA_01206.jpg,ayala_malls_circuit,train,video:iwGKtyfNwVA
video/ayala_malls_circuit/iwGKtyfNwVA_01250.jpg,ayala_malls_circuit,train,video:iwGKtyfNwVA
video/ayala_malls_circuit/iwGKtyfNwVA_01294.jpg,ayala_malls_circuit,train,video:iwGKtyfNwVA
video/ayala_malls_circuit/iwGKtyfNwVA_01338.jpg,ayala_malls_circuit,train,video:iwGKtyfNwVA
video/ayala_malls_circuit/iwGKtyfNwVA_01382.jpg,ayala_malls_circuit,train,video:iwGKtyfNwVA
video/ayala_malls_circuit/iwGKtyfNwVA_01426.jpg,ayala_malls_circuit,train,video:iwGKtyfNwVA
video/ayala_malls_circuit/iwGKtyfNwVA_01470.jpg,ayala_malls_circuit,train,video:iwGKtyfNwVA
video/ayala_malls_circuit/iwGKtyfNwVA_01514.jpg,ayala_malls_circuit,train,video:iwGKtyfNwVA
video/ayala_malls_circuit/iwGKtyfNwVA_01558.jpg,ayala_malls_circuit,train,video:iwGKtyfNwVA
video/ayala_malls_circuit/iwGKtyfNwVA_01601.jpg,ayala_malls_circuit,train,video:iwGKtyfNwVA
video/ayala_malls_circuit/iwGKtyfNwVA_01645.jpg,ayala_malls_circuit,train,video:iwGKtyfNwVA
video/ayala_malls_circuit/iwGKtyfNwVA_01689.jpg,ayala_malls_circuit,train,video:iwGKtyfNwVA
video/ayala_malls_circuit/iwGKtyfNwVA_01733.jpg,ayala_malls_circuit,train,video:iwGKtyfNwVA
video/ayala_malls_circuit/iwGKtyfNwVA_01777.jpg,ayala_malls_circuit,train,video:iwGKtyfNwVA
video/ayala_malls_circuit/iwGKtyfNwVA_01821.jpg,ayala_malls_circuit,train,video:iwGKtyfNwVA
video/ayala_malls_circuit/iwGKtyfNwVA_01865.jpg,ayala_malls_circuit,train,video:iwGKtyfNwVA
video/ayala_malls_circuit/iwGKtyfNwVA_01909.jpg,ayala_malls_circuit,train,video:iwGKtyfNwVA
video/ayala_malls_circuit/iwGKtyfNwVA_01953.jpg,ayala_malls_circuit,train,video:iwGKtyfNwVA
video/ayala_malls_circuit/jNNLK0jZak0_00009.jpg,ayala_malls_circuit,train,video:jNNLK0jZak0
video/ayala_malls_circuit/jNNLK0jZak0_00028.jpg,ayala_malls_circuit,train,video:jNNLK0jZak0
video/ayala_malls_circuit/jNNLK0jZak0_00047.jpg,ayala_malls_circuit,train,video:jNNLK0jZak0
video/ayala_malls_circuit/jNNLK0jZak0_00066.jpg,ayala_malls_circuit,train,video:jNNLK0jZak0
video/ayala_malls_circuit/jNNLK0jZak0_00085.jpg,ayala_malls_circuit,train,video:jNNLK0jZak0
video/ayala_malls_circuit/jNNLK0jZak0_00104.jpg,ayala_malls_circuit,train,video:jNNLK0jZak0
video/ayala_malls_circuit/jNNLK0jZak0_00123.jpg,ayala_malls_circuit,train,video:jNNLK0jZak0
video/ayala_malls_circuit/jNNLK0jZak0_00142.jpg,ayala_malls_circuit,train,video:jNNLK0jZak0
video/ayala_malls_circuit/jNNLK0jZak0_00161.jpg,ayala_malls_circuit,train,video:jNNLK0jZak0
video/ayala_malls_circuit/jNNLK0jZak0_00180.jpg,ayala_malls_circuit,train,video:jNNLK0jZak0
video/ayala_malls_circuit/jNNLK0jZak0_00199.jpg,ayala_malls_circuit,train,video:jNNLK0jZak0
video/ayala_malls_circuit/jNNLK0jZak0_00219.jpg,ayala_malls_circuit,train,video:jNNLK0jZak0
video/ayala_malls_circuit/jNNLK0jZak0_00238.jpg,ayala_malls_circuit,train,video:jNNLK0jZak0
video/ayala_malls_circuit/jNNLK0jZak0_00257.jpg,ayala_malls_circuit,train,video:jNNLK0jZak0
video/ayala_malls_circuit/jNNLK0jZak0_00276.jpg,ayala_malls_circuit,train,video:jNNLK0jZak0
video/ayala_malls_circuit/jNNLK0jZak0_00295.jpg,ayala_malls_circuit,train,video:jNNLK0jZak0
video/ayala_malls_circuit/jNNLK0jZak0_00314.jpg,ayala_malls_circuit,train,video:jNNLK0jZak0
video/ayala_malls_circuit/jNNLK0jZak0_00333.jpg,ayala_malls_circuit,train,video:jNNLK0jZak0
video/ayala_malls_circuit/jNNLK0jZak0_00352.jpg,ayala_malls_circuit,train,video:jNNLK0jZak0
video/ayala_malls_circuit/jNNLK0jZak0_00371.jpg,ayala_malls_circuit,train,video:jNNLK0jZak0
video/ayala_malls_circuit/jNNLK0jZak0_00390.jpg,ayala_malls_circuit,train,video:jNNLK0jZak0
video/ayala_malls_circuit/jNNLK0jZak0_00409.jpg,ayala_malls_circuit,train,video:jNNLK0jZak0
video/ayala_malls_circuit/jNNLK0jZak0_00428.jpg,ayala_malls_circuit,train,video:jNNLK0jZak0
video/ayala_malls_circuit/jNNLK0jZak0_00447.jpg,ayala_malls_circuit,train,video:jNNLK0jZak0
video/ayala_malls_circuit/jNNLK0jZak0_00466.jpg,ayala_malls_circuit,train,video:jNNLK0jZak0
video/ayala_malls_circuit/jNNLK0jZak0_00485.jpg,ayala_malls_circuit,train,video:jNNLK0jZak0
video/ayala_malls_circuit/jNNLK0jZak0_00504.jpg,ayala_malls_circuit,train,video:jNNLK0jZak0
video/ayala_malls_circuit/jNNLK0jZak0_00523.jpg,ayala_malls_circuit,train,video:jNNLK0jZak0
video/ayala_malls_circuit/jNNLK0jZak0_00542.jpg,ayala_malls_circuit,train,video:jNNLK0jZak0
video/ayala_malls_circuit/jNNLK0jZak0_00561.jpg,ayala_malls_circuit,train,video:jNNLK0jZak0
video/ayala_malls_circuit/jNNLK0jZak0_00580.jpg,ayala_malls_circuit,train,video:jNNLK0jZak0
video/ayala_malls_circuit/jNNLK0jZak0_00599.jpg,ayala_malls_circuit,train,video:jNNLK0jZak0
video/ayala_malls_circuit/jNNLK0jZak0_00618.jpg,ayala_malls_circuit,train,video:jNNLK0jZak0
video/ayala_malls_circuit/jNNLK0jZak0_00657.jpg,ayala_malls_circuit,train,video:jNNLK0jZak0
video/ayala_malls_circuit/jNNLK0jZak0_00676.jpg,ayala_malls_circuit,train,video:jNNLK0jZak0
video/ayala_malls_circuit/jNNLK0jZak0_00714.jpg,ayala_malls_circuit,train,video:jNNLK0jZak0
video/ayala_malls_circuit/jNNLK0jZak0_00733.jpg,ayala_malls_circuit,train,video:jNNLK0jZak0
video/ayala_malls_circuit/jNNLK0jZak0_00752.jpg,ayala_malls_circuit,train,video:jNNLK0jZak0
video/ayala_malls_circuit/jNNLK0jZak0_00771.jpg,ayala_malls_circuit,train,video:jNNLK0jZak0
video/ayala_malls_circuit/jNNLK0jZak0_00790.jpg,ayala_malls_circuit,train,video:jNNLK0jZak0
video/ayala_malls_circuit/jNNLK0jZak0_00809.jpg,ayala_malls_circuit,train,video:jNNLK0jZak0
video/ayala_malls_circuit/jNNLK0jZak0_00828.jpg,ayala_malls_circuit,train,video:jNNLK0jZak0
video/ayala_malls_circuit/jNNLK0jZak0_00847.jpg,ayala_malls_circuit,train,video:jNNLK0jZak0
video/ayala_malls_circuit/kT7Raeau15I_00011.jpg,ayala_malls_circuit,train,video:kT7Raeau15I
video/ayala_malls_circuit/kT7Raeau15I_00034.jpg,ayala_malls_circuit,train,video:kT7Raeau15I
video/ayala_malls_circuit/kT7Raeau15I_00056.jpg,ayala_malls_circuit,train,video:kT7Raeau15I
video/ayala_malls_circuit/kT7Raeau15I_00079.jpg,ayala_malls_circuit,train,video:kT7Raeau15I
video/ayala_malls_circuit/kT7Raeau15I_00102.jpg,ayala_malls_circuit,train,video:kT7Raeau15I
video/ayala_malls_circuit/kT7Raeau15I_00125.jpg,ayala_malls_circuit,train,video:kT7Raeau15I
video/ayala_malls_circuit/kT7Raeau15I_00148.jpg,ayala_malls_circuit,train,video:kT7Raeau15I
video/ayala_malls_circuit/kT7Raeau15I_00170.jpg,ayala_malls_circuit,train,video:kT7Raeau15I
video/ayala_malls_circuit/kT7Raeau15I_00193.jpg,ayala_malls_circuit,train,video:kT7Raeau15I
video/ayala_malls_circuit/kT7Raeau15I_00239.jpg,ayala_malls_circuit,train,video:kT7Raeau15I
video/ayala_malls_circuit/kT7Raeau15I_00261.jpg,ayala_malls_circuit,train,video:kT7Raeau15I
video/ayala_malls_circuit/kT7Raeau15I_00284.jpg,ayala_malls_circuit,train,video:kT7Raeau15I
video/ayala_malls_circuit/kT7Raeau15I_00307.jpg,ayala_malls_circuit,train,video:kT7Raeau15I
video/ayala_malls_circuit/kT7Raeau15I_00330.jpg,ayala_malls_circuit,train,video:kT7Raeau15I
video/ayala_malls_circuit/kT7Raeau15I_00353.jpg,ayala_malls_circuit,train,video:kT7Raeau15I
video/ayala_malls_circuit/kT7Raeau15I_00375.jpg,ayala_malls_circuit,train,video:kT7Raeau15I
video/ayala_malls_circuit/kT7Raeau15I_00398.jpg,ayala_malls_circuit,train,video:kT7Raeau15I
video/ayala_malls_circuit/kT7Raeau15I_00421.jpg,ayala_malls_circuit,train,video:kT7Raeau15I
video/ayala_malls_circuit/kT7Raeau15I_00444.jpg,ayala_malls_circuit,train,video:kT7Raeau15I
video/ayala_malls_circuit/kT7Raeau15I_00466.jpg,ayala_malls_circuit,train,video:kT7Raeau15I
video/ayala_malls_circuit/kT7Raeau15I_00489.jpg,ayala_malls_circuit,train,video:kT7Raeau15I
video/ayala_malls_circuit/kT7Raeau15I_00512.jpg,ayala_malls_circuit,train,video:kT7Raeau15I
video/ayala_malls_circuit/kT7Raeau15I_00535.jpg,ayala_malls_circuit,train,video:kT7Raeau15I
video/ayala_malls_circuit/kT7Raeau15I_00558.jpg,ayala_malls_circuit,train,video:kT7Raeau15I
video/ayala_malls_circuit/kT7Raeau15I_00580.jpg,ayala_malls_circuit,train,video:kT7Raeau15I
video/ayala_malls_circuit/kT7Raeau15I_00603.jpg,ayala_malls_circuit,train,video:kT7Raeau15I
video/ayala_malls_circuit/kT7Raeau15I_00626.jpg,ayala_malls_circuit,train,video:kT7Raeau15I
video/ayala_malls_circuit/kT7Raeau15I_00649.jpg,ayala_malls_circuit,train,video:kT7Raeau15I
video/ayala_malls_circuit/kT7Raeau15I_00671.jpg,ayala_malls_circuit,train,video:kT7Raeau15I
video/ayala_malls_circuit/kT7Raeau15I_00694.jpg,ayala_malls_circuit,train,video:kT7Raeau15I
video/ayala_malls_circuit/kT7Raeau15I_00717.jpg,ayala_malls_circuit,train,video:kT7Raeau15I
video/ayala_malls_circuit/kT7Raeau15I_00740.jpg,ayala_malls_circuit,train,video:kT7Raeau15I
video/ayala_malls_circuit/kT7Raeau15I_00808.jpg,ayala_malls_circuit,train,video:kT7Raeau15I
video/ayala_malls_circuit/kT7Raeau15I_00831.jpg,ayala_malls_circuit,train,video:kT7Raeau15I
video/ayala_malls_circuit/kT7Raeau15I_00854.jpg,ayala_malls_circuit,train,video:kT7Raeau15I
video/ayala_malls_circuit/kT7Raeau15I_00876.jpg,ayala_malls_circuit,train,video:kT7Raeau15I
video/ayala_malls_circuit/kT7Raeau15I_00899.jpg,ayala_malls_circuit,train,video:kT7Raeau15I
video/ayala_malls_circuit/kT7Raeau15I_00922.jpg,ayala_malls_circuit,train,video:kT7Raeau15I
video/ayala_malls_circuit/kT7Raeau15I_00945.jpg,ayala_malls_circuit,train,video:kT7Raeau15I
video/ayala_malls_circuit/kT7Raeau15I_00968.jpg,ayala_malls_circuit,train,video:kT7Raeau15I
video/ayala_malls_circuit/ra01gDCbaic_00005.jpg,ayala_malls_circuit,test,video:ra01gDCbaic
video/ayala_malls_circuit/ra01gDCbaic_00017.jpg,ayala_malls_circuit,test,video:ra01gDCbaic
video/ayala_malls_circuit/ra01gDCbaic_00028.jpg,ayala_malls_circuit,test,video:ra01gDCbaic
video/ayala_malls_circuit/ra01gDCbaic_00040.jpg,ayala_malls_circuit,test,video:ra01gDCbaic
video/ayala_malls_circuit/ra01gDCbaic_00051.jpg,ayala_malls_circuit,test,video:ra01gDCbaic
video/ayala_malls_circuit/ra01gDCbaic_00063.jpg,ayala_malls_circuit,test,video:ra01gDCbaic
video/ayala_malls_circuit/ra01gDCbaic_00074.jpg,ayala_malls_circuit,test,video:ra01gDCbaic
video/ayala_malls_circuit/ra01gDCbaic_00086.jpg,ayala_malls_circuit,test,video:ra01gDCbaic
video/ayala_malls_circuit/ra01gDCbaic_00097.jpg,ayala_malls_circuit,test,video:ra01gDCbaic
video/ayala_malls_circuit/ra01gDCbaic_00109.jpg,ayala_malls_circuit,test,video:ra01gDCbaic
video/ayala_malls_circuit/ra01gDCbaic_00120.jpg,ayala_malls_circuit,test,video:ra01gDCbaic
video/ayala_malls_circuit/ra01gDCbaic_00132.jpg,ayala_malls_circuit,test,video:ra01gDCbaic
video/ayala_malls_circuit/ra01gDCbaic_00143.jpg,ayala_malls_circuit,test,video:ra01gDCbaic
video/ayala_malls_circuit/ra01gDCbaic_00155.jpg,ayala_malls_circuit,test,video:ra01gDCbaic
video/ayala_malls_circuit/ra01gDCbaic_00166.jpg,ayala_malls_circuit,test,video:ra01gDCbaic
video/ayala_malls_circuit/ra01gDCbaic_00178.jpg,ayala_malls_circuit,test,video:ra01gDCbaic
video/ayala_malls_circuit/ra01gDCbaic_00189.jpg,ayala_malls_circuit,test,video:ra01gDCbaic
video/ayala_malls_circuit/ra01gDCbaic_00201.jpg,ayala_malls_circuit,test,video:ra01gDCbaic
video/ayala_malls_circuit/ra01gDCbaic_00212.jpg,ayala_malls_circuit,test,video:ra01gDCbaic
video/ayala_malls_circuit/ra01gDCbaic_00224.jpg,ayala_malls_circuit,test,video:ra01gDCbaic
video/ayala_malls_circuit/ra01gDCbaic_00235.jpg,ayala_malls_circuit,test,video:ra01gDCbaic
video/ayala_malls_circuit/ra01gDCbaic_00247.jpg,ayala_malls_circuit,test,video:ra01gDCbaic
video/ayala_malls_circuit/ra01gDCbaic_00258.jpg,ayala_malls_circuit,test,video:ra01gDCbaic
video/ayala_malls_circuit/ra01gDCbaic_00269.jpg,ayala_malls_circuit,test,video:ra01gDCbaic
video/ayala_malls_circuit/ra01gDCbaic_00281.jpg,ayala_malls_circuit,test,video:ra01gDCbaic
video/ayala_malls_circuit/ra01gDCbaic_00292.jpg,ayala_malls_circuit,test,video:ra01gDCbaic
video/ayala_malls_circuit/ra01gDCbaic_00304.jpg,ayala_malls_circuit,test,video:ra01gDCbaic
video/ayala_malls_circuit/ra01gDCbaic_00315.jpg,ayala_malls_circuit,test,video:ra01gDCbaic
video/ayala_malls_circuit/ra01gDCbaic_00327.jpg,ayala_malls_circuit,test,video:ra01gDCbaic
video/ayala_malls_circuit/ra01gDCbaic_00338.jpg,ayala_malls_circuit,test,video:ra01gDCbaic
video/ayala_malls_circuit/ra01gDCbaic_00350.jpg,ayala_malls_circuit,test,video:ra01gDCbaic
video/ayala_malls_circuit/ra01gDCbaic_00361.jpg,ayala_malls_circuit,test,video:ra01gDCbaic
video/ayala_malls_circuit/ra01gDCbaic_00384.jpg,ayala_malls_circuit,test,video:ra01gDCbaic
video/ayala_malls_circuit/ra01gDCbaic_00396.jpg,ayala_malls_circuit,test,video:ra01gDCbaic
video/ayala_malls_circuit/ra01gDCbaic_00407.jpg,ayala_malls_circuit,test,video:ra01gDCbaic
video/ayala_malls_circuit/ra01gDCbaic_00419.jpg,ayala_malls_circuit,test,video:ra01gDCbaic
video/ayala_malls_circuit/ra01gDCbaic_00430.jpg,ayala_malls_circuit,test,video:ra01gDCbaic
video/ayala_malls_circuit/ra01gDCbaic_00442.jpg,ayala_malls_circuit,test,video:ra01gDCbaic
video/ayala_malls_circuit/ra01gDCbaic_00453.jpg,ayala_malls_circuit,test,video:ra01gDCbaic
video/ayala_malls_circuit/ra01gDCbaic_00465.jpg,ayala_malls_circuit,test,video:ra01gDCbaic
video/ayala_malls_circuit/ra01gDCbaic_00476.jpg,ayala_malls_circuit,test,video:ra01gDCbaic
video/ayala_malls_circuit/ra01gDCbaic_00488.jpg,ayala_malls_circuit,test,video:ra01gDCbaic
video/ayala_museum/4L66NS87bEM_00026.jpg,ayala_museum,test,video:4L66NS87bEM
video/ayala_museum/4L66NS87bEM_00080.jpg,ayala_museum,test,video:4L66NS87bEM
video/ayala_museum/4L66NS87bEM_00134.jpg,ayala_museum,test,video:4L66NS87bEM
video/ayala_museum/4L66NS87bEM_00187.jpg,ayala_museum,test,video:4L66NS87bEM
video/ayala_museum/4L66NS87bEM_00241.jpg,ayala_museum,test,video:4L66NS87bEM
video/ayala_museum/4L66NS87bEM_00295.jpg,ayala_museum,test,video:4L66NS87bEM
video/ayala_museum/4L66NS87bEM_00348.jpg,ayala_museum,test,video:4L66NS87bEM
video/ayala_museum/4L66NS87bEM_00402.jpg,ayala_museum,test,video:4L66NS87bEM
video/ayala_museum/4L66NS87bEM_00456.jpg,ayala_museum,test,video:4L66NS87bEM
video/ayala_museum/4L66NS87bEM_00509.jpg,ayala_museum,test,video:4L66NS87bEM
video/ayala_museum/4L66NS87bEM_00563.jpg,ayala_museum,test,video:4L66NS87bEM
video/ayala_museum/4L66NS87bEM_00617.jpg,ayala_museum,test,video:4L66NS87bEM
video/ayala_museum/4L66NS87bEM_00670.jpg,ayala_museum,test,video:4L66NS87bEM
video/ayala_museum/4L66NS87bEM_00724.jpg,ayala_museum,test,video:4L66NS87bEM
video/ayala_museum/4L66NS87bEM_00778.jpg,ayala_museum,test,video:4L66NS87bEM
video/ayala_museum/4L66NS87bEM_00831.jpg,ayala_museum,test,video:4L66NS87bEM
video/ayala_museum/4L66NS87bEM_00885.jpg,ayala_museum,test,video:4L66NS87bEM
video/ayala_museum/4L66NS87bEM_00938.jpg,ayala_museum,test,video:4L66NS87bEM
video/ayala_museum/4L66NS87bEM_00992.jpg,ayala_museum,test,video:4L66NS87bEM
video/ayala_museum/4L66NS87bEM_01046.jpg,ayala_museum,test,video:4L66NS87bEM
video/ayala_museum/4L66NS87bEM_01099.jpg,ayala_museum,test,video:4L66NS87bEM
video/ayala_museum/4L66NS87bEM_01153.jpg,ayala_museum,test,video:4L66NS87bEM
video/ayala_museum/4L66NS87bEM_01207.jpg,ayala_museum,test,video:4L66NS87bEM
video/ayala_museum/4L66NS87bEM_01260.jpg,ayala_museum,test,video:4L66NS87bEM
video/ayala_museum/4L66NS87bEM_01368.jpg,ayala_museum,test,video:4L66NS87bEM
video/ayala_museum/4L66NS87bEM_01421.jpg,ayala_museum,test,video:4L66NS87bEM
video/ayala_museum/4L66NS87bEM_01475.jpg,ayala_museum,test,video:4L66NS87bEM
video/ayala_museum/4L66NS87bEM_01529.jpg,ayala_museum,test,video:4L66NS87bEM
video/ayala_museum/4L66NS87bEM_01582.jpg,ayala_museum,test,video:4L66NS87bEM
video/ayala_museum/4L66NS87bEM_01636.jpg,ayala_museum,test,video:4L66NS87bEM
video/ayala_museum/4L66NS87bEM_01690.jpg,ayala_museum,test,video:4L66NS87bEM
video/ayala_museum/4L66NS87bEM_01743.jpg,ayala_museum,test,video:4L66NS87bEM
video/ayala_museum/4L66NS87bEM_01851.jpg,ayala_museum,test,video:4L66NS87bEM
video/ayala_museum/CSPJ17jg0p4_00015.jpg,ayala_museum,val,video:CSPJ17jg0p4
video/ayala_museum/CSPJ17jg0p4_00076.jpg,ayala_museum,val,video:CSPJ17jg0p4
video/ayala_museum/CSPJ17jg0p4_00106.jpg,ayala_museum,val,video:CSPJ17jg0p4
video/ayala_museum/CSPJ17jg0p4_00136.jpg,ayala_museum,val,video:CSPJ17jg0p4
video/ayala_museum/CSPJ17jg0p4_00167.jpg,ayala_museum,val,video:CSPJ17jg0p4
video/ayala_museum/CSPJ17jg0p4_00197.jpg,ayala_museum,val,video:CSPJ17jg0p4
video/ayala_museum/CSPJ17jg0p4_00228.jpg,ayala_museum,val,video:CSPJ17jg0p4
video/ayala_museum/CSPJ17jg0p4_00289.jpg,ayala_museum,val,video:CSPJ17jg0p4
video/ayala_museum/CSPJ17jg0p4_00319.jpg,ayala_museum,val,video:CSPJ17jg0p4
video/ayala_museum/CSPJ17jg0p4_00349.jpg,ayala_museum,val,video:CSPJ17jg0p4
video/ayala_museum/CSPJ17jg0p4_00380.jpg,ayala_museum,val,video:CSPJ17jg0p4
video/ayala_museum/CSPJ17jg0p4_00410.jpg,ayala_museum,val,video:CSPJ17jg0p4
video/ayala_museum/CSPJ17jg0p4_00441.jpg,ayala_museum,val,video:CSPJ17jg0p4
video/ayala_museum/CSPJ17jg0p4_00471.jpg,ayala_museum,val,video:CSPJ17jg0p4
video/ayala_museum/CSPJ17jg0p4_00532.jpg,ayala_museum,val,video:CSPJ17jg0p4
video/ayala_museum/CSPJ17jg0p4_00562.jpg,ayala_museum,val,video:CSPJ17jg0p4
video/ayala_museum/CSPJ17jg0p4_00593.jpg,ayala_museum,val,video:CSPJ17jg0p4
video/ayala_museum/CSPJ17jg0p4_00623.jpg,ayala_museum,val,video:CSPJ17jg0p4
video/ayala_museum/CSPJ17jg0p4_00654.jpg,ayala_museum,val,video:CSPJ17jg0p4
video/ayala_museum/CSPJ17jg0p4_00684.jpg,ayala_museum,val,video:CSPJ17jg0p4
video/ayala_museum/CSPJ17jg0p4_00715.jpg,ayala_museum,val,video:CSPJ17jg0p4
video/ayala_museum/CSPJ17jg0p4_00745.jpg,ayala_museum,val,video:CSPJ17jg0p4
video/ayala_museum/CSPJ17jg0p4_00775.jpg,ayala_museum,val,video:CSPJ17jg0p4
video/ayala_museum/CSPJ17jg0p4_00806.jpg,ayala_museum,val,video:CSPJ17jg0p4
video/ayala_museum/CSPJ17jg0p4_00836.jpg,ayala_museum,val,video:CSPJ17jg0p4
video/ayala_museum/CSPJ17jg0p4_00867.jpg,ayala_museum,val,video:CSPJ17jg0p4
video/ayala_museum/CSPJ17jg0p4_00897.jpg,ayala_museum,val,video:CSPJ17jg0p4
video/ayala_museum/CSPJ17jg0p4_00928.jpg,ayala_museum,val,video:CSPJ17jg0p4
video/ayala_museum/CSPJ17jg0p4_00958.jpg,ayala_museum,val,video:CSPJ17jg0p4
video/ayala_museum/CSPJ17jg0p4_00988.jpg,ayala_museum,val,video:CSPJ17jg0p4
video/ayala_museum/CSPJ17jg0p4_01019.jpg,ayala_museum,val,video:CSPJ17jg0p4
video/ayala_museum/N1QwW7Ye-ac_00014.jpg,ayala_museum,train,video:N1QwW7Ye-ac
video/ayala_museum/N1QwW7Ye-ac_00044.jpg,ayala_museum,train,video:N1QwW7Ye-ac
video/ayala_museum/N1QwW7Ye-ac_00073.jpg,ayala_museum,train,video:N1QwW7Ye-ac
video/ayala_museum/N1QwW7Ye-ac_00103.jpg,ayala_museum,train,video:N1QwW7Ye-ac
video/ayala_museum/N1QwW7Ye-ac_00132.jpg,ayala_museum,train,video:N1QwW7Ye-ac
video/ayala_museum/N1QwW7Ye-ac_00161.jpg,ayala_museum,train,video:N1QwW7Ye-ac
video/ayala_museum/N1QwW7Ye-ac_00191.jpg,ayala_museum,train,video:N1QwW7Ye-ac
video/ayala_museum/N1QwW7Ye-ac_00220.jpg,ayala_museum,train,video:N1QwW7Ye-ac
video/ayala_museum/N1QwW7Ye-ac_00250.jpg,ayala_museum,train,video:N1QwW7Ye-ac
video/ayala_museum/N1QwW7Ye-ac_00279.jpg,ayala_museum,train,video:N1QwW7Ye-ac
video/ayala_museum/N1QwW7Ye-ac_00308.jpg,ayala_museum,train,video:N1QwW7Ye-ac
video/ayala_museum/N1QwW7Ye-ac_00338.jpg,ayala_museum,train,video:N1QwW7Ye-ac
video/ayala_museum/N1QwW7Ye-ac_00367.jpg,ayala_museum,train,video:N1QwW7Ye-ac
video/ayala_museum/N1QwW7Ye-ac_00397.jpg,ayala_museum,train,video:N1QwW7Ye-ac
video/ayala_museum/N1QwW7Ye-ac_00426.jpg,ayala_museum,train,video:N1QwW7Ye-ac
video/ayala_museum/N1QwW7Ye-ac_00456.jpg,ayala_museum,train,video:N1QwW7Ye-ac
video/ayala_museum/N1QwW7Ye-ac_00485.jpg,ayala_museum,train,video:N1QwW7Ye-ac
video/ayala_museum/N1QwW7Ye-ac_00515.jpg,ayala_museum,train,video:N1QwW7Ye-ac
video/ayala_museum/N1QwW7Ye-ac_00544.jpg,ayala_museum,train,video:N1QwW7Ye-ac
video/ayala_museum/N1QwW7Ye-ac_00573.jpg,ayala_museum,train,video:N1QwW7Ye-ac
video/ayala_museum/N1QwW7Ye-ac_00603.jpg,ayala_museum,train,video:N1QwW7Ye-ac
video/ayala_museum/N1QwW7Ye-ac_00632.jpg,ayala_museum,train,video:N1QwW7Ye-ac
video/ayala_museum/N1QwW7Ye-ac_00662.jpg,ayala_museum,train,video:N1QwW7Ye-ac
video/ayala_museum/N1QwW7Ye-ac_00691.jpg,ayala_museum,train,video:N1QwW7Ye-ac
video/ayala_museum/N1QwW7Ye-ac_00721.jpg,ayala_museum,train,video:N1QwW7Ye-ac
video/ayala_museum/N1QwW7Ye-ac_00750.jpg,ayala_museum,train,video:N1QwW7Ye-ac
video/ayala_museum/N1QwW7Ye-ac_00779.jpg,ayala_museum,train,video:N1QwW7Ye-ac
video/ayala_museum/N1QwW7Ye-ac_00809.jpg,ayala_museum,train,video:N1QwW7Ye-ac
video/ayala_museum/N1QwW7Ye-ac_00838.jpg,ayala_museum,train,video:N1QwW7Ye-ac
video/ayala_museum/N1QwW7Ye-ac_00868.jpg,ayala_museum,train,video:N1QwW7Ye-ac
video/ayala_museum/N1QwW7Ye-ac_00897.jpg,ayala_museum,train,video:N1QwW7Ye-ac
video/ayala_museum/N1QwW7Ye-ac_00927.jpg,ayala_museum,train,video:N1QwW7Ye-ac
video/ayala_museum/N1QwW7Ye-ac_00956.jpg,ayala_museum,train,video:N1QwW7Ye-ac
video/ayala_museum/N1QwW7Ye-ac_00985.jpg,ayala_museum,train,video:N1QwW7Ye-ac
video/ayala_museum/N1QwW7Ye-ac_01015.jpg,ayala_museum,train,video:N1QwW7Ye-ac
video/ayala_museum/Q_-wvRqMQ0s_00001.jpg,ayala_museum,train,video:Q_-wvRqMQ0s
video/ayala_museum/Q_-wvRqMQ0s_00005.jpg,ayala_museum,train,video:Q_-wvRqMQ0s
video/ayala_museum/Q_-wvRqMQ0s_00009.jpg,ayala_museum,train,video:Q_-wvRqMQ0s
video/ayala_museum/Q_-wvRqMQ0s_00013.jpg,ayala_museum,train,video:Q_-wvRqMQ0s
video/ayala_museum/Q_-wvRqMQ0s_00017.jpg,ayala_museum,train,video:Q_-wvRqMQ0s
video/ayala_museum/Q_-wvRqMQ0s_00021.jpg,ayala_museum,train,video:Q_-wvRqMQ0s
video/ayala_museum/Q_-wvRqMQ0s_00025.jpg,ayala_museum,train,video:Q_-wvRqMQ0s
video/ayala_museum/Q_-wvRqMQ0s_00029.jpg,ayala_museum,train,video:Q_-wvRqMQ0s
video/ayala_museum/Q_-wvRqMQ0s_00033.jpg,ayala_museum,train,video:Q_-wvRqMQ0s
video/ayala_museum/Q_-wvRqMQ0s_00037.jpg,ayala_museum,train,video:Q_-wvRqMQ0s
video/ayala_museum/Q_-wvRqMQ0s_00041.jpg,ayala_museum,train,video:Q_-wvRqMQ0s
video/ayala_museum/Q_-wvRqMQ0s_00045.jpg,ayala_museum,train,video:Q_-wvRqMQ0s
video/ayala_museum/Q_-wvRqMQ0s_00049.jpg,ayala_museum,train,video:Q_-wvRqMQ0s
video/ayala_museum/Q_-wvRqMQ0s_00053.jpg,ayala_museum,train,video:Q_-wvRqMQ0s
video/ayala_museum/Q_-wvRqMQ0s_00057.jpg,ayala_museum,train,video:Q_-wvRqMQ0s
video/ayala_museum/Q_-wvRqMQ0s_00061.jpg,ayala_museum,train,video:Q_-wvRqMQ0s
video/ayala_museum/Q_-wvRqMQ0s_00065.jpg,ayala_museum,train,video:Q_-wvRqMQ0s
video/ayala_museum/Q_-wvRqMQ0s_00069.jpg,ayala_museum,train,video:Q_-wvRqMQ0s
video/ayala_museum/Q_-wvRqMQ0s_00072.jpg,ayala_museum,train,video:Q_-wvRqMQ0s
video/ayala_museum/Q_-wvRqMQ0s_00080.jpg,ayala_museum,train,video:Q_-wvRqMQ0s
video/ayala_museum/Q_-wvRqMQ0s_00084.jpg,ayala_museum,train,video:Q_-wvRqMQ0s
video/ayala_museum/Q_-wvRqMQ0s_00088.jpg,ayala_museum,train,video:Q_-wvRqMQ0s
video/ayala_museum/Q_-wvRqMQ0s_00092.jpg,ayala_museum,train,video:Q_-wvRqMQ0s
video/ayala_museum/Q_-wvRqMQ0s_00096.jpg,ayala_museum,train,video:Q_-wvRqMQ0s
video/ayala_museum/Q_-wvRqMQ0s_00100.jpg,ayala_museum,train,video:Q_-wvRqMQ0s
video/ayala_museum/Q_-wvRqMQ0s_00104.jpg,ayala_museum,train,video:Q_-wvRqMQ0s
video/ayala_museum/Q_-wvRqMQ0s_00108.jpg,ayala_museum,train,video:Q_-wvRqMQ0s
video/ayala_museum/Q_-wvRqMQ0s_00112.jpg,ayala_museum,train,video:Q_-wvRqMQ0s
video/ayala_museum/Q_-wvRqMQ0s_00120.jpg,ayala_museum,train,video:Q_-wvRqMQ0s
video/ayala_museum/Q_-wvRqMQ0s_00124.jpg,ayala_museum,train,video:Q_-wvRqMQ0s
video/ayala_museum/Q_-wvRqMQ0s_00128.jpg,ayala_museum,train,video:Q_-wvRqMQ0s
video/ayala_museum/duFxzCdYMzA_00007.jpg,ayala_museum,val,video:duFxzCdYMzA
video/ayala_museum/duFxzCdYMzA_00013.jpg,ayala_museum,val,video:duFxzCdYMzA
video/ayala_museum/duFxzCdYMzA_00025.jpg,ayala_museum,val,video:duFxzCdYMzA
video/ayala_museum/duFxzCdYMzA_00034.jpg,ayala_museum,val,video:duFxzCdYMzA
video/ayala_museum/duFxzCdYMzA_00055.jpg,ayala_museum,val,video:duFxzCdYMzA
video/ayala_museum/duFxzCdYMzA_00064.jpg,ayala_museum,val,video:duFxzCdYMzA
video/ayala_museum/duFxzCdYMzA_00073.jpg,ayala_museum,val,video:duFxzCdYMzA
video/ayala_museum/duFxzCdYMzA_00082.jpg,ayala_museum,val,video:duFxzCdYMzA
video/ayala_museum/duFxzCdYMzA_00091.jpg,ayala_museum,val,video:duFxzCdYMzA
video/ayala_museum/duFxzCdYMzA_00094.jpg,ayala_museum,val,video:duFxzCdYMzA
video/ayala_museum/duFxzCdYMzA_00097.jpg,ayala_museum,val,video:duFxzCdYMzA
video/ayala_museum/duFxzCdYMzA_00100.jpg,ayala_museum,val,video:duFxzCdYMzA
video/ayala_museum/lyGrKbhxJoU_00043.jpg,ayala_museum,train,video:lyGrKbhxJoU
video/ayala_museum/lyGrKbhxJoU_00131.jpg,ayala_museum,train,video:lyGrKbhxJoU
video/ayala_museum/lyGrKbhxJoU_00218.jpg,ayala_museum,train,video:lyGrKbhxJoU
video/ayala_museum/lyGrKbhxJoU_00305.jpg,ayala_museum,train,video:lyGrKbhxJoU
video/ayala_museum/lyGrKbhxJoU_00393.jpg,ayala_museum,train,video:lyGrKbhxJoU
video/ayala_museum/lyGrKbhxJoU_00480.jpg,ayala_museum,train,video:lyGrKbhxJoU
video/ayala_museum/lyGrKbhxJoU_00567.jpg,ayala_museum,train,video:lyGrKbhxJoU
video/ayala_museum/lyGrKbhxJoU_00655.jpg,ayala_museum,train,video:lyGrKbhxJoU
video/ayala_museum/lyGrKbhxJoU_00742.jpg,ayala_museum,train,video:lyGrKbhxJoU
video/ayala_museum/lyGrKbhxJoU_00830.jpg,ayala_museum,train,video:lyGrKbhxJoU
video/ayala_museum/lyGrKbhxJoU_00917.jpg,ayala_museum,train,video:lyGrKbhxJoU
video/ayala_museum/lyGrKbhxJoU_01004.jpg,ayala_museum,train,video:lyGrKbhxJoU
video/ayala_museum/lyGrKbhxJoU_01179.jpg,ayala_museum,train,video:lyGrKbhxJoU
video/ayala_museum/lyGrKbhxJoU_01266.jpg,ayala_museum,train,video:lyGrKbhxJoU
video/ayala_museum/lyGrKbhxJoU_01354.jpg,ayala_museum,train,video:lyGrKbhxJoU
video/ayala_museum/lyGrKbhxJoU_01441.jpg,ayala_museum,train,video:lyGrKbhxJoU
video/ayala_museum/lyGrKbhxJoU_01529.jpg,ayala_museum,train,video:lyGrKbhxJoU
video/ayala_museum/lyGrKbhxJoU_01616.jpg,ayala_museum,train,video:lyGrKbhxJoU
video/ayala_museum/lyGrKbhxJoU_01703.jpg,ayala_museum,train,video:lyGrKbhxJoU
video/ayala_museum/lyGrKbhxJoU_01791.jpg,ayala_museum,train,video:lyGrKbhxJoU
video/ayala_museum/lyGrKbhxJoU_01878.jpg,ayala_museum,train,video:lyGrKbhxJoU
video/ayala_museum/lyGrKbhxJoU_01965.jpg,ayala_museum,train,video:lyGrKbhxJoU
video/ayala_museum/lyGrKbhxJoU_02053.jpg,ayala_museum,train,video:lyGrKbhxJoU
video/ayala_museum/lyGrKbhxJoU_02140.jpg,ayala_museum,train,video:lyGrKbhxJoU
video/ayala_museum/lyGrKbhxJoU_02227.jpg,ayala_museum,train,video:lyGrKbhxJoU
video/ayala_museum/lyGrKbhxJoU_02315.jpg,ayala_museum,train,video:lyGrKbhxJoU
video/ayala_museum/lyGrKbhxJoU_02402.jpg,ayala_museum,train,video:lyGrKbhxJoU
video/ayala_museum/lyGrKbhxJoU_02490.jpg,ayala_museum,train,video:lyGrKbhxJoU
video/ayala_museum/lyGrKbhxJoU_02577.jpg,ayala_museum,train,video:lyGrKbhxJoU
video/ayala_museum/lyGrKbhxJoU_02664.jpg,ayala_museum,train,video:lyGrKbhxJoU
video/ayala_museum/lyGrKbhxJoU_02752.jpg,ayala_museum,train,video:lyGrKbhxJoU
video/ayala_museum/lyGrKbhxJoU_02839.jpg,ayala_museum,train,video:lyGrKbhxJoU
video/ayala_museum/lyGrKbhxJoU_02926.jpg,ayala_museum,train,video:lyGrKbhxJoU
video/ayala_museum/lyGrKbhxJoU_03014.jpg,ayala_museum,train,video:lyGrKbhxJoU
video/ayala_museum/sYz8-pvYQh0_00027.jpg,ayala_museum,train,video:sYz8-pvYQh0
video/ayala_museum/sYz8-pvYQh0_00046.jpg,ayala_museum,train,video:sYz8-pvYQh0
video/ayala_museum/sYz8-pvYQh0_00065.jpg,ayala_museum,train,video:sYz8-pvYQh0
video/ayala_museum/sYz8-pvYQh0_00083.jpg,ayala_museum,train,video:sYz8-pvYQh0
video/ayala_museum/sYz8-pvYQh0_00102.jpg,ayala_museum,train,video:sYz8-pvYQh0
video/ayala_museum/sYz8-pvYQh0_00121.jpg,ayala_museum,train,video:sYz8-pvYQh0
video/ayala_museum/sYz8-pvYQh0_00139.jpg,ayala_museum,train,video:sYz8-pvYQh0
video/ayala_museum/sYz8-pvYQh0_00158.jpg,ayala_museum,train,video:sYz8-pvYQh0
video/ayala_museum/sYz8-pvYQh0_00177.jpg,ayala_museum,train,video:sYz8-pvYQh0
video/ayala_museum/sYz8-pvYQh0_00195.jpg,ayala_museum,train,video:sYz8-pvYQh0
video/ayala_museum/sYz8-pvYQh0_00214.jpg,ayala_museum,train,video:sYz8-pvYQh0
video/ayala_museum/sYz8-pvYQh0_00233.jpg,ayala_museum,train,video:sYz8-pvYQh0
video/ayala_museum/sYz8-pvYQh0_00251.jpg,ayala_museum,train,video:sYz8-pvYQh0
video/ayala_museum/sYz8-pvYQh0_00270.jpg,ayala_museum,train,video:sYz8-pvYQh0
video/ayala_museum/sYz8-pvYQh0_00289.jpg,ayala_museum,train,video:sYz8-pvYQh0
video/ayala_museum/sYz8-pvYQh0_00307.jpg,ayala_museum,train,video:sYz8-pvYQh0
video/ayala_museum/sYz8-pvYQh0_00326.jpg,ayala_museum,train,video:sYz8-pvYQh0
video/ayala_museum/sYz8-pvYQh0_00345.jpg,ayala_museum,train,video:sYz8-pvYQh0
video/ayala_museum/sYz8-pvYQh0_00363.jpg,ayala_museum,train,video:sYz8-pvYQh0
video/ayala_museum/sYz8-pvYQh0_00382.jpg,ayala_museum,train,video:sYz8-pvYQh0
video/ayala_museum/sYz8-pvYQh0_00401.jpg,ayala_museum,train,video:sYz8-pvYQh0
video/ayala_museum/sYz8-pvYQh0_00419.jpg,ayala_museum,train,video:sYz8-pvYQh0
video/ayala_museum/sYz8-pvYQh0_00438.jpg,ayala_museum,train,video:sYz8-pvYQh0
video/ayala_museum/sYz8-pvYQh0_00457.jpg,ayala_museum,train,video:sYz8-pvYQh0
video/ayala_museum/sYz8-pvYQh0_00475.jpg,ayala_museum,train,video:sYz8-pvYQh0
video/ayala_museum/sYz8-pvYQh0_00494.jpg,ayala_museum,train,video:sYz8-pvYQh0
video/ayala_museum/sYz8-pvYQh0_00513.jpg,ayala_museum,train,video:sYz8-pvYQh0
video/ayala_museum/sYz8-pvYQh0_00531.jpg,ayala_museum,train,video:sYz8-pvYQh0
video/ayala_museum/sYz8-pvYQh0_00550.jpg,ayala_museum,train,video:sYz8-pvYQh0
video/ayala_museum/sYz8-pvYQh0_00569.jpg,ayala_museum,train,video:sYz8-pvYQh0
video/ayala_museum/sYz8-pvYQh0_00587.jpg,ayala_museum,train,video:sYz8-pvYQh0
video/ayala_museum/sYz8-pvYQh0_00606.jpg,ayala_museum,train,video:sYz8-pvYQh0
video/ayala_museum/sYz8-pvYQh0_00625.jpg,ayala_museum,train,video:sYz8-pvYQh0
video/ayala_museum/sYz8-pvYQh0_00643.jpg,ayala_museum,train,video:sYz8-pvYQh0
video/ayala_museum/tXLGj0nGg1I_00005.jpg,ayala_museum,test,video:tXLGj0nGg1I
video/ayala_museum/tXLGj0nGg1I_00027.jpg,ayala_museum,test,video:tXLGj0nGg1I
video/ayala_museum/tXLGj0nGg1I_00059.jpg,ayala_museum,test,video:tXLGj0nGg1I
video/ayala_museum/tXLGj0nGg1I_00070.jpg,ayala_museum,test,video:tXLGj0nGg1I
video/ayala_museum/tXLGj0nGg1I_00081.jpg,ayala_museum,test,video:tXLGj0nGg1I
video/ayala_museum/tXLGj0nGg1I_00113.jpg,ayala_museum,test,video:tXLGj0nGg1I
video/ayala_museum/tXLGj0nGg1I_00124.jpg,ayala_museum,test,video:tXLGj0nGg1I
video/ayala_museum/tXLGj0nGg1I_00135.jpg,ayala_museum,test,video:tXLGj0nGg1I
video/ayala_museum/tXLGj0nGg1I_00146.jpg,ayala_museum,test,video:tXLGj0nGg1I
video/ayala_museum/tXLGj0nGg1I_00178.jpg,ayala_museum,test,video:tXLGj0nGg1I
video/ayala_museum/tXLGj0nGg1I_00189.jpg,ayala_museum,test,video:tXLGj0nGg1I
video/ayala_museum/tXLGj0nGg1I_00200.jpg,ayala_museum,test,video:tXLGj0nGg1I
video/ayala_museum/tXLGj0nGg1I_00211.jpg,ayala_museum,test,video:tXLGj0nGg1I
video/ayala_museum/tXLGj0nGg1I_00221.jpg,ayala_museum,test,video:tXLGj0nGg1I
video/ayala_museum/tXLGj0nGg1I_00243.jpg,ayala_museum,test,video:tXLGj0nGg1I
video/ayala_museum/tXLGj0nGg1I_00254.jpg,ayala_museum,test,video:tXLGj0nGg1I
video/ayala_museum/tXLGj0nGg1I_00265.jpg,ayala_museum,test,video:tXLGj0nGg1I
video/ayala_museum/tXLGj0nGg1I_00276.jpg,ayala_museum,test,video:tXLGj0nGg1I
video/ayala_museum/tXLGj0nGg1I_00286.jpg,ayala_museum,test,video:tXLGj0nGg1I
video/ayala_museum/tXLGj0nGg1I_00297.jpg,ayala_museum,test,video:tXLGj0nGg1I
video/ayala_museum/uWzJzbk_olY_00087.jpg,ayala_museum,train,video:uWzJzbk_olY
video/ayala_museum/uWzJzbk_olY_00112.jpg,ayala_museum,train,video:uWzJzbk_olY
video/ayala_museum/uWzJzbk_olY_00137.jpg,ayala_museum,train,video:uWzJzbk_olY
video/ayala_museum/uWzJzbk_olY_00162.jpg,ayala_museum,train,video:uWzJzbk_olY
video/ayala_museum/uWzJzbk_olY_00187.jpg,ayala_museum,train,video:uWzJzbk_olY
video/ayala_museum/uWzJzbk_olY_00212.jpg,ayala_museum,train,video:uWzJzbk_olY
video/ayala_museum/uWzJzbk_olY_00237.jpg,ayala_museum,train,video:uWzJzbk_olY
video/ayala_museum/uWzJzbk_olY_00262.jpg,ayala_museum,train,video:uWzJzbk_olY
video/ayala_museum/uWzJzbk_olY_00287.jpg,ayala_museum,train,video:uWzJzbk_olY
video/ayala_museum/uWzJzbk_olY_00312.jpg,ayala_museum,train,video:uWzJzbk_olY
video/ayala_museum/uWzJzbk_olY_00337.jpg,ayala_museum,train,video:uWzJzbk_olY
video/ayala_museum/uWzJzbk_olY_00387.jpg,ayala_museum,train,video:uWzJzbk_olY
video/ayala_museum/uWzJzbk_olY_00412.jpg,ayala_museum,train,video:uWzJzbk_olY
video/ayala_museum/uWzJzbk_olY_00437.jpg,ayala_museum,train,video:uWzJzbk_olY
video/ayala_museum/uWzJzbk_olY_00462.jpg,ayala_museum,train,video:uWzJzbk_olY
video/ayala_museum/uWzJzbk_olY_00487.jpg,ayala_museum,train,video:uWzJzbk_olY
video/ayala_museum/uWzJzbk_olY_00512.jpg,ayala_museum,train,video:uWzJzbk_olY
video/ayala_museum/uWzJzbk_olY_00537.jpg,ayala_museum,train,video:uWzJzbk_olY
video/ayala_museum/uWzJzbk_olY_00562.jpg,ayala_museum,train,video:uWzJzbk_olY
video/ayala_museum/uWzJzbk_olY_00587.jpg,ayala_museum,train,video:uWzJzbk_olY
video/ayala_museum/uWzJzbk_olY_00612.jpg,ayala_museum,train,video:uWzJzbk_olY
video/ayala_museum/uWzJzbk_olY_00637.jpg,ayala_museum,train,video:uWzJzbk_olY
video/ayala_museum/uWzJzbk_olY_00662.jpg,ayala_museum,train,video:uWzJzbk_olY
video/ayala_museum/uWzJzbk_olY_00687.jpg,ayala_museum,train,video:uWzJzbk_olY
video/ayala_museum/uWzJzbk_olY_00712.jpg,ayala_museum,train,video:uWzJzbk_olY
video/glorietta/7Bh7yMJQKIk_00042.jpg,glorietta,train,video:7Bh7yMJQKIk
video/glorietta/7Bh7yMJQKIk_00128.jpg,glorietta,train,video:7Bh7yMJQKIk
video/glorietta/7Bh7yMJQKIk_00213.jpg,glorietta,train,video:7Bh7yMJQKIk
video/glorietta/7Bh7yMJQKIk_00299.jpg,glorietta,train,video:7Bh7yMJQKIk
video/glorietta/7Bh7yMJQKIk_00384.jpg,glorietta,train,video:7Bh7yMJQKIk
video/glorietta/7Bh7yMJQKIk_00470.jpg,glorietta,train,video:7Bh7yMJQKIk
video/glorietta/7Bh7yMJQKIk_00555.jpg,glorietta,train,video:7Bh7yMJQKIk
video/glorietta/7Bh7yMJQKIk_00641.jpg,glorietta,train,video:7Bh7yMJQKIk
video/glorietta/7Bh7yMJQKIk_00727.jpg,glorietta,train,video:7Bh7yMJQKIk
video/glorietta/7Bh7yMJQKIk_00812.jpg,glorietta,train,video:7Bh7yMJQKIk
video/glorietta/7Bh7yMJQKIk_00898.jpg,glorietta,train,video:7Bh7yMJQKIk
video/glorietta/7Bh7yMJQKIk_00983.jpg,glorietta,train,video:7Bh7yMJQKIk
video/glorietta/7Bh7yMJQKIk_01069.jpg,glorietta,train,video:7Bh7yMJQKIk
video/glorietta/7Bh7yMJQKIk_01154.jpg,glorietta,train,video:7Bh7yMJQKIk
video/glorietta/7Bh7yMJQKIk_01240.jpg,glorietta,train,video:7Bh7yMJQKIk
video/glorietta/7Bh7yMJQKIk_01325.jpg,glorietta,train,video:7Bh7yMJQKIk
video/glorietta/7Bh7yMJQKIk_01411.jpg,glorietta,train,video:7Bh7yMJQKIk
video/glorietta/7Bh7yMJQKIk_01496.jpg,glorietta,train,video:7Bh7yMJQKIk
video/glorietta/7Bh7yMJQKIk_01582.jpg,glorietta,train,video:7Bh7yMJQKIk
video/glorietta/7Bh7yMJQKIk_01667.jpg,glorietta,train,video:7Bh7yMJQKIk
video/glorietta/7Bh7yMJQKIk_01753.jpg,glorietta,train,video:7Bh7yMJQKIk
video/glorietta/7Bh7yMJQKIk_01838.jpg,glorietta,train,video:7Bh7yMJQKIk
video/glorietta/7Bh7yMJQKIk_01924.jpg,glorietta,train,video:7Bh7yMJQKIk
video/glorietta/7Bh7yMJQKIk_02010.jpg,glorietta,train,video:7Bh7yMJQKIk
video/glorietta/7Bh7yMJQKIk_02095.jpg,glorietta,train,video:7Bh7yMJQKIk
video/glorietta/7Bh7yMJQKIk_02181.jpg,glorietta,train,video:7Bh7yMJQKIk
video/glorietta/7Bh7yMJQKIk_02266.jpg,glorietta,train,video:7Bh7yMJQKIk
video/glorietta/7Bh7yMJQKIk_02352.jpg,glorietta,train,video:7Bh7yMJQKIk
video/glorietta/7Bh7yMJQKIk_02437.jpg,glorietta,train,video:7Bh7yMJQKIk
video/glorietta/7Bh7yMJQKIk_02523.jpg,glorietta,train,video:7Bh7yMJQKIk
video/glorietta/7Bh7yMJQKIk_02608.jpg,glorietta,train,video:7Bh7yMJQKIk
video/glorietta/7Bh7yMJQKIk_02694.jpg,glorietta,train,video:7Bh7yMJQKIk
video/glorietta/7Bh7yMJQKIk_02779.jpg,glorietta,train,video:7Bh7yMJQKIk
video/glorietta/7Bh7yMJQKIk_02865.jpg,glorietta,train,video:7Bh7yMJQKIk
video/glorietta/7Bh7yMJQKIk_02950.jpg,glorietta,train,video:7Bh7yMJQKIk
video/glorietta/7Bh7yMJQKIk_03036.jpg,glorietta,train,video:7Bh7yMJQKIk
video/glorietta/7Bh7yMJQKIk_03121.jpg,glorietta,train,video:7Bh7yMJQKIk
video/glorietta/7Bh7yMJQKIk_03207.jpg,glorietta,train,video:7Bh7yMJQKIk
video/glorietta/7Bh7yMJQKIk_03293.jpg,glorietta,train,video:7Bh7yMJQKIk
video/glorietta/7Bh7yMJQKIk_03378.jpg,glorietta,train,video:7Bh7yMJQKIk
video/glorietta/7Bh7yMJQKIk_03464.jpg,glorietta,train,video:7Bh7yMJQKIk
video/glorietta/7Bh7yMJQKIk_03549.jpg,glorietta,train,video:7Bh7yMJQKIk
video/glorietta/7Bh7yMJQKIk_03635.jpg,glorietta,train,video:7Bh7yMJQKIk
video/glorietta/7Bh7yMJQKIk_03720.jpg,glorietta,train,video:7Bh7yMJQKIk
video/glorietta/7Bh7yMJQKIk_03806.jpg,glorietta,train,video:7Bh7yMJQKIk
video/glorietta/QRqyW2H4t_c_00068.jpg,glorietta,test,video:QRqyW2H4t_c
video/glorietta/QRqyW2H4t_c_00114.jpg,glorietta,test,video:QRqyW2H4t_c
video/glorietta/QRqyW2H4t_c_00160.jpg,glorietta,test,video:QRqyW2H4t_c
video/glorietta/QRqyW2H4t_c_00206.jpg,glorietta,test,video:QRqyW2H4t_c
video/glorietta/QRqyW2H4t_c_00252.jpg,glorietta,test,video:QRqyW2H4t_c
video/glorietta/QRqyW2H4t_c_00298.jpg,glorietta,test,video:QRqyW2H4t_c
video/glorietta/QRqyW2H4t_c_00344.jpg,glorietta,test,video:QRqyW2H4t_c
video/glorietta/QRqyW2H4t_c_00390.jpg,glorietta,test,video:QRqyW2H4t_c
video/glorietta/QRqyW2H4t_c_00436.jpg,glorietta,test,video:QRqyW2H4t_c
video/glorietta/QRqyW2H4t_c_00482.jpg,glorietta,test,video:QRqyW2H4t_c
video/glorietta/QRqyW2H4t_c_00528.jpg,glorietta,test,video:QRqyW2H4t_c
video/glorietta/QRqyW2H4t_c_00574.jpg,glorietta,test,video:QRqyW2H4t_c
video/glorietta/QRqyW2H4t_c_00620.jpg,glorietta,test,video:QRqyW2H4t_c
video/glorietta/QRqyW2H4t_c_00666.jpg,glorietta,test,video:QRqyW2H4t_c
video/glorietta/QRqyW2H4t_c_00711.jpg,glorietta,test,video:QRqyW2H4t_c
video/glorietta/QRqyW2H4t_c_00757.jpg,glorietta,test,video:QRqyW2H4t_c
video/glorietta/QRqyW2H4t_c_00803.jpg,glorietta,test,video:QRqyW2H4t_c
video/glorietta/QRqyW2H4t_c_00849.jpg,glorietta,test,video:QRqyW2H4t_c
video/glorietta/QRqyW2H4t_c_00895.jpg,glorietta,test,video:QRqyW2H4t_c
video/glorietta/QRqyW2H4t_c_00941.jpg,glorietta,test,video:QRqyW2H4t_c
video/glorietta/QRqyW2H4t_c_00987.jpg,glorietta,test,video:QRqyW2H4t_c
video/glorietta/QRqyW2H4t_c_01033.jpg,glorietta,test,video:QRqyW2H4t_c
video/glorietta/QRqyW2H4t_c_01079.jpg,glorietta,test,video:QRqyW2H4t_c
video/glorietta/QRqyW2H4t_c_01125.jpg,glorietta,test,video:QRqyW2H4t_c
video/glorietta/QRqyW2H4t_c_01171.jpg,glorietta,test,video:QRqyW2H4t_c
video/glorietta/QRqyW2H4t_c_01217.jpg,glorietta,test,video:QRqyW2H4t_c
video/glorietta/QRqyW2H4t_c_01263.jpg,glorietta,test,video:QRqyW2H4t_c
video/glorietta/QRqyW2H4t_c_01309.jpg,glorietta,test,video:QRqyW2H4t_c
video/glorietta/QRqyW2H4t_c_01355.jpg,glorietta,test,video:QRqyW2H4t_c
video/glorietta/QRqyW2H4t_c_01400.jpg,glorietta,test,video:QRqyW2H4t_c
video/glorietta/QRqyW2H4t_c_01446.jpg,glorietta,test,video:QRqyW2H4t_c
video/glorietta/QRqyW2H4t_c_01492.jpg,glorietta,test,video:QRqyW2H4t_c
video/glorietta/QRqyW2H4t_c_01538.jpg,glorietta,test,video:QRqyW2H4t_c
video/glorietta/QRqyW2H4t_c_01584.jpg,glorietta,test,video:QRqyW2H4t_c
video/glorietta/QRqyW2H4t_c_01630.jpg,glorietta,test,video:QRqyW2H4t_c
video/glorietta/QRqyW2H4t_c_01676.jpg,glorietta,test,video:QRqyW2H4t_c
video/glorietta/QRqyW2H4t_c_01722.jpg,glorietta,test,video:QRqyW2H4t_c
video/glorietta/QRqyW2H4t_c_01768.jpg,glorietta,test,video:QRqyW2H4t_c
video/glorietta/QRqyW2H4t_c_01814.jpg,glorietta,test,video:QRqyW2H4t_c
video/glorietta/QRqyW2H4t_c_01860.jpg,glorietta,test,video:QRqyW2H4t_c
video/glorietta/QRqyW2H4t_c_01906.jpg,glorietta,test,video:QRqyW2H4t_c
video/glorietta/QRqyW2H4t_c_01952.jpg,glorietta,test,video:QRqyW2H4t_c
video/glorietta/QRqyW2H4t_c_01998.jpg,glorietta,test,video:QRqyW2H4t_c
video/glorietta/QRqyW2H4t_c_02044.jpg,glorietta,test,video:QRqyW2H4t_c
video/glorietta/R42Gw1bviTA_00059.jpg,glorietta,train,video:R42Gw1bviTA
video/glorietta/R42Gw1bviTA_00178.jpg,glorietta,train,video:R42Gw1bviTA
video/glorietta/R42Gw1bviTA_00296.jpg,glorietta,train,video:R42Gw1bviTA
video/glorietta/R42Gw1bviTA_00415.jpg,glorietta,train,video:R42Gw1bviTA
video/glorietta/R42Gw1bviTA_00534.jpg,glorietta,train,video:R42Gw1bviTA
video/glorietta/R42Gw1bviTA_00653.jpg,glorietta,train,video:R42Gw1bviTA
video/glorietta/R42Gw1bviTA_00772.jpg,glorietta,train,video:R42Gw1bviTA
video/glorietta/R42Gw1bviTA_00890.jpg,glorietta,train,video:R42Gw1bviTA
video/glorietta/R42Gw1bviTA_01009.jpg,glorietta,train,video:R42Gw1bviTA
video/glorietta/R42Gw1bviTA_01128.jpg,glorietta,train,video:R42Gw1bviTA
video/glorietta/R42Gw1bviTA_01247.jpg,glorietta,train,video:R42Gw1bviTA
video/glorietta/R42Gw1bviTA_01365.jpg,glorietta,train,video:R42Gw1bviTA
video/glorietta/R42Gw1bviTA_01484.jpg,glorietta,train,video:R42Gw1bviTA
video/glorietta/R42Gw1bviTA_01603.jpg,glorietta,train,video:R42Gw1bviTA
video/glorietta/R42Gw1bviTA_01722.jpg,glorietta,train,video:R42Gw1bviTA
video/glorietta/R42Gw1bviTA_01841.jpg,glorietta,train,video:R42Gw1bviTA
video/glorietta/R42Gw1bviTA_01959.jpg,glorietta,train,video:R42Gw1bviTA
video/glorietta/R42Gw1bviTA_02078.jpg,glorietta,train,video:R42Gw1bviTA
video/glorietta/R42Gw1bviTA_02197.jpg,glorietta,train,video:R42Gw1bviTA
video/glorietta/R42Gw1bviTA_02316.jpg,glorietta,train,video:R42Gw1bviTA
video/glorietta/R42Gw1bviTA_02434.jpg,glorietta,train,video:R42Gw1bviTA
video/glorietta/R42Gw1bviTA_02553.jpg,glorietta,train,video:R42Gw1bviTA
video/glorietta/R42Gw1bviTA_02672.jpg,glorietta,train,video:R42Gw1bviTA
video/glorietta/R42Gw1bviTA_02791.jpg,glorietta,train,video:R42Gw1bviTA
video/glorietta/R42Gw1bviTA_02910.jpg,glorietta,train,video:R42Gw1bviTA
video/glorietta/WGD23xYU5-4_00042.jpg,glorietta,train,video:WGD23xYU5-4
video/glorietta/WGD23xYU5-4_00126.jpg,glorietta,train,video:WGD23xYU5-4
video/glorietta/WGD23xYU5-4_00211.jpg,glorietta,train,video:WGD23xYU5-4
video/glorietta/WGD23xYU5-4_00295.jpg,glorietta,train,video:WGD23xYU5-4
video/glorietta/WGD23xYU5-4_00380.jpg,glorietta,train,video:WGD23xYU5-4
video/glorietta/WGD23xYU5-4_00464.jpg,glorietta,train,video:WGD23xYU5-4
video/glorietta/WGD23xYU5-4_00549.jpg,glorietta,train,video:WGD23xYU5-4
video/glorietta/WGD23xYU5-4_00633.jpg,glorietta,train,video:WGD23xYU5-4
video/glorietta/WGD23xYU5-4_00718.jpg,glorietta,train,video:WGD23xYU5-4
video/glorietta/WGD23xYU5-4_00802.jpg,glorietta,train,video:WGD23xYU5-4
video/glorietta/WGD23xYU5-4_00887.jpg,glorietta,train,video:WGD23xYU5-4
video/glorietta/WGD23xYU5-4_00971.jpg,glorietta,train,video:WGD23xYU5-4
video/glorietta/WGD23xYU5-4_01056.jpg,glorietta,train,video:WGD23xYU5-4
video/glorietta/WGD23xYU5-4_01140.jpg,glorietta,train,video:WGD23xYU5-4
video/glorietta/WGD23xYU5-4_01225.jpg,glorietta,train,video:WGD23xYU5-4
video/glorietta/WGD23xYU5-4_01309.jpg,glorietta,train,video:WGD23xYU5-4
video/glorietta/WGD23xYU5-4_01394.jpg,glorietta,train,video:WGD23xYU5-4
video/glorietta/WGD23xYU5-4_01478.jpg,glorietta,train,video:WGD23xYU5-4
video/glorietta/WGD23xYU5-4_01563.jpg,glorietta,train,video:WGD23xYU5-4
video/glorietta/WGD23xYU5-4_01647.jpg,glorietta,train,video:WGD23xYU5-4
video/glorietta/WGD23xYU5-4_01732.jpg,glorietta,train,video:WGD23xYU5-4
video/glorietta/WGD23xYU5-4_01816.jpg,glorietta,train,video:WGD23xYU5-4
video/glorietta/WGD23xYU5-4_01901.jpg,glorietta,train,video:WGD23xYU5-4
video/glorietta/WGD23xYU5-4_01986.jpg,glorietta,train,video:WGD23xYU5-4
video/glorietta/WGD23xYU5-4_02070.jpg,glorietta,train,video:WGD23xYU5-4
video/glorietta/WGD23xYU5-4_02155.jpg,glorietta,train,video:WGD23xYU5-4
video/glorietta/WGD23xYU5-4_02239.jpg,glorietta,train,video:WGD23xYU5-4
video/glorietta/WGD23xYU5-4_02324.jpg,glorietta,train,video:WGD23xYU5-4
video/glorietta/WGD23xYU5-4_02408.jpg,glorietta,train,video:WGD23xYU5-4
video/glorietta/WGD23xYU5-4_02493.jpg,glorietta,train,video:WGD23xYU5-4
video/glorietta/WGD23xYU5-4_02577.jpg,glorietta,train,video:WGD23xYU5-4
video/glorietta/WGD23xYU5-4_02662.jpg,glorietta,train,video:WGD23xYU5-4
video/glorietta/WGD23xYU5-4_02746.jpg,glorietta,train,video:WGD23xYU5-4
video/glorietta/WGD23xYU5-4_02831.jpg,glorietta,train,video:WGD23xYU5-4
video/glorietta/WGD23xYU5-4_02915.jpg,glorietta,train,video:WGD23xYU5-4
video/glorietta/WGD23xYU5-4_03000.jpg,glorietta,train,video:WGD23xYU5-4
video/glorietta/WGD23xYU5-4_03084.jpg,glorietta,train,video:WGD23xYU5-4
video/glorietta/WGD23xYU5-4_03169.jpg,glorietta,train,video:WGD23xYU5-4
video/glorietta/WGD23xYU5-4_03253.jpg,glorietta,train,video:WGD23xYU5-4
video/glorietta/WGD23xYU5-4_03338.jpg,glorietta,train,video:WGD23xYU5-4
video/glorietta/WGD23xYU5-4_03422.jpg,glorietta,train,video:WGD23xYU5-4
video/glorietta/WGD23xYU5-4_03507.jpg,glorietta,train,video:WGD23xYU5-4
video/glorietta/WGD23xYU5-4_03591.jpg,glorietta,train,video:WGD23xYU5-4
video/glorietta/WGD23xYU5-4_03676.jpg,glorietta,train,video:WGD23xYU5-4
video/glorietta/WGD23xYU5-4_03760.jpg,glorietta,train,video:WGD23xYU5-4
video/glorietta/Zb-Cp0tcr-8_00145.jpg,glorietta,val,video:Zb-Cp0tcr-8
video/glorietta/Zb-Cp0tcr-8_00203.jpg,glorietta,val,video:Zb-Cp0tcr-8
video/glorietta/Zb-Cp0tcr-8_00261.jpg,glorietta,val,video:Zb-Cp0tcr-8
video/glorietta/Zb-Cp0tcr-8_00319.jpg,glorietta,val,video:Zb-Cp0tcr-8
video/glorietta/Zb-Cp0tcr-8_00377.jpg,glorietta,val,video:Zb-Cp0tcr-8
video/glorietta/Zb-Cp0tcr-8_00435.jpg,glorietta,val,video:Zb-Cp0tcr-8
video/glorietta/Zb-Cp0tcr-8_00493.jpg,glorietta,val,video:Zb-Cp0tcr-8
video/glorietta/Zb-Cp0tcr-8_00551.jpg,glorietta,val,video:Zb-Cp0tcr-8
video/glorietta/Zb-Cp0tcr-8_00609.jpg,glorietta,val,video:Zb-Cp0tcr-8
video/glorietta/Zb-Cp0tcr-8_00667.jpg,glorietta,val,video:Zb-Cp0tcr-8
video/glorietta/Zb-Cp0tcr-8_00725.jpg,glorietta,val,video:Zb-Cp0tcr-8
video/glorietta/Zb-Cp0tcr-8_00783.jpg,glorietta,val,video:Zb-Cp0tcr-8
video/glorietta/Zb-Cp0tcr-8_00841.jpg,glorietta,val,video:Zb-Cp0tcr-8
video/glorietta/Zb-Cp0tcr-8_00899.jpg,glorietta,val,video:Zb-Cp0tcr-8
video/glorietta/Zb-Cp0tcr-8_00957.jpg,glorietta,val,video:Zb-Cp0tcr-8
video/glorietta/Zb-Cp0tcr-8_01015.jpg,glorietta,val,video:Zb-Cp0tcr-8
video/glorietta/Zb-Cp0tcr-8_01073.jpg,glorietta,val,video:Zb-Cp0tcr-8
video/glorietta/Zb-Cp0tcr-8_01131.jpg,glorietta,val,video:Zb-Cp0tcr-8
video/glorietta/Zb-Cp0tcr-8_01189.jpg,glorietta,val,video:Zb-Cp0tcr-8
video/glorietta/Zb-Cp0tcr-8_01247.jpg,glorietta,val,video:Zb-Cp0tcr-8
video/glorietta/Zb-Cp0tcr-8_01305.jpg,glorietta,val,video:Zb-Cp0tcr-8
video/glorietta/Zb-Cp0tcr-8_01363.jpg,glorietta,val,video:Zb-Cp0tcr-8
video/glorietta/Zb-Cp0tcr-8_01421.jpg,glorietta,val,video:Zb-Cp0tcr-8
video/glorietta/Zb-Cp0tcr-8_01479.jpg,glorietta,val,video:Zb-Cp0tcr-8
video/glorietta/Zb-Cp0tcr-8_01537.jpg,glorietta,val,video:Zb-Cp0tcr-8
video/glorietta/Zb-Cp0tcr-8_01595.jpg,glorietta,val,video:Zb-Cp0tcr-8
video/glorietta/Zb-Cp0tcr-8_01653.jpg,glorietta,val,video:Zb-Cp0tcr-8
video/glorietta/Zb-Cp0tcr-8_01711.jpg,glorietta,val,video:Zb-Cp0tcr-8
video/glorietta/Zb-Cp0tcr-8_01769.jpg,glorietta,val,video:Zb-Cp0tcr-8
video/glorietta/Zb-Cp0tcr-8_01827.jpg,glorietta,val,video:Zb-Cp0tcr-8
video/glorietta/Zb-Cp0tcr-8_01885.jpg,glorietta,val,video:Zb-Cp0tcr-8
video/glorietta/Zb-Cp0tcr-8_01943.jpg,glorietta,val,video:Zb-Cp0tcr-8
video/glorietta/Zb-Cp0tcr-8_02001.jpg,glorietta,val,video:Zb-Cp0tcr-8
video/glorietta/Zb-Cp0tcr-8_02059.jpg,glorietta,val,video:Zb-Cp0tcr-8
video/glorietta/Zb-Cp0tcr-8_02117.jpg,glorietta,val,video:Zb-Cp0tcr-8
video/glorietta/Zb-Cp0tcr-8_02175.jpg,glorietta,val,video:Zb-Cp0tcr-8
video/glorietta/Zb-Cp0tcr-8_02233.jpg,glorietta,val,video:Zb-Cp0tcr-8
video/glorietta/Zb-Cp0tcr-8_02291.jpg,glorietta,val,video:Zb-Cp0tcr-8
video/glorietta/Zb-Cp0tcr-8_02349.jpg,glorietta,val,video:Zb-Cp0tcr-8
video/glorietta/Zb-Cp0tcr-8_02407.jpg,glorietta,val,video:Zb-Cp0tcr-8
video/glorietta/Zb-Cp0tcr-8_02465.jpg,glorietta,val,video:Zb-Cp0tcr-8
video/glorietta/Zb-Cp0tcr-8_02523.jpg,glorietta,val,video:Zb-Cp0tcr-8
video/glorietta/Zb-Cp0tcr-8_02581.jpg,glorietta,val,video:Zb-Cp0tcr-8
video/glorietta/bTG_Bit1JZs_00024.jpg,glorietta,test,video:bTG_Bit1JZs
video/glorietta/bTG_Bit1JZs_00072.jpg,glorietta,test,video:bTG_Bit1JZs
video/glorietta/bTG_Bit1JZs_00121.jpg,glorietta,test,video:bTG_Bit1JZs
video/glorietta/bTG_Bit1JZs_00170.jpg,glorietta,test,video:bTG_Bit1JZs
video/glorietta/bTG_Bit1JZs_00218.jpg,glorietta,test,video:bTG_Bit1JZs
video/glorietta/bTG_Bit1JZs_00267.jpg,glorietta,test,video:bTG_Bit1JZs
video/glorietta/bTG_Bit1JZs_00315.jpg,glorietta,test,video:bTG_Bit1JZs
video/glorietta/bTG_Bit1JZs_00364.jpg,glorietta,test,video:bTG_Bit1JZs
video/glorietta/bTG_Bit1JZs_00412.jpg,glorietta,test,video:bTG_Bit1JZs
video/glorietta/bTG_Bit1JZs_00461.jpg,glorietta,test,video:bTG_Bit1JZs
video/glorietta/bTG_Bit1JZs_00510.jpg,glorietta,test,video:bTG_Bit1JZs
video/glorietta/bTG_Bit1JZs_00558.jpg,glorietta,test,video:bTG_Bit1JZs
video/glorietta/bTG_Bit1JZs_00607.jpg,glorietta,test,video:bTG_Bit1JZs
video/glorietta/bTG_Bit1JZs_00655.jpg,glorietta,test,video:bTG_Bit1JZs
video/glorietta/bTG_Bit1JZs_00704.jpg,glorietta,test,video:bTG_Bit1JZs
video/glorietta/bTG_Bit1JZs_00752.jpg,glorietta,test,video:bTG_Bit1JZs
video/glorietta/bTG_Bit1JZs_00801.jpg,glorietta,test,video:bTG_Bit1JZs
video/glorietta/bTG_Bit1JZs_00850.jpg,glorietta,test,video:bTG_Bit1JZs
video/glorietta/bTG_Bit1JZs_00898.jpg,glorietta,test,video:bTG_Bit1JZs
video/glorietta/bTG_Bit1JZs_00947.jpg,glorietta,test,video:bTG_Bit1JZs
video/glorietta/bTG_Bit1JZs_00995.jpg,glorietta,test,video:bTG_Bit1JZs
video/glorietta/bTG_Bit1JZs_01044.jpg,glorietta,test,video:bTG_Bit1JZs
video/glorietta/bTG_Bit1JZs_01093.jpg,glorietta,test,video:bTG_Bit1JZs
video/glorietta/bTG_Bit1JZs_01141.jpg,glorietta,test,video:bTG_Bit1JZs
video/glorietta/bTG_Bit1JZs_01190.jpg,glorietta,test,video:bTG_Bit1JZs
video/glorietta/bTG_Bit1JZs_01238.jpg,glorietta,test,video:bTG_Bit1JZs
video/glorietta/bTG_Bit1JZs_01287.jpg,glorietta,test,video:bTG_Bit1JZs
video/glorietta/bTG_Bit1JZs_01335.jpg,glorietta,test,video:bTG_Bit1JZs
video/glorietta/bTG_Bit1JZs_01384.jpg,glorietta,test,video:bTG_Bit1JZs
video/glorietta/bTG_Bit1JZs_01433.jpg,glorietta,test,video:bTG_Bit1JZs
video/glorietta/bTG_Bit1JZs_01481.jpg,glorietta,test,video:bTG_Bit1JZs
video/glorietta/bTG_Bit1JZs_01530.jpg,glorietta,test,video:bTG_Bit1JZs
video/glorietta/bTG_Bit1JZs_01578.jpg,glorietta,test,video:bTG_Bit1JZs
video/glorietta/bTG_Bit1JZs_01627.jpg,glorietta,test,video:bTG_Bit1JZs
video/glorietta/bTG_Bit1JZs_01675.jpg,glorietta,test,video:bTG_Bit1JZs
video/glorietta/bTG_Bit1JZs_01724.jpg,glorietta,test,video:bTG_Bit1JZs
video/glorietta/bTG_Bit1JZs_01773.jpg,glorietta,test,video:bTG_Bit1JZs
video/glorietta/bTG_Bit1JZs_01821.jpg,glorietta,test,video:bTG_Bit1JZs
video/glorietta/bTG_Bit1JZs_01870.jpg,glorietta,test,video:bTG_Bit1JZs
video/glorietta/bTG_Bit1JZs_01918.jpg,glorietta,test,video:bTG_Bit1JZs
video/glorietta/bTG_Bit1JZs_01967.jpg,glorietta,test,video:bTG_Bit1JZs
video/glorietta/bTG_Bit1JZs_02015.jpg,glorietta,test,video:bTG_Bit1JZs
video/glorietta/bTG_Bit1JZs_02064.jpg,glorietta,test,video:bTG_Bit1JZs
video/glorietta/bTG_Bit1JZs_02113.jpg,glorietta,test,video:bTG_Bit1JZs
video/glorietta/bTG_Bit1JZs_02161.jpg,glorietta,test,video:bTG_Bit1JZs
video/glorietta/cbtBnQE089M_00016.jpg,glorietta,train,video:cbtBnQE089M
video/glorietta/cbtBnQE089M_00050.jpg,glorietta,train,video:cbtBnQE089M
video/glorietta/cbtBnQE089M_00084.jpg,glorietta,train,video:cbtBnQE089M
video/glorietta/cbtBnQE089M_00117.jpg,glorietta,train,video:cbtBnQE089M
video/glorietta/cbtBnQE089M_00151.jpg,glorietta,train,video:cbtBnQE089M
video/glorietta/cbtBnQE089M_00185.jpg,glorietta,train,video:cbtBnQE089M
video/glorietta/cbtBnQE089M_00218.jpg,glorietta,train,video:cbtBnQE089M
video/glorietta/cbtBnQE089M_00252.jpg,glorietta,train,video:cbtBnQE089M
video/glorietta/cbtBnQE089M_00286.jpg,glorietta,train,video:cbtBnQE089M
video/glorietta/cbtBnQE089M_00319.jpg,glorietta,train,video:cbtBnQE089M
video/glorietta/cbtBnQE089M_00353.jpg,glorietta,train,video:cbtBnQE089M
video/glorietta/cbtBnQE089M_00387.jpg,glorietta,train,video:cbtBnQE089M
video/glorietta/cbtBnQE089M_00420.jpg,glorietta,train,video:cbtBnQE089M
video/glorietta/cbtBnQE089M_00454.jpg,glorietta,train,video:cbtBnQE089M
video/glorietta/cbtBnQE089M_00488.jpg,glorietta,train,video:cbtBnQE089M
video/glorietta/cbtBnQE089M_00521.jpg,glorietta,train,video:cbtBnQE089M
video/glorietta/cbtBnQE089M_00555.jpg,glorietta,train,video:cbtBnQE089M
video/glorietta/cbtBnQE089M_00589.jpg,glorietta,train,video:cbtBnQE089M
video/glorietta/cbtBnQE089M_00622.jpg,glorietta,train,video:cbtBnQE089M
video/glorietta/cbtBnQE089M_00656.jpg,glorietta,train,video:cbtBnQE089M
video/glorietta/cbtBnQE089M_00690.jpg,glorietta,train,video:cbtBnQE089M
video/glorietta/cbtBnQE089M_00723.jpg,glorietta,train,video:cbtBnQE089M
video/glorietta/cbtBnQE089M_00757.jpg,glorietta,train,video:cbtBnQE089M
video/glorietta/cbtBnQE089M_00791.jpg,glorietta,train,video:cbtBnQE089M
video/glorietta/cbtBnQE089M_00824.jpg,glorietta,train,video:cbtBnQE089M
video/glorietta/cbtBnQE089M_00858.jpg,glorietta,train,video:cbtBnQE089M
video/glorietta/cbtBnQE089M_00892.jpg,glorietta,train,video:cbtBnQE089M
video/glorietta/cbtBnQE089M_00925.jpg,glorietta,train,video:cbtBnQE089M
video/glorietta/cbtBnQE089M_00959.jpg,glorietta,train,video:cbtBnQE089M
video/glorietta/cbtBnQE089M_00993.jpg,glorietta,train,video:cbtBnQE089M
video/glorietta/cbtBnQE089M_01026.jpg,glorietta,train,video:cbtBnQE089M
video/glorietta/cbtBnQE089M_01060.jpg,glorietta,train,video:cbtBnQE089M
video/glorietta/cbtBnQE089M_01094.jpg,glorietta,train,video:cbtBnQE089M
video/glorietta/cbtBnQE089M_01127.jpg,glorietta,train,video:cbtBnQE089M
video/glorietta/cbtBnQE089M_01161.jpg,glorietta,train,video:cbtBnQE089M
video/glorietta/cbtBnQE089M_01195.jpg,glorietta,train,video:cbtBnQE089M
video/glorietta/cbtBnQE089M_01228.jpg,glorietta,train,video:cbtBnQE089M
video/glorietta/cbtBnQE089M_01262.jpg,glorietta,train,video:cbtBnQE089M
video/glorietta/cbtBnQE089M_01296.jpg,glorietta,train,video:cbtBnQE089M
video/glorietta/cbtBnQE089M_01329.jpg,glorietta,train,video:cbtBnQE089M
video/glorietta/cbtBnQE089M_01363.jpg,glorietta,train,video:cbtBnQE089M
video/glorietta/cbtBnQE089M_01397.jpg,glorietta,train,video:cbtBnQE089M
video/glorietta/cbtBnQE089M_01430.jpg,glorietta,train,video:cbtBnQE089M
video/glorietta/cbtBnQE089M_01464.jpg,glorietta,train,video:cbtBnQE089M
video/glorietta/ed3v6zC5aSg_00039.jpg,glorietta,val,video:ed3v6zC5aSg
video/glorietta/ed3v6zC5aSg_00118.jpg,glorietta,val,video:ed3v6zC5aSg
video/glorietta/ed3v6zC5aSg_00196.jpg,glorietta,val,video:ed3v6zC5aSg
video/glorietta/ed3v6zC5aSg_00275.jpg,glorietta,val,video:ed3v6zC5aSg
video/glorietta/ed3v6zC5aSg_00354.jpg,glorietta,val,video:ed3v6zC5aSg
video/glorietta/ed3v6zC5aSg_00433.jpg,glorietta,val,video:ed3v6zC5aSg
video/glorietta/ed3v6zC5aSg_00512.jpg,glorietta,val,video:ed3v6zC5aSg
video/glorietta/ed3v6zC5aSg_00590.jpg,glorietta,val,video:ed3v6zC5aSg
video/glorietta/ed3v6zC5aSg_00669.jpg,glorietta,val,video:ed3v6zC5aSg
video/glorietta/ed3v6zC5aSg_00748.jpg,glorietta,val,video:ed3v6zC5aSg
video/glorietta/ed3v6zC5aSg_00827.jpg,glorietta,val,video:ed3v6zC5aSg
video/glorietta/ed3v6zC5aSg_00905.jpg,glorietta,val,video:ed3v6zC5aSg
video/glorietta/ed3v6zC5aSg_00984.jpg,glorietta,val,video:ed3v6zC5aSg
video/glorietta/ed3v6zC5aSg_01063.jpg,glorietta,val,video:ed3v6zC5aSg
video/glorietta/ed3v6zC5aSg_01142.jpg,glorietta,val,video:ed3v6zC5aSg
video/glorietta/ed3v6zC5aSg_01221.jpg,glorietta,val,video:ed3v6zC5aSg
video/glorietta/ed3v6zC5aSg_01299.jpg,glorietta,val,video:ed3v6zC5aSg
video/glorietta/ed3v6zC5aSg_01378.jpg,glorietta,val,video:ed3v6zC5aSg
video/glorietta/ed3v6zC5aSg_01457.jpg,glorietta,val,video:ed3v6zC5aSg
video/glorietta/ed3v6zC5aSg_01536.jpg,glorietta,val,video:ed3v6zC5aSg
video/glorietta/ed3v6zC5aSg_01614.jpg,glorietta,val,video:ed3v6zC5aSg
video/glorietta/ed3v6zC5aSg_01693.jpg,glorietta,val,video:ed3v6zC5aSg
video/glorietta/ed3v6zC5aSg_01772.jpg,glorietta,val,video:ed3v6zC5aSg
video/glorietta/ed3v6zC5aSg_01851.jpg,glorietta,val,video:ed3v6zC5aSg
video/glorietta/ed3v6zC5aSg_01930.jpg,glorietta,val,video:ed3v6zC5aSg
video/glorietta/ed3v6zC5aSg_02008.jpg,glorietta,val,video:ed3v6zC5aSg
video/glorietta/ed3v6zC5aSg_02087.jpg,glorietta,val,video:ed3v6zC5aSg
video/glorietta/ed3v6zC5aSg_02166.jpg,glorietta,val,video:ed3v6zC5aSg
video/glorietta/ed3v6zC5aSg_02245.jpg,glorietta,val,video:ed3v6zC5aSg
video/glorietta/ed3v6zC5aSg_02323.jpg,glorietta,val,video:ed3v6zC5aSg
video/glorietta/ed3v6zC5aSg_02402.jpg,glorietta,val,video:ed3v6zC5aSg
video/glorietta/ed3v6zC5aSg_02481.jpg,glorietta,val,video:ed3v6zC5aSg
video/glorietta/ed3v6zC5aSg_02560.jpg,glorietta,val,video:ed3v6zC5aSg
video/glorietta/ed3v6zC5aSg_02639.jpg,glorietta,val,video:ed3v6zC5aSg
video/glorietta/ed3v6zC5aSg_02717.jpg,glorietta,val,video:ed3v6zC5aSg
video/glorietta/ed3v6zC5aSg_02796.jpg,glorietta,val,video:ed3v6zC5aSg
video/glorietta/ed3v6zC5aSg_02875.jpg,glorietta,val,video:ed3v6zC5aSg
video/glorietta/ed3v6zC5aSg_02954.jpg,glorietta,val,video:ed3v6zC5aSg
video/glorietta/ed3v6zC5aSg_03032.jpg,glorietta,val,video:ed3v6zC5aSg
video/glorietta/ed3v6zC5aSg_03111.jpg,glorietta,val,video:ed3v6zC5aSg
video/glorietta/ed3v6zC5aSg_03190.jpg,glorietta,val,video:ed3v6zC5aSg
video/glorietta/ed3v6zC5aSg_03269.jpg,glorietta,val,video:ed3v6zC5aSg
video/glorietta/ed3v6zC5aSg_03348.jpg,glorietta,val,video:ed3v6zC5aSg
video/glorietta/ed3v6zC5aSg_03426.jpg,glorietta,val,video:ed3v6zC5aSg
video/glorietta/ed3v6zC5aSg_03505.jpg,glorietta,val,video:ed3v6zC5aSg
video/glorietta/fsoqIW23Xt0_00047.jpg,glorietta,train,video:fsoqIW23Xt0
video/glorietta/fsoqIW23Xt0_00142.jpg,glorietta,train,video:fsoqIW23Xt0
video/glorietta/fsoqIW23Xt0_00237.jpg,glorietta,train,video:fsoqIW23Xt0
video/glorietta/fsoqIW23Xt0_00332.jpg,glorietta,train,video:fsoqIW23Xt0
video/glorietta/fsoqIW23Xt0_00427.jpg,glorietta,train,video:fsoqIW23Xt0
video/glorietta/fsoqIW23Xt0_00522.jpg,glorietta,train,video:fsoqIW23Xt0
video/glorietta/fsoqIW23Xt0_00617.jpg,glorietta,train,video:fsoqIW23Xt0
video/glorietta/fsoqIW23Xt0_00712.jpg,glorietta,train,video:fsoqIW23Xt0
video/glorietta/fsoqIW23Xt0_00807.jpg,glorietta,train,video:fsoqIW23Xt0
video/glorietta/fsoqIW23Xt0_00902.jpg,glorietta,train,video:fsoqIW23Xt0
video/glorietta/fsoqIW23Xt0_00997.jpg,glorietta,train,video:fsoqIW23Xt0
video/glorietta/fsoqIW23Xt0_01092.jpg,glorietta,train,video:fsoqIW23Xt0
video/glorietta/fsoqIW23Xt0_01187.jpg,glorietta,train,video:fsoqIW23Xt0
video/glorietta/fsoqIW23Xt0_01282.jpg,glorietta,train,video:fsoqIW23Xt0
video/glorietta/fsoqIW23Xt0_01377.jpg,glorietta,train,video:fsoqIW23Xt0
video/glorietta/fsoqIW23Xt0_01472.jpg,glorietta,train,video:fsoqIW23Xt0
video/glorietta/fsoqIW23Xt0_01567.jpg,glorietta,train,video:fsoqIW23Xt0
video/glorietta/fsoqIW23Xt0_01662.jpg,glorietta,train,video:fsoqIW23Xt0
video/glorietta/fsoqIW23Xt0_01757.jpg,glorietta,train,video:fsoqIW23Xt0
video/glorietta/fsoqIW23Xt0_01852.jpg,glorietta,train,video:fsoqIW23Xt0
video/glorietta/fsoqIW23Xt0_01947.jpg,glorietta,train,video:fsoqIW23Xt0
video/glorietta/fsoqIW23Xt0_02042.jpg,glorietta,train,video:fsoqIW23Xt0
video/glorietta/fsoqIW23Xt0_02137.jpg,glorietta,train,video:fsoqIW23Xt0
video/glorietta/fsoqIW23Xt0_02232.jpg,glorietta,train,video:fsoqIW23Xt0
video/glorietta/fsoqIW23Xt0_02327.jpg,glorietta,train,video:fsoqIW23Xt0
video/glorietta/fsoqIW23Xt0_02422.jpg,glorietta,train,video:fsoqIW23Xt0
video/glorietta/fsoqIW23Xt0_02517.jpg,glorietta,train,video:fsoqIW23Xt0
video/glorietta/fsoqIW23Xt0_02612.jpg,glorietta,train,video:fsoqIW23Xt0
video/glorietta/fsoqIW23Xt0_02707.jpg,glorietta,train,video:fsoqIW23Xt0
video/glorietta/fsoqIW23Xt0_02802.jpg,glorietta,train,video:fsoqIW23Xt0
video/glorietta/fsoqIW23Xt0_02897.jpg,glorietta,train,video:fsoqIW23Xt0
video/glorietta/fsoqIW23Xt0_02992.jpg,glorietta,train,video:fsoqIW23Xt0
video/glorietta/fsoqIW23Xt0_03087.jpg,glorietta,train,video:fsoqIW23Xt0
video/glorietta/fsoqIW23Xt0_03182.jpg,glorietta,train,video:fsoqIW23Xt0
video/glorietta/fsoqIW23Xt0_03277.jpg,glorietta,train,video:fsoqIW23Xt0
video/glorietta/fsoqIW23Xt0_03372.jpg,glorietta,train,video:fsoqIW23Xt0
video/glorietta/fsoqIW23Xt0_03467.jpg,glorietta,train,video:fsoqIW23Xt0
video/glorietta/fsoqIW23Xt0_03562.jpg,glorietta,train,video:fsoqIW23Xt0
video/glorietta/fsoqIW23Xt0_03657.jpg,glorietta,train,video:fsoqIW23Xt0
video/glorietta/fsoqIW23Xt0_03752.jpg,glorietta,train,video:fsoqIW23Xt0
video/glorietta/fsoqIW23Xt0_03847.jpg,glorietta,train,video:fsoqIW23Xt0
video/glorietta/fsoqIW23Xt0_03942.jpg,glorietta,train,video:fsoqIW23Xt0
video/glorietta/fsoqIW23Xt0_04037.jpg,glorietta,train,video:fsoqIW23Xt0
video/glorietta/fsoqIW23Xt0_04132.jpg,glorietta,train,video:fsoqIW23Xt0
video/glorietta/fsoqIW23Xt0_04227.jpg,glorietta,train,video:fsoqIW23Xt0
video/glorietta/gNqI3Pg2mcg_00055.jpg,glorietta,train,video:gNqI3Pg2mcg
video/glorietta/gNqI3Pg2mcg_00167.jpg,glorietta,train,video:gNqI3Pg2mcg
video/glorietta/gNqI3Pg2mcg_00279.jpg,glorietta,train,video:gNqI3Pg2mcg
video/glorietta/gNqI3Pg2mcg_00390.jpg,glorietta,train,video:gNqI3Pg2mcg
video/glorietta/gNqI3Pg2mcg_00502.jpg,glorietta,train,video:gNqI3Pg2mcg
video/glorietta/gNqI3Pg2mcg_00614.jpg,glorietta,train,video:gNqI3Pg2mcg
video/glorietta/gNqI3Pg2mcg_00725.jpg,glorietta,train,video:gNqI3Pg2mcg
video/glorietta/gNqI3Pg2mcg_00837.jpg,glorietta,train,video:gNqI3Pg2mcg
video/glorietta/gNqI3Pg2mcg_00949.jpg,glorietta,train,video:gNqI3Pg2mcg
video/glorietta/gNqI3Pg2mcg_01061.jpg,glorietta,train,video:gNqI3Pg2mcg
video/glorietta/gNqI3Pg2mcg_01172.jpg,glorietta,train,video:gNqI3Pg2mcg
video/glorietta/gNqI3Pg2mcg_01284.jpg,glorietta,train,video:gNqI3Pg2mcg
video/glorietta/gNqI3Pg2mcg_01396.jpg,glorietta,train,video:gNqI3Pg2mcg
video/glorietta/gNqI3Pg2mcg_01507.jpg,glorietta,train,video:gNqI3Pg2mcg
video/glorietta/gNqI3Pg2mcg_01619.jpg,glorietta,train,video:gNqI3Pg2mcg
video/glorietta/gNqI3Pg2mcg_01731.jpg,glorietta,train,video:gNqI3Pg2mcg
video/glorietta/gNqI3Pg2mcg_01842.jpg,glorietta,train,video:gNqI3Pg2mcg
video/glorietta/gNqI3Pg2mcg_01954.jpg,glorietta,train,video:gNqI3Pg2mcg
video/glorietta/gNqI3Pg2mcg_02066.jpg,glorietta,train,video:gNqI3Pg2mcg
video/glorietta/gNqI3Pg2mcg_02177.jpg,glorietta,train,video:gNqI3Pg2mcg
video/glorietta/gNqI3Pg2mcg_02289.jpg,glorietta,train,video:gNqI3Pg2mcg
video/glorietta/gNqI3Pg2mcg_02401.jpg,glorietta,train,video:gNqI3Pg2mcg
video/glorietta/gNqI3Pg2mcg_02513.jpg,glorietta,train,video:gNqI3Pg2mcg
video/glorietta/gNqI3Pg2mcg_02624.jpg,glorietta,train,video:gNqI3Pg2mcg
video/glorietta/gNqI3Pg2mcg_02736.jpg,glorietta,train,video:gNqI3Pg2mcg
video/glorietta/gNqI3Pg2mcg_02848.jpg,glorietta,train,video:gNqI3Pg2mcg
video/glorietta/gNqI3Pg2mcg_02959.jpg,glorietta,train,video:gNqI3Pg2mcg
video/glorietta/gNqI3Pg2mcg_03071.jpg,glorietta,train,video:gNqI3Pg2mcg
video/glorietta/gNqI3Pg2mcg_03183.jpg,glorietta,train,video:gNqI3Pg2mcg
video/glorietta/gNqI3Pg2mcg_03294.jpg,glorietta,train,video:gNqI3Pg2mcg
video/glorietta/gNqI3Pg2mcg_03406.jpg,glorietta,train,video:gNqI3Pg2mcg
video/glorietta/gNqI3Pg2mcg_03518.jpg,glorietta,train,video:gNqI3Pg2mcg
video/glorietta/gNqI3Pg2mcg_03629.jpg,glorietta,train,video:gNqI3Pg2mcg
video/glorietta/gNqI3Pg2mcg_03741.jpg,glorietta,train,video:gNqI3Pg2mcg
video/glorietta/gNqI3Pg2mcg_03853.jpg,glorietta,train,video:gNqI3Pg2mcg
video/glorietta/gNqI3Pg2mcg_03964.jpg,glorietta,train,video:gNqI3Pg2mcg
video/glorietta/gNqI3Pg2mcg_04076.jpg,glorietta,train,video:gNqI3Pg2mcg
video/glorietta/gNqI3Pg2mcg_04858.jpg,glorietta,train,video:gNqI3Pg2mcg
video/glorietta/gNqI3Pg2mcg_04970.jpg,glorietta,train,video:gNqI3Pg2mcg
video/glorietta/nRjqiPtfz5U_00061.jpg,glorietta,train,video:nRjqiPtfz5U
video/glorietta/nRjqiPtfz5U_00306.jpg,glorietta,train,video:nRjqiPtfz5U
video/glorietta/nRjqiPtfz5U_00429.jpg,glorietta,train,video:nRjqiPtfz5U
video/glorietta/nRjqiPtfz5U_00551.jpg,glorietta,train,video:nRjqiPtfz5U
video/glorietta/nRjqiPtfz5U_00674.jpg,glorietta,train,video:nRjqiPtfz5U
video/glorietta/nRjqiPtfz5U_00797.jpg,glorietta,train,video:nRjqiPtfz5U
video/glorietta/nRjqiPtfz5U_00919.jpg,glorietta,train,video:nRjqiPtfz5U
video/glorietta/nRjqiPtfz5U_01042.jpg,glorietta,train,video:nRjqiPtfz5U
video/glorietta/nRjqiPtfz5U_01165.jpg,glorietta,train,video:nRjqiPtfz5U
video/glorietta/nRjqiPtfz5U_01287.jpg,glorietta,train,video:nRjqiPtfz5U
video/glorietta/nRjqiPtfz5U_01410.jpg,glorietta,train,video:nRjqiPtfz5U
video/glorietta/nRjqiPtfz5U_01533.jpg,glorietta,train,video:nRjqiPtfz5U
video/glorietta/nRjqiPtfz5U_01655.jpg,glorietta,train,video:nRjqiPtfz5U
video/glorietta/nRjqiPtfz5U_01778.jpg,glorietta,train,video:nRjqiPtfz5U
video/glorietta/nRjqiPtfz5U_01900.jpg,glorietta,train,video:nRjqiPtfz5U
video/glorietta/nRjqiPtfz5U_02023.jpg,glorietta,train,video:nRjqiPtfz5U
video/glorietta/nRjqiPtfz5U_02146.jpg,glorietta,train,video:nRjqiPtfz5U
video/glorietta/nRjqiPtfz5U_02268.jpg,glorietta,train,video:nRjqiPtfz5U
video/glorietta/nRjqiPtfz5U_02391.jpg,glorietta,train,video:nRjqiPtfz5U
video/glorietta/nRjqiPtfz5U_02514.jpg,glorietta,train,video:nRjqiPtfz5U
video/glorietta/nRjqiPtfz5U_02636.jpg,glorietta,train,video:nRjqiPtfz5U
video/glorietta/nRjqiPtfz5U_02759.jpg,glorietta,train,video:nRjqiPtfz5U
video/glorietta/nRjqiPtfz5U_02882.jpg,glorietta,train,video:nRjqiPtfz5U
video/glorietta/nRjqiPtfz5U_03004.jpg,glorietta,train,video:nRjqiPtfz5U
video/glorietta/nRjqiPtfz5U_03127.jpg,glorietta,train,video:nRjqiPtfz5U
video/glorietta/nRjqiPtfz5U_03250.jpg,glorietta,train,video:nRjqiPtfz5U
video/glorietta/nRjqiPtfz5U_03372.jpg,glorietta,train,video:nRjqiPtfz5U
video/glorietta/nRjqiPtfz5U_03495.jpg,glorietta,train,video:nRjqiPtfz5U
video/glorietta/nRjqiPtfz5U_03618.jpg,glorietta,train,video:nRjqiPtfz5U
video/glorietta/ppZ8lAzi6eE_00166.jpg,glorietta,train,video:ppZ8lAzi6eE
video/glorietta/ppZ8lAzi6eE_00276.jpg,glorietta,train,video:ppZ8lAzi6eE
video/glorietta/ppZ8lAzi6eE_00387.jpg,glorietta,train,video:ppZ8lAzi6eE
video/glorietta/ppZ8lAzi6eE_00498.jpg,glorietta,train,video:ppZ8lAzi6eE
video/glorietta/ppZ8lAzi6eE_00608.jpg,glorietta,train,video:ppZ8lAzi6eE
video/glorietta/ppZ8lAzi6eE_00719.jpg,glorietta,train,video:ppZ8lAzi6eE
video/glorietta/ppZ8lAzi6eE_00830.jpg,glorietta,train,video:ppZ8lAzi6eE
video/glorietta/ppZ8lAzi6eE_00941.jpg,glorietta,train,video:ppZ8lAzi6eE
video/glorietta/ppZ8lAzi6eE_01051.jpg,glorietta,train,video:ppZ8lAzi6eE
video/glorietta/ppZ8lAzi6eE_01162.jpg,glorietta,train,video:ppZ8lAzi6eE
video/glorietta/ppZ8lAzi6eE_01273.jpg,glorietta,train,video:ppZ8lAzi6eE
video/glorietta/ppZ8lAzi6eE_01383.jpg,glorietta,train,video:ppZ8lAzi6eE
video/glorietta/ppZ8lAzi6eE_01494.jpg,glorietta,train,video:ppZ8lAzi6eE
video/glorietta/ppZ8lAzi6eE_01605.jpg,glorietta,train,video:ppZ8lAzi6eE
video/glorietta/ppZ8lAzi6eE_01716.jpg,glorietta,train,video:ppZ8lAzi6eE
video/glorietta/ppZ8lAzi6eE_01826.jpg,glorietta,train,video:ppZ8lAzi6eE
video/glorietta/ppZ8lAzi6eE_01937.jpg,glorietta,train,video:ppZ8lAzi6eE
video/glorietta/ppZ8lAzi6eE_02048.jpg,glorietta,train,video:ppZ8lAzi6eE
video/glorietta/ppZ8lAzi6eE_02158.jpg,glorietta,train,video:ppZ8lAzi6eE
video/glorietta/ppZ8lAzi6eE_02269.jpg,glorietta,train,video:ppZ8lAzi6eE
video/glorietta/ppZ8lAzi6eE_02380.jpg,glorietta,train,video:ppZ8lAzi6eE
video/glorietta/ppZ8lAzi6eE_02491.jpg,glorietta,train,video:ppZ8lAzi6eE
video/glorietta/ppZ8lAzi6eE_02601.jpg,glorietta,train,video:ppZ8lAzi6eE
video/glorietta/ppZ8lAzi6eE_02712.jpg,glorietta,train,video:ppZ8lAzi6eE
video/glorietta/ppZ8lAzi6eE_02823.jpg,glorietta,train,video:ppZ8lAzi6eE
video/glorietta/ppZ8lAzi6eE_02933.jpg,glorietta,train,video:ppZ8lAzi6eE
video/glorietta/ppZ8lAzi6eE_03044.jpg,glorietta,train,video:ppZ8lAzi6eE
video/glorietta/ppZ8lAzi6eE_03155.jpg,glorietta,train,video:ppZ8lAzi6eE
video/glorietta/ppZ8lAzi6eE_03265.jpg,glorietta,train,video:ppZ8lAzi6eE
video/glorietta/ppZ8lAzi6eE_03376.jpg,glorietta,train,video:ppZ8lAzi6eE
video/glorietta/ppZ8lAzi6eE_03487.jpg,glorietta,train,video:ppZ8lAzi6eE
video/glorietta/ppZ8lAzi6eE_03598.jpg,glorietta,train,video:ppZ8lAzi6eE
video/glorietta/ppZ8lAzi6eE_03708.jpg,glorietta,train,video:ppZ8lAzi6eE
video/glorietta/ppZ8lAzi6eE_03819.jpg,glorietta,train,video:ppZ8lAzi6eE
video/glorietta/ppZ8lAzi6eE_03930.jpg,glorietta,train,video:ppZ8lAzi6eE
video/glorietta/ppZ8lAzi6eE_04040.jpg,glorietta,train,video:ppZ8lAzi6eE
video/glorietta/ppZ8lAzi6eE_04151.jpg,glorietta,train,video:ppZ8lAzi6eE
video/glorietta/ppZ8lAzi6eE_04262.jpg,glorietta,train,video:ppZ8lAzi6eE
video/glorietta/ppZ8lAzi6eE_04373.jpg,glorietta,train,video:ppZ8lAzi6eE
video/glorietta/ppZ8lAzi6eE_04483.jpg,glorietta,train,video:ppZ8lAzi6eE
video/glorietta/ppZ8lAzi6eE_04594.jpg,glorietta,train,video:ppZ8lAzi6eE
video/glorietta/ppZ8lAzi6eE_04705.jpg,glorietta,train,video:ppZ8lAzi6eE
video/glorietta/ppZ8lAzi6eE_04815.jpg,glorietta,train,video:ppZ8lAzi6eE
video/glorietta/ppZ8lAzi6eE_04926.jpg,glorietta,train,video:ppZ8lAzi6eE
video/greenbelt/1MNDATxLUEo_00025.jpg,greenbelt,train,video:1MNDATxLUEo
video/greenbelt/1MNDATxLUEo_00077.jpg,greenbelt,train,video:1MNDATxLUEo
video/greenbelt/1MNDATxLUEo_00128.jpg,greenbelt,train,video:1MNDATxLUEo
video/greenbelt/1MNDATxLUEo_00180.jpg,greenbelt,train,video:1MNDATxLUEo
video/greenbelt/1MNDATxLUEo_00231.jpg,greenbelt,train,video:1MNDATxLUEo
video/greenbelt/1MNDATxLUEo_00283.jpg,greenbelt,train,video:1MNDATxLUEo
video/greenbelt/1MNDATxLUEo_00334.jpg,greenbelt,train,video:1MNDATxLUEo
video/greenbelt/1MNDATxLUEo_00386.jpg,greenbelt,train,video:1MNDATxLUEo
video/greenbelt/1MNDATxLUEo_00437.jpg,greenbelt,train,video:1MNDATxLUEo
video/greenbelt/1MNDATxLUEo_00488.jpg,greenbelt,train,video:1MNDATxLUEo
video/greenbelt/1MNDATxLUEo_00540.jpg,greenbelt,train,video:1MNDATxLUEo
video/greenbelt/1MNDATxLUEo_00591.jpg,greenbelt,train,video:1MNDATxLUEo
video/greenbelt/1MNDATxLUEo_00643.jpg,greenbelt,train,video:1MNDATxLUEo
video/greenbelt/1MNDATxLUEo_00694.jpg,greenbelt,train,video:1MNDATxLUEo
video/greenbelt/1MNDATxLUEo_00746.jpg,greenbelt,train,video:1MNDATxLUEo
video/greenbelt/1MNDATxLUEo_00797.jpg,greenbelt,train,video:1MNDATxLUEo
video/greenbelt/1MNDATxLUEo_00849.jpg,greenbelt,train,video:1MNDATxLUEo
video/greenbelt/1MNDATxLUEo_00900.jpg,greenbelt,train,video:1MNDATxLUEo
video/greenbelt/1MNDATxLUEo_00952.jpg,greenbelt,train,video:1MNDATxLUEo
video/greenbelt/1MNDATxLUEo_01003.jpg,greenbelt,train,video:1MNDATxLUEo
video/greenbelt/1MNDATxLUEo_01055.jpg,greenbelt,train,video:1MNDATxLUEo
video/greenbelt/1MNDATxLUEo_01106.jpg,greenbelt,train,video:1MNDATxLUEo
video/greenbelt/1MNDATxLUEo_01158.jpg,greenbelt,train,video:1MNDATxLUEo
video/greenbelt/1MNDATxLUEo_01209.jpg,greenbelt,train,video:1MNDATxLUEo
video/greenbelt/1MNDATxLUEo_01260.jpg,greenbelt,train,video:1MNDATxLUEo
video/greenbelt/1MNDATxLUEo_01312.jpg,greenbelt,train,video:1MNDATxLUEo
video/greenbelt/1MNDATxLUEo_01363.jpg,greenbelt,train,video:1MNDATxLUEo
video/greenbelt/1MNDATxLUEo_01415.jpg,greenbelt,train,video:1MNDATxLUEo
video/greenbelt/1MNDATxLUEo_01466.jpg,greenbelt,train,video:1MNDATxLUEo
video/greenbelt/1MNDATxLUEo_01518.jpg,greenbelt,train,video:1MNDATxLUEo
video/greenbelt/1MNDATxLUEo_01569.jpg,greenbelt,train,video:1MNDATxLUEo
video/greenbelt/1MNDATxLUEo_01621.jpg,greenbelt,train,video:1MNDATxLUEo
video/greenbelt/1MNDATxLUEo_01672.jpg,greenbelt,train,video:1MNDATxLUEo
video/greenbelt/1MNDATxLUEo_01724.jpg,greenbelt,train,video:1MNDATxLUEo
video/greenbelt/1MNDATxLUEo_01775.jpg,greenbelt,train,video:1MNDATxLUEo
video/greenbelt/1MNDATxLUEo_01827.jpg,greenbelt,train,video:1MNDATxLUEo
video/greenbelt/1MNDATxLUEo_01878.jpg,greenbelt,train,video:1MNDATxLUEo
video/greenbelt/1MNDATxLUEo_01930.jpg,greenbelt,train,video:1MNDATxLUEo
video/greenbelt/1MNDATxLUEo_01981.jpg,greenbelt,train,video:1MNDATxLUEo
video/greenbelt/1MNDATxLUEo_02032.jpg,greenbelt,train,video:1MNDATxLUEo
video/greenbelt/1MNDATxLUEo_02084.jpg,greenbelt,train,video:1MNDATxLUEo
video/greenbelt/1MNDATxLUEo_02135.jpg,greenbelt,train,video:1MNDATxLUEo
video/greenbelt/1MNDATxLUEo_02187.jpg,greenbelt,train,video:1MNDATxLUEo
video/greenbelt/1MNDATxLUEo_02238.jpg,greenbelt,train,video:1MNDATxLUEo
video/greenbelt/1MNDATxLUEo_02290.jpg,greenbelt,train,video:1MNDATxLUEo
video/greenbelt/2agrUzYeNTE_00029.jpg,greenbelt,test,video:2agrUzYeNTE
video/greenbelt/2agrUzYeNTE_00088.jpg,greenbelt,test,video:2agrUzYeNTE
video/greenbelt/2agrUzYeNTE_00147.jpg,greenbelt,test,video:2agrUzYeNTE
video/greenbelt/2agrUzYeNTE_00205.jpg,greenbelt,test,video:2agrUzYeNTE
video/greenbelt/2agrUzYeNTE_00264.jpg,greenbelt,test,video:2agrUzYeNTE
video/greenbelt/2agrUzYeNTE_00323.jpg,greenbelt,test,video:2agrUzYeNTE
video/greenbelt/2agrUzYeNTE_00382.jpg,greenbelt,test,video:2agrUzYeNTE
video/greenbelt/2agrUzYeNTE_00441.jpg,greenbelt,test,video:2agrUzYeNTE
video/greenbelt/2agrUzYeNTE_00500.jpg,greenbelt,test,video:2agrUzYeNTE
video/greenbelt/2agrUzYeNTE_00559.jpg,greenbelt,test,video:2agrUzYeNTE
video/greenbelt/2agrUzYeNTE_00617.jpg,greenbelt,test,video:2agrUzYeNTE
video/greenbelt/2agrUzYeNTE_00676.jpg,greenbelt,test,video:2agrUzYeNTE
video/greenbelt/2agrUzYeNTE_00735.jpg,greenbelt,test,video:2agrUzYeNTE
video/greenbelt/2agrUzYeNTE_00794.jpg,greenbelt,test,video:2agrUzYeNTE
video/greenbelt/2agrUzYeNTE_00853.jpg,greenbelt,test,video:2agrUzYeNTE
video/greenbelt/2agrUzYeNTE_00912.jpg,greenbelt,test,video:2agrUzYeNTE
video/greenbelt/2agrUzYeNTE_00970.jpg,greenbelt,test,video:2agrUzYeNTE
video/greenbelt/2agrUzYeNTE_01029.jpg,greenbelt,test,video:2agrUzYeNTE
video/greenbelt/2agrUzYeNTE_01088.jpg,greenbelt,test,video:2agrUzYeNTE
video/greenbelt/2agrUzYeNTE_01147.jpg,greenbelt,test,video:2agrUzYeNTE
video/greenbelt/2agrUzYeNTE_01206.jpg,greenbelt,test,video:2agrUzYeNTE
video/greenbelt/2agrUzYeNTE_01265.jpg,greenbelt,test,video:2agrUzYeNTE
video/greenbelt/2agrUzYeNTE_01324.jpg,greenbelt,test,video:2agrUzYeNTE
video/greenbelt/2agrUzYeNTE_01382.jpg,greenbelt,test,video:2agrUzYeNTE
video/greenbelt/2agrUzYeNTE_01441.jpg,greenbelt,test,video:2agrUzYeNTE
video/greenbelt/2agrUzYeNTE_01500.jpg,greenbelt,test,video:2agrUzYeNTE
video/greenbelt/2agrUzYeNTE_01559.jpg,greenbelt,test,video:2agrUzYeNTE
video/greenbelt/2agrUzYeNTE_01618.jpg,greenbelt,test,video:2agrUzYeNTE
video/greenbelt/2agrUzYeNTE_01677.jpg,greenbelt,test,video:2agrUzYeNTE
video/greenbelt/2agrUzYeNTE_01735.jpg,greenbelt,test,video:2agrUzYeNTE
video/greenbelt/2agrUzYeNTE_01794.jpg,greenbelt,test,video:2agrUzYeNTE
video/greenbelt/2agrUzYeNTE_01853.jpg,greenbelt,test,video:2agrUzYeNTE
video/greenbelt/2agrUzYeNTE_01912.jpg,greenbelt,test,video:2agrUzYeNTE
video/greenbelt/2agrUzYeNTE_01971.jpg,greenbelt,test,video:2agrUzYeNTE
video/greenbelt/2agrUzYeNTE_02030.jpg,greenbelt,test,video:2agrUzYeNTE
video/greenbelt/2agrUzYeNTE_02088.jpg,greenbelt,test,video:2agrUzYeNTE
video/greenbelt/2agrUzYeNTE_02147.jpg,greenbelt,test,video:2agrUzYeNTE
video/greenbelt/2agrUzYeNTE_02206.jpg,greenbelt,test,video:2agrUzYeNTE
video/greenbelt/2agrUzYeNTE_02265.jpg,greenbelt,test,video:2agrUzYeNTE
video/greenbelt/2agrUzYeNTE_02324.jpg,greenbelt,test,video:2agrUzYeNTE
video/greenbelt/2agrUzYeNTE_02383.jpg,greenbelt,test,video:2agrUzYeNTE
video/greenbelt/2agrUzYeNTE_02442.jpg,greenbelt,test,video:2agrUzYeNTE
video/greenbelt/2agrUzYeNTE_02500.jpg,greenbelt,test,video:2agrUzYeNTE
video/greenbelt/2agrUzYeNTE_02559.jpg,greenbelt,test,video:2agrUzYeNTE
video/greenbelt/2agrUzYeNTE_02618.jpg,greenbelt,test,video:2agrUzYeNTE
video/greenbelt/8L3ql7-JvXc_00025.jpg,greenbelt,train,video:8L3ql7-JvXc
video/greenbelt/8L3ql7-JvXc_00077.jpg,greenbelt,train,video:8L3ql7-JvXc
video/greenbelt/8L3ql7-JvXc_00129.jpg,greenbelt,train,video:8L3ql7-JvXc
video/greenbelt/8L3ql7-JvXc_00180.jpg,greenbelt,train,video:8L3ql7-JvXc
video/greenbelt/8L3ql7-JvXc_00232.jpg,greenbelt,train,video:8L3ql7-JvXc
video/greenbelt/8L3ql7-JvXc_00284.jpg,greenbelt,train,video:8L3ql7-JvXc
video/greenbelt/8L3ql7-JvXc_00335.jpg,greenbelt,train,video:8L3ql7-JvXc
video/greenbelt/8L3ql7-JvXc_00387.jpg,greenbelt,train,video:8L3ql7-JvXc
video/greenbelt/8L3ql7-JvXc_00438.jpg,greenbelt,train,video:8L3ql7-JvXc
video/greenbelt/8L3ql7-JvXc_00490.jpg,greenbelt,train,video:8L3ql7-JvXc
video/greenbelt/8L3ql7-JvXc_00542.jpg,greenbelt,train,video:8L3ql7-JvXc
video/greenbelt/8L3ql7-JvXc_00593.jpg,greenbelt,train,video:8L3ql7-JvXc
video/greenbelt/8L3ql7-JvXc_00645.jpg,greenbelt,train,video:8L3ql7-JvXc
video/greenbelt/8L3ql7-JvXc_00697.jpg,greenbelt,train,video:8L3ql7-JvXc
video/greenbelt/8L3ql7-JvXc_00748.jpg,greenbelt,train,video:8L3ql7-JvXc
video/greenbelt/8L3ql7-JvXc_00800.jpg,greenbelt,train,video:8L3ql7-JvXc
video/greenbelt/8L3ql7-JvXc_00852.jpg,greenbelt,train,video:8L3ql7-JvXc
video/greenbelt/8L3ql7-JvXc_00903.jpg,greenbelt,train,video:8L3ql7-JvXc
video/greenbelt/8L3ql7-JvXc_00955.jpg,greenbelt,train,video:8L3ql7-JvXc
video/greenbelt/8L3ql7-JvXc_01007.jpg,greenbelt,train,video:8L3ql7-JvXc
video/greenbelt/8L3ql7-JvXc_01058.jpg,greenbelt,train,video:8L3ql7-JvXc
video/greenbelt/8L3ql7-JvXc_01110.jpg,greenbelt,train,video:8L3ql7-JvXc
video/greenbelt/8L3ql7-JvXc_01161.jpg,greenbelt,train,video:8L3ql7-JvXc
video/greenbelt/8L3ql7-JvXc_01213.jpg,greenbelt,train,video:8L3ql7-JvXc
video/greenbelt/8L3ql7-JvXc_01265.jpg,greenbelt,train,video:8L3ql7-JvXc
video/greenbelt/8L3ql7-JvXc_01316.jpg,greenbelt,train,video:8L3ql7-JvXc
video/greenbelt/8L3ql7-JvXc_01368.jpg,greenbelt,train,video:8L3ql7-JvXc
video/greenbelt/8L3ql7-JvXc_01420.jpg,greenbelt,train,video:8L3ql7-JvXc
video/greenbelt/8L3ql7-JvXc_01471.jpg,greenbelt,train,video:8L3ql7-JvXc
video/greenbelt/B5g1DiSSTk0_00022.jpg,greenbelt,train,video:B5g1DiSSTk0
video/greenbelt/B5g1DiSSTk0_00068.jpg,greenbelt,train,video:B5g1DiSSTk0
video/greenbelt/B5g1DiSSTk0_00113.jpg,greenbelt,train,video:B5g1DiSSTk0
video/greenbelt/B5g1DiSSTk0_00158.jpg,greenbelt,train,video:B5g1DiSSTk0
video/greenbelt/B5g1DiSSTk0_00204.jpg,greenbelt,train,video:B5g1DiSSTk0
video/greenbelt/B5g1DiSSTk0_00249.jpg,greenbelt,train,video:B5g1DiSSTk0
video/greenbelt/B5g1DiSSTk0_00295.jpg,greenbelt,train,video:B5g1DiSSTk0
video/greenbelt/B5g1DiSSTk0_00386.jpg,greenbelt,train,video:B5g1DiSSTk0
video/greenbelt/B5g1DiSSTk0_00431.jpg,greenbelt,train,video:B5g1DiSSTk0
video/greenbelt/B5g1DiSSTk0_00476.jpg,greenbelt,train,video:B5g1DiSSTk0
video/greenbelt/B5g1DiSSTk0_00522.jpg,greenbelt,train,video:B5g1DiSSTk0
video/greenbelt/B5g1DiSSTk0_00567.jpg,greenbelt,train,video:B5g1DiSSTk0
video/greenbelt/B5g1DiSSTk0_00613.jpg,greenbelt,train,video:B5g1DiSSTk0
video/greenbelt/B5g1DiSSTk0_00658.jpg,greenbelt,train,video:B5g1DiSSTk0
video/greenbelt/B5g1DiSSTk0_00704.jpg,greenbelt,train,video:B5g1DiSSTk0
video/greenbelt/B5g1DiSSTk0_00749.jpg,greenbelt,train,video:B5g1DiSSTk0
video/greenbelt/B5g1DiSSTk0_00794.jpg,greenbelt,train,video:B5g1DiSSTk0
video/greenbelt/B5g1DiSSTk0_00840.jpg,greenbelt,train,video:B5g1DiSSTk0
video/greenbelt/B5g1DiSSTk0_00885.jpg,greenbelt,train,video:B5g1DiSSTk0
video/greenbelt/B5g1DiSSTk0_00931.jpg,greenbelt,train,video:B5g1DiSSTk0
video/greenbelt/B5g1DiSSTk0_00976.jpg,greenbelt,train,video:B5g1DiSSTk0
video/greenbelt/B5g1DiSSTk0_01022.jpg,greenbelt,train,video:B5g1DiSSTk0
video/greenbelt/B5g1DiSSTk0_01067.jpg,greenbelt,train,video:B5g1DiSSTk0
video/greenbelt/B5g1DiSSTk0_01112.jpg,greenbelt,train,video:B5g1DiSSTk0
video/greenbelt/B5g1DiSSTk0_01158.jpg,greenbelt,train,video:B5g1DiSSTk0
video/greenbelt/B5g1DiSSTk0_01203.jpg,greenbelt,train,video:B5g1DiSSTk0
video/greenbelt/B5g1DiSSTk0_01249.jpg,greenbelt,train,video:B5g1DiSSTk0
video/greenbelt/B5g1DiSSTk0_01294.jpg,greenbelt,train,video:B5g1DiSSTk0
video/greenbelt/B5g1DiSSTk0_01339.jpg,greenbelt,train,video:B5g1DiSSTk0
video/greenbelt/B5g1DiSSTk0_01385.jpg,greenbelt,train,video:B5g1DiSSTk0
video/greenbelt/B5g1DiSSTk0_01430.jpg,greenbelt,train,video:B5g1DiSSTk0
video/greenbelt/B5g1DiSSTk0_01521.jpg,greenbelt,train,video:B5g1DiSSTk0
video/greenbelt/B5g1DiSSTk0_01567.jpg,greenbelt,train,video:B5g1DiSSTk0
video/greenbelt/B5g1DiSSTk0_01612.jpg,greenbelt,train,video:B5g1DiSSTk0
video/greenbelt/B5g1DiSSTk0_01657.jpg,greenbelt,train,video:B5g1DiSSTk0
video/greenbelt/B5g1DiSSTk0_01703.jpg,greenbelt,train,video:B5g1DiSSTk0
video/greenbelt/B5g1DiSSTk0_01748.jpg,greenbelt,train,video:B5g1DiSSTk0
video/greenbelt/B5g1DiSSTk0_01794.jpg,greenbelt,train,video:B5g1DiSSTk0
video/greenbelt/B5g1DiSSTk0_01839.jpg,greenbelt,train,video:B5g1DiSSTk0
video/greenbelt/B5g1DiSSTk0_01885.jpg,greenbelt,train,video:B5g1DiSSTk0
video/greenbelt/B5g1DiSSTk0_01930.jpg,greenbelt,train,video:B5g1DiSSTk0
video/greenbelt/B5g1DiSSTk0_01975.jpg,greenbelt,train,video:B5g1DiSSTk0
video/greenbelt/B5g1DiSSTk0_02021.jpg,greenbelt,train,video:B5g1DiSSTk0
video/greenbelt/DhuVLhdrJvY_00019.jpg,greenbelt,val,video:DhuVLhdrJvY
video/greenbelt/DhuVLhdrJvY_00059.jpg,greenbelt,val,video:DhuVLhdrJvY
video/greenbelt/DhuVLhdrJvY_00099.jpg,greenbelt,val,video:DhuVLhdrJvY
video/greenbelt/DhuVLhdrJvY_00139.jpg,greenbelt,val,video:DhuVLhdrJvY
video/greenbelt/DhuVLhdrJvY_00178.jpg,greenbelt,val,video:DhuVLhdrJvY
video/greenbelt/DhuVLhdrJvY_00218.jpg,greenbelt,val,video:DhuVLhdrJvY
video/greenbelt/DhuVLhdrJvY_00258.jpg,greenbelt,val,video:DhuVLhdrJvY
video/greenbelt/DhuVLhdrJvY_00298.jpg,greenbelt,val,video:DhuVLhdrJvY
video/greenbelt/DhuVLhdrJvY_00337.jpg,greenbelt,val,video:DhuVLhdrJvY
video/greenbelt/DhuVLhdrJvY_00377.jpg,greenbelt,val,video:DhuVLhdrJvY
video/greenbelt/DhuVLhdrJvY_00417.jpg,greenbelt,val,video:DhuVLhdrJvY
video/greenbelt/DhuVLhdrJvY_00457.jpg,greenbelt,val,video:DhuVLhdrJvY
video/greenbelt/DhuVLhdrJvY_00496.jpg,greenbelt,val,video:DhuVLhdrJvY
video/greenbelt/DhuVLhdrJvY_00536.jpg,greenbelt,val,video:DhuVLhdrJvY
video/greenbelt/DhuVLhdrJvY_00576.jpg,greenbelt,val,video:DhuVLhdrJvY
video/greenbelt/DhuVLhdrJvY_00616.jpg,greenbelt,val,video:DhuVLhdrJvY
video/greenbelt/DhuVLhdrJvY_00655.jpg,greenbelt,val,video:DhuVLhdrJvY
video/greenbelt/DhuVLhdrJvY_00695.jpg,greenbelt,val,video:DhuVLhdrJvY
video/greenbelt/DhuVLhdrJvY_00735.jpg,greenbelt,val,video:DhuVLhdrJvY
video/greenbelt/DhuVLhdrJvY_00775.jpg,greenbelt,val,video:DhuVLhdrJvY
video/greenbelt/DhuVLhdrJvY_00814.jpg,greenbelt,val,video:DhuVLhdrJvY
video/greenbelt/DhuVLhdrJvY_00854.jpg,greenbelt,val,video:DhuVLhdrJvY
video/greenbelt/DhuVLhdrJvY_00894.jpg,greenbelt,val,video:DhuVLhdrJvY
video/greenbelt/DhuVLhdrJvY_00934.jpg,greenbelt,val,video:DhuVLhdrJvY
video/greenbelt/DhuVLhdrJvY_00974.jpg,greenbelt,val,video:DhuVLhdrJvY
video/greenbelt/DhuVLhdrJvY_01013.jpg,greenbelt,val,video:DhuVLhdrJvY
video/greenbelt/DhuVLhdrJvY_01053.jpg,greenbelt,val,video:DhuVLhdrJvY
video/greenbelt/DhuVLhdrJvY_01093.jpg,greenbelt,val,video:DhuVLhdrJvY
video/greenbelt/DhuVLhdrJvY_01133.jpg,greenbelt,val,video:DhuVLhdrJvY
video/greenbelt/DhuVLhdrJvY_01172.jpg,greenbelt,val,video:DhuVLhdrJvY
video/greenbelt/DhuVLhdrJvY_01212.jpg,greenbelt,val,video:DhuVLhdrJvY
video/greenbelt/DhuVLhdrJvY_01252.jpg,greenbelt,val,video:DhuVLhdrJvY
video/greenbelt/DhuVLhdrJvY_01292.jpg,greenbelt,val,video:DhuVLhdrJvY
video/greenbelt/DhuVLhdrJvY_01331.jpg,greenbelt,val,video:DhuVLhdrJvY
video/greenbelt/DhuVLhdrJvY_01371.jpg,greenbelt,val,video:DhuVLhdrJvY
video/greenbelt/DhuVLhdrJvY_01411.jpg,greenbelt,val,video:DhuVLhdrJvY
video/greenbelt/DhuVLhdrJvY_01451.jpg,greenbelt,val,video:DhuVLhdrJvY
video/greenbelt/DhuVLhdrJvY_01490.jpg,greenbelt,val,video:DhuVLhdrJvY
video/greenbelt/DhuVLhdrJvY_01530.jpg,greenbelt,val,video:DhuVLhdrJvY
video/greenbelt/DhuVLhdrJvY_01570.jpg,greenbelt,val,video:DhuVLhdrJvY
video/greenbelt/DhuVLhdrJvY_01610.jpg,greenbelt,val,video:DhuVLhdrJvY
video/greenbelt/DhuVLhdrJvY_01649.jpg,greenbelt,val,video:DhuVLhdrJvY
video/greenbelt/DhuVLhdrJvY_01689.jpg,greenbelt,val,video:DhuVLhdrJvY
video/greenbelt/DhuVLhdrJvY_01729.jpg,greenbelt,val,video:DhuVLhdrJvY
video/greenbelt/HAd3O3KxQ5s_00010.jpg,greenbelt,train,video:HAd3O3KxQ5s
video/greenbelt/HAd3O3KxQ5s_00031.jpg,greenbelt,train,video:HAd3O3KxQ5s
video/greenbelt/HAd3O3KxQ5s_00052.jpg,greenbelt,train,video:HAd3O3KxQ5s
video/greenbelt/HAd3O3KxQ5s_00073.jpg,greenbelt,train,video:HAd3O3KxQ5s
video/greenbelt/HAd3O3KxQ5s_00094.jpg,greenbelt,train,video:HAd3O3KxQ5s
video/greenbelt/HAd3O3KxQ5s_00115.jpg,greenbelt,train,video:HAd3O3KxQ5s
video/greenbelt/HAd3O3KxQ5s_00136.jpg,greenbelt,train,video:HAd3O3KxQ5s
video/greenbelt/HAd3O3KxQ5s_00157.jpg,greenbelt,train,video:HAd3O3KxQ5s
video/greenbelt/HAd3O3KxQ5s_00177.jpg,greenbelt,train,video:HAd3O3KxQ5s
video/greenbelt/HAd3O3KxQ5s_00198.jpg,greenbelt,train,video:HAd3O3KxQ5s
video/greenbelt/HAd3O3KxQ5s_00219.jpg,greenbelt,train,video:HAd3O3KxQ5s
video/greenbelt/HAd3O3KxQ5s_00240.jpg,greenbelt,train,video:HAd3O3KxQ5s
video/greenbelt/HAd3O3KxQ5s_00261.jpg,greenbelt,train,video:HAd3O3KxQ5s
video/greenbelt/HAd3O3KxQ5s_00282.jpg,greenbelt,train,video:HAd3O3KxQ5s
video/greenbelt/HAd3O3KxQ5s_00303.jpg,greenbelt,train,video:HAd3O3KxQ5s
video/greenbelt/HAd3O3KxQ5s_00324.jpg,greenbelt,train,video:HAd3O3KxQ5s
video/greenbelt/HAd3O3KxQ5s_00345.jpg,greenbelt,train,video:HAd3O3KxQ5s
video/greenbelt/HAd3O3KxQ5s_00366.jpg,greenbelt,train,video:HAd3O3KxQ5s
video/greenbelt/HAd3O3KxQ5s_00387.jpg,greenbelt,train,video:HAd3O3KxQ5s
video/greenbelt/HAd3O3KxQ5s_00408.jpg,greenbelt,train,video:HAd3O3KxQ5s
video/greenbelt/HAd3O3KxQ5s_00429.jpg,greenbelt,train,video:HAd3O3KxQ5s
video/greenbelt/HAd3O3KxQ5s_00450.jpg,greenbelt,train,video:HAd3O3KxQ5s
video/greenbelt/HAd3O3KxQ5s_00471.jpg,greenbelt,train,video:HAd3O3KxQ5s
video/greenbelt/HAd3O3KxQ5s_00491.jpg,greenbelt,train,video:HAd3O3KxQ5s
video/greenbelt/HAd3O3KxQ5s_00512.jpg,greenbelt,train,video:HAd3O3KxQ5s
video/greenbelt/HAd3O3KxQ5s_00533.jpg,greenbelt,train,video:HAd3O3KxQ5s
video/greenbelt/HAd3O3KxQ5s_00554.jpg,greenbelt,train,video:HAd3O3KxQ5s
video/greenbelt/HAd3O3KxQ5s_00575.jpg,greenbelt,train,video:HAd3O3KxQ5s
video/greenbelt/HAd3O3KxQ5s_00596.jpg,greenbelt,train,video:HAd3O3KxQ5s
video/greenbelt/HAd3O3KxQ5s_00617.jpg,greenbelt,train,video:HAd3O3KxQ5s
video/greenbelt/HAd3O3KxQ5s_00638.jpg,greenbelt,train,video:HAd3O3KxQ5s
video/greenbelt/HAd3O3KxQ5s_00659.jpg,greenbelt,train,video:HAd3O3KxQ5s
video/greenbelt/HAd3O3KxQ5s_00680.jpg,greenbelt,train,video:HAd3O3KxQ5s
video/greenbelt/HAd3O3KxQ5s_00701.jpg,greenbelt,train,video:HAd3O3KxQ5s
video/greenbelt/HAd3O3KxQ5s_00722.jpg,greenbelt,train,video:HAd3O3KxQ5s
video/greenbelt/HAd3O3KxQ5s_00743.jpg,greenbelt,train,video:HAd3O3KxQ5s
video/greenbelt/HAd3O3KxQ5s_00764.jpg,greenbelt,train,video:HAd3O3KxQ5s
video/greenbelt/HAd3O3KxQ5s_00784.jpg,greenbelt,train,video:HAd3O3KxQ5s
video/greenbelt/HAd3O3KxQ5s_00805.jpg,greenbelt,train,video:HAd3O3KxQ5s
video/greenbelt/HAd3O3KxQ5s_00826.jpg,greenbelt,train,video:HAd3O3KxQ5s
video/greenbelt/HAd3O3KxQ5s_00847.jpg,greenbelt,train,video:HAd3O3KxQ5s
video/greenbelt/HAd3O3KxQ5s_00868.jpg,greenbelt,train,video:HAd3O3KxQ5s
video/greenbelt/HAd3O3KxQ5s_00889.jpg,greenbelt,train,video:HAd3O3KxQ5s
video/greenbelt/HAd3O3KxQ5s_00910.jpg,greenbelt,train,video:HAd3O3KxQ5s
video/greenbelt/HAd3O3KxQ5s_00931.jpg,greenbelt,train,video:HAd3O3KxQ5s
video/greenbelt/UXlfVPJHp14_00039.jpg,greenbelt,train,video:UXlfVPJHp14
video/greenbelt/UXlfVPJHp14_00119.jpg,greenbelt,train,video:UXlfVPJHp14
video/greenbelt/UXlfVPJHp14_00199.jpg,greenbelt,train,video:UXlfVPJHp14
video/greenbelt/UXlfVPJHp14_00279.jpg,greenbelt,train,video:UXlfVPJHp14
video/greenbelt/UXlfVPJHp14_00359.jpg,greenbelt,train,video:UXlfVPJHp14
video/greenbelt/UXlfVPJHp14_00439.jpg,greenbelt,train,video:UXlfVPJHp14
video/greenbelt/UXlfVPJHp14_00519.jpg,greenbelt,train,video:UXlfVPJHp14
video/greenbelt/UXlfVPJHp14_00599.jpg,greenbelt,train,video:UXlfVPJHp14
video/greenbelt/UXlfVPJHp14_00679.jpg,greenbelt,train,video:UXlfVPJHp14
video/greenbelt/UXlfVPJHp14_00759.jpg,greenbelt,train,video:UXlfVPJHp14
video/greenbelt/UXlfVPJHp14_00839.jpg,greenbelt,train,video:UXlfVPJHp14
video/greenbelt/UXlfVPJHp14_00919.jpg,greenbelt,train,video:UXlfVPJHp14
video/greenbelt/UXlfVPJHp14_00999.jpg,greenbelt,train,video:UXlfVPJHp14
video/greenbelt/UXlfVPJHp14_01079.jpg,greenbelt,train,video:UXlfVPJHp14
video/greenbelt/UXlfVPJHp14_01159.jpg,greenbelt,train,video:UXlfVPJHp14
video/greenbelt/UXlfVPJHp14_01239.jpg,greenbelt,train,video:UXlfVPJHp14
video/greenbelt/UXlfVPJHp14_01319.jpg,greenbelt,train,video:UXlfVPJHp14
video/greenbelt/UXlfVPJHp14_01399.jpg,greenbelt,train,video:UXlfVPJHp14
video/greenbelt/UXlfVPJHp14_01479.jpg,greenbelt,train,video:UXlfVPJHp14
video/greenbelt/UXlfVPJHp14_01559.jpg,greenbelt,train,video:UXlfVPJHp14
video/greenbelt/UXlfVPJHp14_01639.jpg,greenbelt,train,video:UXlfVPJHp14
video/greenbelt/UXlfVPJHp14_01719.jpg,greenbelt,train,video:UXlfVPJHp14
video/greenbelt/UXlfVPJHp14_01799.jpg,greenbelt,train,video:UXlfVPJHp14
video/greenbelt/UXlfVPJHp14_01879.jpg,greenbelt,train,video:UXlfVPJHp14
video/greenbelt/UXlfVPJHp14_01959.jpg,greenbelt,train,video:UXlfVPJHp14
video/greenbelt/UXlfVPJHp14_02039.jpg,greenbelt,train,video:UXlfVPJHp14
video/greenbelt/UXlfVPJHp14_02119.jpg,greenbelt,train,video:UXlfVPJHp14
video/greenbelt/UXlfVPJHp14_02199.jpg,greenbelt,train,video:UXlfVPJHp14
video/greenbelt/UXlfVPJHp14_02279.jpg,greenbelt,train,video:UXlfVPJHp14
video/greenbelt/UXlfVPJHp14_02359.jpg,greenbelt,train,video:UXlfVPJHp14
video/greenbelt/UXlfVPJHp14_02439.jpg,greenbelt,train,video:UXlfVPJHp14
video/greenbelt/UXlfVPJHp14_02519.jpg,greenbelt,train,video:UXlfVPJHp14
video/greenbelt/UXlfVPJHp14_02599.jpg,greenbelt,train,video:UXlfVPJHp14
video/greenbelt/UXlfVPJHp14_02679.jpg,greenbelt,train,video:UXlfVPJHp14
video/greenbelt/UXlfVPJHp14_02759.jpg,greenbelt,train,video:UXlfVPJHp14
video/greenbelt/UXlfVPJHp14_02839.jpg,greenbelt,train,video:UXlfVPJHp14
video/greenbelt/UXlfVPJHp14_02919.jpg,greenbelt,train,video:UXlfVPJHp14
video/greenbelt/UXlfVPJHp14_02999.jpg,greenbelt,train,video:UXlfVPJHp14
video/greenbelt/UXlfVPJHp14_03079.jpg,greenbelt,train,video:UXlfVPJHp14
video/greenbelt/UXlfVPJHp14_03159.jpg,greenbelt,train,video:UXlfVPJHp14
video/greenbelt/UXlfVPJHp14_03239.jpg,greenbelt,train,video:UXlfVPJHp14
video/greenbelt/UXlfVPJHp14_03319.jpg,greenbelt,train,video:UXlfVPJHp14
video/greenbelt/UXlfVPJHp14_03399.jpg,greenbelt,train,video:UXlfVPJHp14
video/greenbelt/UXlfVPJHp14_03479.jpg,greenbelt,train,video:UXlfVPJHp14
video/greenbelt/UXlfVPJHp14_03559.jpg,greenbelt,train,video:UXlfVPJHp14
video/greenbelt/_XocDscBXv8_00027.jpg,greenbelt,val,video:_XocDscBXv8
video/greenbelt/_XocDscBXv8_00082.jpg,greenbelt,val,video:_XocDscBXv8
video/greenbelt/_XocDscBXv8_00138.jpg,greenbelt,val,video:_XocDscBXv8
video/greenbelt/_XocDscBXv8_00193.jpg,greenbelt,val,video:_XocDscBXv8
video/greenbelt/_XocDscBXv8_00248.jpg,greenbelt,val,video:_XocDscBXv8
video/greenbelt/_XocDscBXv8_00414.jpg,greenbelt,val,video:_XocDscBXv8
video/greenbelt/_XocDscBXv8_00470.jpg,greenbelt,val,video:_XocDscBXv8
video/greenbelt/_XocDscBXv8_00525.jpg,greenbelt,val,video:_XocDscBXv8
video/greenbelt/_XocDscBXv8_00580.jpg,greenbelt,val,video:_XocDscBXv8
video/greenbelt/_XocDscBXv8_00691.jpg,greenbelt,val,video:_XocDscBXv8
video/greenbelt/_XocDscBXv8_00746.jpg,greenbelt,val,video:_XocDscBXv8
video/greenbelt/_XocDscBXv8_00802.jpg,greenbelt,val,video:_XocDscBXv8
video/greenbelt/_XocDscBXv8_00857.jpg,greenbelt,val,video:_XocDscBXv8
video/greenbelt/_XocDscBXv8_00912.jpg,greenbelt,val,video:_XocDscBXv8
video/greenbelt/_XocDscBXv8_00967.jpg,greenbelt,val,video:_XocDscBXv8
video/greenbelt/_XocDscBXv8_01023.jpg,greenbelt,val,video:_XocDscBXv8
video/greenbelt/_XocDscBXv8_01078.jpg,greenbelt,val,video:_XocDscBXv8
video/greenbelt/_XocDscBXv8_01133.jpg,greenbelt,val,video:_XocDscBXv8
video/greenbelt/_XocDscBXv8_01189.jpg,greenbelt,val,video:_XocDscBXv8
video/greenbelt/_XocDscBXv8_01244.jpg,greenbelt,val,video:_XocDscBXv8
video/greenbelt/_XocDscBXv8_01299.jpg,greenbelt,val,video:_XocDscBXv8
video/greenbelt/_XocDscBXv8_01355.jpg,greenbelt,val,video:_XocDscBXv8
video/greenbelt/_XocDscBXv8_01410.jpg,greenbelt,val,video:_XocDscBXv8
video/greenbelt/_XocDscBXv8_01465.jpg,greenbelt,val,video:_XocDscBXv8
video/greenbelt/_XocDscBXv8_01521.jpg,greenbelt,val,video:_XocDscBXv8
video/greenbelt/_XocDscBXv8_01576.jpg,greenbelt,val,video:_XocDscBXv8
video/greenbelt/_XocDscBXv8_01631.jpg,greenbelt,val,video:_XocDscBXv8
video/greenbelt/_XocDscBXv8_01686.jpg,greenbelt,val,video:_XocDscBXv8
video/greenbelt/_XocDscBXv8_01742.jpg,greenbelt,val,video:_XocDscBXv8
video/greenbelt/_XocDscBXv8_01797.jpg,greenbelt,val,video:_XocDscBXv8
video/greenbelt/_XocDscBXv8_01852.jpg,greenbelt,val,video:_XocDscBXv8
video/greenbelt/_XocDscBXv8_01908.jpg,greenbelt,val,video:_XocDscBXv8
video/greenbelt/_XocDscBXv8_01963.jpg,greenbelt,val,video:_XocDscBXv8
video/greenbelt/_XocDscBXv8_02018.jpg,greenbelt,val,video:_XocDscBXv8
video/greenbelt/_XocDscBXv8_02074.jpg,greenbelt,val,video:_XocDscBXv8
video/greenbelt/_XocDscBXv8_02129.jpg,greenbelt,val,video:_XocDscBXv8
video/greenbelt/_XocDscBXv8_02184.jpg,greenbelt,val,video:_XocDscBXv8
video/greenbelt/_XocDscBXv8_02240.jpg,greenbelt,val,video:_XocDscBXv8
video/greenbelt/_XocDscBXv8_02295.jpg,greenbelt,val,video:_XocDscBXv8
video/greenbelt/_XocDscBXv8_02350.jpg,greenbelt,val,video:_XocDscBXv8
video/greenbelt/_XocDscBXv8_02406.jpg,greenbelt,val,video:_XocDscBXv8
video/greenbelt/_XocDscBXv8_02461.jpg,greenbelt,val,video:_XocDscBXv8
video/greenbelt/nBWlV94RP08_00069.jpg,greenbelt,train,video:nBWlV94RP08
video/greenbelt/nBWlV94RP08_00084.jpg,greenbelt,train,video:nBWlV94RP08
video/greenbelt/nBWlV94RP08_00099.jpg,greenbelt,train,video:nBWlV94RP08
video/greenbelt/nBWlV94RP08_00115.jpg,greenbelt,train,video:nBWlV94RP08
video/greenbelt/nBWlV94RP08_00130.jpg,greenbelt,train,video:nBWlV94RP08
video/greenbelt/nBWlV94RP08_00145.jpg,greenbelt,train,video:nBWlV94RP08
video/greenbelt/nBWlV94RP08_00161.jpg,ayala_museum,val,video:nBWlV94RP08
video/greenbelt/nBWlV94RP08_00176.jpg,greenbelt,train,video:nBWlV94RP08
video/greenbelt/nBWlV94RP08_00191.jpg,greenbelt,train,video:nBWlV94RP08
video/greenbelt/nBWlV94RP08_00207.jpg,greenbelt,train,video:nBWlV94RP08
video/greenbelt/nBWlV94RP08_00222.jpg,greenbelt,train,video:nBWlV94RP08
video/greenbelt/nBWlV94RP08_00238.jpg,greenbelt,train,video:nBWlV94RP08
video/greenbelt/nBWlV94RP08_00253.jpg,greenbelt,train,video:nBWlV94RP08
video/greenbelt/nBWlV94RP08_00268.jpg,greenbelt,train,video:nBWlV94RP08
video/greenbelt/nBWlV94RP08_00284.jpg,greenbelt,train,video:nBWlV94RP08
video/greenbelt/nBWlV94RP08_00299.jpg,greenbelt,train,video:nBWlV94RP08
video/greenbelt/nBWlV94RP08_00314.jpg,greenbelt,train,video:nBWlV94RP08
video/greenbelt/nBWlV94RP08_00330.jpg,greenbelt,train,video:nBWlV94RP08
video/greenbelt/nBWlV94RP08_00345.jpg,greenbelt,train,video:nBWlV94RP08
video/greenbelt/nBWlV94RP08_00621.jpg,greenbelt,train,video:nBWlV94RP08
video/greenbelt/nBWlV94RP08_00637.jpg,greenbelt,train,video:nBWlV94RP08
video/greenbelt/nBWlV94RP08_00652.jpg,greenbelt,train,video:nBWlV94RP08
video/greenbelt/nBWlV94RP08_00667.jpg,greenbelt,train,video:nBWlV94RP08
video/greenbelt/nBWlV94RP08_00683.jpg,greenbelt,train,video:nBWlV94RP08
video/greenbelt/ozCbU_cZxYA_00041.jpg,greenbelt,train,video:ozCbU_cZxYA
video/greenbelt/ozCbU_cZxYA_00124.jpg,greenbelt,train,video:ozCbU_cZxYA
video/greenbelt/ozCbU_cZxYA_00206.jpg,greenbelt,train,video:ozCbU_cZxYA
video/greenbelt/ozCbU_cZxYA_00289.jpg,greenbelt,train,video:ozCbU_cZxYA
video/greenbelt/ozCbU_cZxYA_00372.jpg,greenbelt,train,video:ozCbU_cZxYA
video/greenbelt/ozCbU_cZxYA_00455.jpg,greenbelt,train,video:ozCbU_cZxYA
video/greenbelt/ozCbU_cZxYA_00537.jpg,greenbelt,train,video:ozCbU_cZxYA
video/greenbelt/ozCbU_cZxYA_00620.jpg,greenbelt,train,video:ozCbU_cZxYA
video/greenbelt/ozCbU_cZxYA_00703.jpg,greenbelt,train,video:ozCbU_cZxYA
video/greenbelt/ozCbU_cZxYA_00785.jpg,greenbelt,train,video:ozCbU_cZxYA
video/greenbelt/ozCbU_cZxYA_00868.jpg,greenbelt,train,video:ozCbU_cZxYA
video/greenbelt/ozCbU_cZxYA_00951.jpg,greenbelt,train,video:ozCbU_cZxYA
video/greenbelt/ozCbU_cZxYA_01034.jpg,greenbelt,train,video:ozCbU_cZxYA
video/greenbelt/ozCbU_cZxYA_01116.jpg,greenbelt,train,video:ozCbU_cZxYA
video/greenbelt/ozCbU_cZxYA_01199.jpg,greenbelt,train,video:ozCbU_cZxYA
video/greenbelt/ozCbU_cZxYA_01282.jpg,greenbelt,train,video:ozCbU_cZxYA
video/greenbelt/ozCbU_cZxYA_01365.jpg,greenbelt,train,video:ozCbU_cZxYA
video/greenbelt/ozCbU_cZxYA_01447.jpg,greenbelt,train,video:ozCbU_cZxYA
video/greenbelt/ozCbU_cZxYA_01530.jpg,greenbelt,train,video:ozCbU_cZxYA
video/greenbelt/ozCbU_cZxYA_01613.jpg,greenbelt,train,video:ozCbU_cZxYA
video/greenbelt/ozCbU_cZxYA_01696.jpg,greenbelt,train,video:ozCbU_cZxYA
video/greenbelt/ozCbU_cZxYA_01778.jpg,greenbelt,train,video:ozCbU_cZxYA
video/greenbelt/ozCbU_cZxYA_01861.jpg,greenbelt,train,video:ozCbU_cZxYA
video/greenbelt/ozCbU_cZxYA_01944.jpg,greenbelt,train,video:ozCbU_cZxYA
video/greenbelt/ozCbU_cZxYA_02026.jpg,greenbelt,train,video:ozCbU_cZxYA
video/greenbelt/ozCbU_cZxYA_02109.jpg,greenbelt,train,video:ozCbU_cZxYA
video/greenbelt/ozCbU_cZxYA_02192.jpg,greenbelt,train,video:ozCbU_cZxYA
video/greenbelt/ozCbU_cZxYA_02275.jpg,greenbelt,train,video:ozCbU_cZxYA
video/greenbelt/ozCbU_cZxYA_02357.jpg,greenbelt,train,video:ozCbU_cZxYA
video/greenbelt/ozCbU_cZxYA_02440.jpg,greenbelt,train,video:ozCbU_cZxYA
video/greenbelt/ozCbU_cZxYA_02523.jpg,greenbelt,train,video:ozCbU_cZxYA
video/greenbelt/ozCbU_cZxYA_02606.jpg,greenbelt,train,video:ozCbU_cZxYA
video/greenbelt/ozCbU_cZxYA_02688.jpg,greenbelt,train,video:ozCbU_cZxYA
video/greenbelt/ozCbU_cZxYA_02771.jpg,greenbelt,train,video:ozCbU_cZxYA
video/greenbelt/ozCbU_cZxYA_02854.jpg,greenbelt,train,video:ozCbU_cZxYA
video/greenbelt/ozCbU_cZxYA_02937.jpg,greenbelt,train,video:ozCbU_cZxYA
video/greenbelt/ozCbU_cZxYA_03019.jpg,greenbelt,train,video:ozCbU_cZxYA
video/greenbelt/ozCbU_cZxYA_03102.jpg,greenbelt,train,video:ozCbU_cZxYA
video/greenbelt/ozCbU_cZxYA_03185.jpg,greenbelt,train,video:ozCbU_cZxYA
video/greenbelt/ozCbU_cZxYA_03267.jpg,greenbelt,train,video:ozCbU_cZxYA
video/greenbelt/ozCbU_cZxYA_03350.jpg,greenbelt,train,video:ozCbU_cZxYA
video/greenbelt/ozCbU_cZxYA_03433.jpg,greenbelt,train,video:ozCbU_cZxYA
video/greenbelt/ozCbU_cZxYA_03516.jpg,greenbelt,train,video:ozCbU_cZxYA
video/greenbelt/ozCbU_cZxYA_03598.jpg,greenbelt,train,video:ozCbU_cZxYA
video/greenbelt/ozCbU_cZxYA_03681.jpg,greenbelt,train,video:ozCbU_cZxYA
video/greenbelt/ukstvNqxQvQ_00033.jpg,greenbelt,test,video:ukstvNqxQvQ
video/greenbelt/ukstvNqxQvQ_00101.jpg,greenbelt,test,video:ukstvNqxQvQ
video/greenbelt/ukstvNqxQvQ_00168.jpg,greenbelt,test,video:ukstvNqxQvQ
video/greenbelt/ukstvNqxQvQ_00370.jpg,greenbelt,test,video:ukstvNqxQvQ
video/greenbelt/ukstvNqxQvQ_00437.jpg,greenbelt,test,video:ukstvNqxQvQ
video/greenbelt/ukstvNqxQvQ_00505.jpg,greenbelt,test,video:ukstvNqxQvQ
video/greenbelt/ukstvNqxQvQ_00572.jpg,greenbelt,test,video:ukstvNqxQvQ
video/greenbelt/ukstvNqxQvQ_00640.jpg,greenbelt,test,video:ukstvNqxQvQ
video/greenbelt/ukstvNqxQvQ_00707.jpg,greenbelt,test,video:ukstvNqxQvQ
video/greenbelt/ukstvNqxQvQ_00774.jpg,greenbelt,test,video:ukstvNqxQvQ
video/greenbelt/ukstvNqxQvQ_00842.jpg,greenbelt,test,video:ukstvNqxQvQ
video/greenbelt/ukstvNqxQvQ_00909.jpg,greenbelt,test,video:ukstvNqxQvQ
video/greenbelt/ukstvNqxQvQ_00976.jpg,greenbelt,test,video:ukstvNqxQvQ
video/greenbelt/ukstvNqxQvQ_01044.jpg,greenbelt,test,video:ukstvNqxQvQ
video/greenbelt/ukstvNqxQvQ_01111.jpg,greenbelt,test,video:ukstvNqxQvQ
video/greenbelt/ukstvNqxQvQ_01179.jpg,greenbelt,test,video:ukstvNqxQvQ
video/greenbelt/ukstvNqxQvQ_01246.jpg,greenbelt,test,video:ukstvNqxQvQ
video/greenbelt/ukstvNqxQvQ_01313.jpg,greenbelt,test,video:ukstvNqxQvQ
video/greenbelt/ukstvNqxQvQ_01381.jpg,greenbelt,test,video:ukstvNqxQvQ
video/greenbelt/ukstvNqxQvQ_01448.jpg,greenbelt,test,video:ukstvNqxQvQ
video/greenbelt/ukstvNqxQvQ_01515.jpg,greenbelt,test,video:ukstvNqxQvQ
video/greenbelt/ukstvNqxQvQ_01583.jpg,greenbelt,test,video:ukstvNqxQvQ
video/greenbelt/ukstvNqxQvQ_01650.jpg,greenbelt,test,video:ukstvNqxQvQ
video/greenbelt/ukstvNqxQvQ_01718.jpg,greenbelt,test,video:ukstvNqxQvQ
video/greenbelt/ukstvNqxQvQ_01785.jpg,greenbelt,test,video:ukstvNqxQvQ
video/greenbelt/ukstvNqxQvQ_01852.jpg,greenbelt,test,video:ukstvNqxQvQ
video/greenbelt/ukstvNqxQvQ_01920.jpg,greenbelt,test,video:ukstvNqxQvQ
video/greenbelt/ukstvNqxQvQ_01987.jpg,greenbelt,test,video:ukstvNqxQvQ
video/greenbelt/ukstvNqxQvQ_02055.jpg,greenbelt,test,video:ukstvNqxQvQ
video/greenbelt/ukstvNqxQvQ_02122.jpg,greenbelt,test,video:ukstvNqxQvQ
video/greenbelt/ukstvNqxQvQ_02189.jpg,greenbelt,test,video:ukstvNqxQvQ
video/greenbelt/ukstvNqxQvQ_02257.jpg,greenbelt,test,video:ukstvNqxQvQ
video/greenbelt/ukstvNqxQvQ_02324.jpg,greenbelt,test,video:ukstvNqxQvQ
video/greenbelt/ukstvNqxQvQ_02391.jpg,greenbelt,test,video:ukstvNqxQvQ
video/greenbelt/ukstvNqxQvQ_02459.jpg,greenbelt,test,video:ukstvNqxQvQ
video/greenbelt/ukstvNqxQvQ_02526.jpg,greenbelt,test,video:ukstvNqxQvQ
video/greenbelt/ukstvNqxQvQ_02594.jpg,greenbelt,test,video:ukstvNqxQvQ
video/greenbelt/ukstvNqxQvQ_02661.jpg,greenbelt,test,video:ukstvNqxQvQ
video/greenbelt/ukstvNqxQvQ_02728.jpg,greenbelt,test,video:ukstvNqxQvQ
video/greenbelt/ukstvNqxQvQ_02796.jpg,greenbelt,test,video:ukstvNqxQvQ
video/greenbelt/ukstvNqxQvQ_02863.jpg,greenbelt,test,video:ukstvNqxQvQ
video/greenbelt/ukstvNqxQvQ_02930.jpg,greenbelt,test,video:ukstvNqxQvQ
video/greenbelt/ukstvNqxQvQ_02998.jpg,greenbelt,test,video:ukstvNqxQvQ
video/greenbelt/zZDLNU6NJeo_00027.jpg,greenbelt,train,video:zZDLNU6NJeo
video/greenbelt/zZDLNU6NJeo_00045.jpg,greenbelt,train,video:zZDLNU6NJeo
video/greenbelt/zZDLNU6NJeo_00064.jpg,greenbelt,train,video:zZDLNU6NJeo
video/greenbelt/zZDLNU6NJeo_00082.jpg,greenbelt,train,video:zZDLNU6NJeo
video/greenbelt/zZDLNU6NJeo_00100.jpg,greenbelt,train,video:zZDLNU6NJeo
video/greenbelt/zZDLNU6NJeo_00118.jpg,greenbelt,train,video:zZDLNU6NJeo
video/greenbelt/zZDLNU6NJeo_00137.jpg,greenbelt,train,video:zZDLNU6NJeo
video/greenbelt/zZDLNU6NJeo_00155.jpg,greenbelt,train,video:zZDLNU6NJeo
video/greenbelt/zZDLNU6NJeo_00173.jpg,greenbelt,train,video:zZDLNU6NJeo
video/greenbelt/zZDLNU6NJeo_00265.jpg,greenbelt,train,video:zZDLNU6NJeo
video/greenbelt/zZDLNU6NJeo_00301.jpg,greenbelt,train,video:zZDLNU6NJeo
video/greenbelt/zZDLNU6NJeo_00320.jpg,greenbelt,train,video:zZDLNU6NJeo
video/greenbelt/zZDLNU6NJeo_00356.jpg,greenbelt,train,video:zZDLNU6NJeo
video/greenbelt/zZDLNU6NJeo_00374.jpg,greenbelt,train,video:zZDLNU6NJeo
video/greenbelt/zZDLNU6NJeo_00411.jpg,greenbelt,train,video:zZDLNU6NJeo
video/greenbelt/zZDLNU6NJeo_00429.jpg,greenbelt,train,video:zZDLNU6NJeo
video/greenbelt/zZDLNU6NJeo_00448.jpg,greenbelt,train,video:zZDLNU6NJeo
video/greenbelt/zZDLNU6NJeo_00466.jpg,greenbelt,train,video:zZDLNU6NJeo
video/greenbelt/zZDLNU6NJeo_00484.jpg,greenbelt,train,video:zZDLNU6NJeo
video/greenbelt/zZDLNU6NJeo_00502.jpg,greenbelt,train,video:zZDLNU6NJeo
video/greenbelt/zZDLNU6NJeo_00521.jpg,greenbelt,train,video:zZDLNU6NJeo
video/greenbelt/zZDLNU6NJeo_00539.jpg,greenbelt,train,video:zZDLNU6NJeo
video/greenbelt/zZDLNU6NJeo_00576.jpg,greenbelt,train,video:zZDLNU6NJeo
video/greenbelt/zZDLNU6NJeo_00612.jpg,greenbelt,train,video:zZDLNU6NJeo
video/greenbelt/zZDLNU6NJeo_00630.jpg,greenbelt,train,video:zZDLNU6NJeo
video/greenbelt/zZDLNU6NJeo_00649.jpg,greenbelt,train,video:zZDLNU6NJeo
video/greenbelt/zZDLNU6NJeo_00667.jpg,greenbelt,train,video:zZDLNU6NJeo
video/greenbelt/zZDLNU6NJeo_00685.jpg,greenbelt,train,video:zZDLNU6NJeo
video/greenbelt/zZDLNU6NJeo_00704.jpg,greenbelt,train,video:zZDLNU6NJeo
video/greenbelt/zZDLNU6NJeo_00722.jpg,greenbelt,train,video:zZDLNU6NJeo
video/greenbelt/zZDLNU6NJeo_00740.jpg,greenbelt,train,video:zZDLNU6NJeo
video/greenbelt/zZDLNU6NJeo_00758.jpg,greenbelt,train,video:zZDLNU6NJeo
video/makati_city_hall/R86sU24nTcg_00071.jpg,makati_city_hall,train,video:R86sU24nTcg
video/makati_city_hall/R86sU24nTcg_00100.jpg,makati_city_hall,train,video:R86sU24nTcg
video/makati_city_hall/R86sU24nTcg_00157.jpg,makati_city_hall,train,video:R86sU24nTcg
video/makati_city_hall/R86sU24nTcg_00215.jpg,makati_city_hall,train,video:R86sU24nTcg
video/makati_city_hall/R86sU24nTcg_00272.jpg,makati_city_hall,train,video:R86sU24nTcg
video/makati_city_hall/R86sU24nTcg_00301.jpg,makati_city_hall,train,video:R86sU24nTcg
video/makati_city_hall/R86sU24nTcg_00387.jpg,makati_city_hall,train,video:R86sU24nTcg
video/makati_city_hall/R86sU24nTcg_00761.jpg,makati_city_hall,train,video:R86sU24nTcg
video/makati_city_hall/R86sU24nTcg_01077.jpg,makati_city_hall,train,video:R86sU24nTcg
video/makati_city_hall/R86sU24nTcg_01105.jpg,makati_city_hall,train,video:R86sU24nTcg
video/makati_city_hall/R86sU24nTcg_01134.jpg,makati_city_hall,train,video:R86sU24nTcg
video/makati_city_hall/U-MWjTxjEqE_00052.jpg,makati_city_hall,test,video:U-MWjTxjEqE
video/makati_city_hall/U-MWjTxjEqE_00240.jpg,makati_city_hall,test,video:U-MWjTxjEqE
video/makati_city_hall/U-MWjTxjEqE_00261.jpg,makati_city_hall,test,video:U-MWjTxjEqE
video/makati_city_hall/U-MWjTxjEqE_00407.jpg,makati_city_hall,test,video:U-MWjTxjEqE
video/makati_city_hall/jOweyOE1QG8_00007.jpg,makati_city_hall,train,video:jOweyOE1QG8
video/makati_city_hall/jOweyOE1QG8_00010.jpg,makati_city_hall,train,video:jOweyOE1QG8
video/makati_city_hall/jOweyOE1QG8_00013.jpg,makati_city_hall,train,video:jOweyOE1QG8
video/makati_city_hall/jOweyOE1QG8_00016.jpg,makati_city_hall,train,video:jOweyOE1QG8
video/makati_city_hall/jOweyOE1QG8_00070.jpg,makati_city_hall,train,video:jOweyOE1QG8
video/makati_city_hall/x0txGMTRUO0_00007.jpg,makati_city_hall,val,video:x0txGMTRUO0
video/makati_city_hall/x0txGMTRUO0_00013.jpg,makati_city_hall,val,video:x0txGMTRUO0
video/makati_city_hall/x0txGMTRUO0_00022.jpg,makati_city_hall,val,video:x0txGMTRUO0
video/makati_city_hall/x0txGMTRUO0_00037.jpg,makati_city_hall,val,video:x0txGMTRUO0
video/makati_city_hall/x0txGMTRUO0_00049.jpg,makati_city_hall,val,video:x0txGMTRUO0
video/makati_city_hall/x0txGMTRUO0_00061.jpg,makati_city_hall,val,video:x0txGMTRUO0
video/one_ayala/0kSDYEQgDIw_00041.jpg,one_ayala,val,video:0kSDYEQgDIw
video/one_ayala/0kSDYEQgDIw_00069.jpg,one_ayala,val,video:0kSDYEQgDIw
video/one_ayala/0kSDYEQgDIw_00097.jpg,one_ayala,val,video:0kSDYEQgDIw
video/one_ayala/0kSDYEQgDIw_00124.jpg,one_ayala,val,video:0kSDYEQgDIw
video/one_ayala/0kSDYEQgDIw_00152.jpg,one_ayala,val,video:0kSDYEQgDIw
video/one_ayala/0kSDYEQgDIw_00180.jpg,one_ayala,val,video:0kSDYEQgDIw
video/one_ayala/0kSDYEQgDIw_00208.jpg,one_ayala,val,video:0kSDYEQgDIw
video/one_ayala/0kSDYEQgDIw_00235.jpg,one_ayala,val,video:0kSDYEQgDIw
video/one_ayala/0kSDYEQgDIw_00263.jpg,one_ayala,val,video:0kSDYEQgDIw
video/one_ayala/0kSDYEQgDIw_00291.jpg,one_ayala,val,video:0kSDYEQgDIw
video/one_ayala/0kSDYEQgDIw_00318.jpg,one_ayala,val,video:0kSDYEQgDIw
video/one_ayala/0kSDYEQgDIw_00346.jpg,one_ayala,val,video:0kSDYEQgDIw
video/one_ayala/0kSDYEQgDIw_00374.jpg,one_ayala,val,video:0kSDYEQgDIw
video/one_ayala/0kSDYEQgDIw_00402.jpg,one_ayala,val,video:0kSDYEQgDIw
video/one_ayala/0kSDYEQgDIw_00429.jpg,one_ayala,val,video:0kSDYEQgDIw
video/one_ayala/0kSDYEQgDIw_00457.jpg,one_ayala,val,video:0kSDYEQgDIw
video/one_ayala/0kSDYEQgDIw_00485.jpg,one_ayala,val,video:0kSDYEQgDIw
video/one_ayala/0kSDYEQgDIw_00513.jpg,one_ayala,val,video:0kSDYEQgDIw
video/one_ayala/0kSDYEQgDIw_00540.jpg,one_ayala,val,video:0kSDYEQgDIw
video/one_ayala/0kSDYEQgDIw_00568.jpg,one_ayala,val,video:0kSDYEQgDIw
video/one_ayala/0kSDYEQgDIw_00596.jpg,one_ayala,val,video:0kSDYEQgDIw
video/one_ayala/0kSDYEQgDIw_00624.jpg,one_ayala,val,video:0kSDYEQgDIw
video/one_ayala/0kSDYEQgDIw_00651.jpg,one_ayala,val,video:0kSDYEQgDIw
video/one_ayala/0kSDYEQgDIw_00679.jpg,one_ayala,val,video:0kSDYEQgDIw
video/one_ayala/0kSDYEQgDIw_00707.jpg,one_ayala,val,video:0kSDYEQgDIw
video/one_ayala/0kSDYEQgDIw_00734.jpg,one_ayala,val,video:0kSDYEQgDIw
video/one_ayala/0kSDYEQgDIw_00762.jpg,one_ayala,val,video:0kSDYEQgDIw
video/one_ayala/0kSDYEQgDIw_00790.jpg,one_ayala,val,video:0kSDYEQgDIw
video/one_ayala/0kSDYEQgDIw_00818.jpg,one_ayala,val,video:0kSDYEQgDIw
video/one_ayala/0kSDYEQgDIw_00845.jpg,one_ayala,val,video:0kSDYEQgDIw
video/one_ayala/0kSDYEQgDIw_00873.jpg,one_ayala,val,video:0kSDYEQgDIw
video/one_ayala/0kSDYEQgDIw_00901.jpg,one_ayala,val,video:0kSDYEQgDIw
video/one_ayala/0kSDYEQgDIw_00929.jpg,one_ayala,val,video:0kSDYEQgDIw
video/one_ayala/0kSDYEQgDIw_00956.jpg,one_ayala,val,video:0kSDYEQgDIw
video/one_ayala/0kSDYEQgDIw_00984.jpg,one_ayala,val,video:0kSDYEQgDIw
video/one_ayala/0kSDYEQgDIw_01012.jpg,one_ayala,val,video:0kSDYEQgDIw
video/one_ayala/0kSDYEQgDIw_01040.jpg,one_ayala,val,video:0kSDYEQgDIw
video/one_ayala/0kSDYEQgDIw_01095.jpg,one_ayala,val,video:0kSDYEQgDIw
video/one_ayala/0kSDYEQgDIw_01123.jpg,one_ayala,val,video:0kSDYEQgDIw
video/one_ayala/0kSDYEQgDIw_01150.jpg,one_ayala,val,video:0kSDYEQgDIw
video/one_ayala/0kSDYEQgDIw_01178.jpg,one_ayala,val,video:0kSDYEQgDIw
video/one_ayala/0kSDYEQgDIw_01206.jpg,one_ayala,val,video:0kSDYEQgDIw
video/one_ayala/0kSDYEQgDIw_01234.jpg,one_ayala,val,video:0kSDYEQgDIw
video/one_ayala/AGyvPiqkiuE_00010.jpg,one_ayala,train,video:AGyvPiqkiuE
video/one_ayala/AGyvPiqkiuE_00030.jpg,one_ayala,train,video:AGyvPiqkiuE
video/one_ayala/AGyvPiqkiuE_00051.jpg,one_ayala,train,video:AGyvPiqkiuE
video/one_ayala/AGyvPiqkiuE_00072.jpg,one_ayala,train,video:AGyvPiqkiuE
video/one_ayala/AGyvPiqkiuE_00092.jpg,one_ayala,train,video:AGyvPiqkiuE
video/one_ayala/AGyvPiqkiuE_00113.jpg,one_ayala,train,video:AGyvPiqkiuE
video/one_ayala/AGyvPiqkiuE_00134.jpg,one_ayala,train,video:AGyvPiqkiuE
video/one_ayala/AGyvPiqkiuE_00154.jpg,one_ayala,train,video:AGyvPiqkiuE
video/one_ayala/AGyvPiqkiuE_00175.jpg,one_ayala,train,video:AGyvPiqkiuE
video/one_ayala/AGyvPiqkiuE_00195.jpg,one_ayala,train,video:AGyvPiqkiuE
video/one_ayala/AGyvPiqkiuE_00216.jpg,one_ayala,train,video:AGyvPiqkiuE
video/one_ayala/AGyvPiqkiuE_00237.jpg,one_ayala,train,video:AGyvPiqkiuE
video/one_ayala/AGyvPiqkiuE_00257.jpg,one_ayala,train,video:AGyvPiqkiuE
video/one_ayala/AGyvPiqkiuE_00278.jpg,one_ayala,train,video:AGyvPiqkiuE
video/one_ayala/AGyvPiqkiuE_00299.jpg,one_ayala,train,video:AGyvPiqkiuE
video/one_ayala/AGyvPiqkiuE_00319.jpg,one_ayala,train,video:AGyvPiqkiuE
video/one_ayala/AGyvPiqkiuE_00340.jpg,one_ayala,train,video:AGyvPiqkiuE
video/one_ayala/AGyvPiqkiuE_00360.jpg,one_ayala,train,video:AGyvPiqkiuE
video/one_ayala/AGyvPiqkiuE_00381.jpg,one_ayala,train,video:AGyvPiqkiuE
video/one_ayala/AGyvPiqkiuE_00402.jpg,one_ayala,train,video:AGyvPiqkiuE
video/one_ayala/AGyvPiqkiuE_00422.jpg,one_ayala,train,video:AGyvPiqkiuE
video/one_ayala/AGyvPiqkiuE_00443.jpg,one_ayala,train,video:AGyvPiqkiuE
video/one_ayala/AGyvPiqkiuE_00463.jpg,one_ayala,train,video:AGyvPiqkiuE
video/one_ayala/AGyvPiqkiuE_00484.jpg,one_ayala,train,video:AGyvPiqkiuE
video/one_ayala/AGyvPiqkiuE_00505.jpg,one_ayala,train,video:AGyvPiqkiuE
video/one_ayala/AGyvPiqkiuE_00525.jpg,one_ayala,train,video:AGyvPiqkiuE
video/one_ayala/AGyvPiqkiuE_00546.jpg,one_ayala,train,video:AGyvPiqkiuE
video/one_ayala/AGyvPiqkiuE_00567.jpg,one_ayala,train,video:AGyvPiqkiuE
video/one_ayala/AGyvPiqkiuE_00587.jpg,one_ayala,train,video:AGyvPiqkiuE
video/one_ayala/AGyvPiqkiuE_00608.jpg,one_ayala,train,video:AGyvPiqkiuE
video/one_ayala/AGyvPiqkiuE_00628.jpg,one_ayala,train,video:AGyvPiqkiuE
video/one_ayala/AGyvPiqkiuE_00649.jpg,one_ayala,train,video:AGyvPiqkiuE
video/one_ayala/AGyvPiqkiuE_00670.jpg,one_ayala,train,video:AGyvPiqkiuE
video/one_ayala/AGyvPiqkiuE_00690.jpg,one_ayala,train,video:AGyvPiqkiuE
video/one_ayala/AGyvPiqkiuE_00711.jpg,one_ayala,train,video:AGyvPiqkiuE
video/one_ayala/AGyvPiqkiuE_00732.jpg,one_ayala,train,video:AGyvPiqkiuE
video/one_ayala/AGyvPiqkiuE_00752.jpg,one_ayala,train,video:AGyvPiqkiuE
video/one_ayala/AGyvPiqkiuE_00773.jpg,one_ayala,train,video:AGyvPiqkiuE
video/one_ayala/AGyvPiqkiuE_00793.jpg,one_ayala,train,video:AGyvPiqkiuE
video/one_ayala/AGyvPiqkiuE_00814.jpg,one_ayala,train,video:AGyvPiqkiuE
video/one_ayala/AGyvPiqkiuE_00835.jpg,one_ayala,train,video:AGyvPiqkiuE
video/one_ayala/AGyvPiqkiuE_00855.jpg,one_ayala,train,video:AGyvPiqkiuE
video/one_ayala/AGyvPiqkiuE_00876.jpg,one_ayala,train,video:AGyvPiqkiuE
video/one_ayala/AGyvPiqkiuE_00897.jpg,one_ayala,train,video:AGyvPiqkiuE
video/one_ayala/AGyvPiqkiuE_00917.jpg,one_ayala,train,video:AGyvPiqkiuE
video/one_ayala/KPTI5Y-5ers_00103.jpg,one_ayala,train,video:KPTI5Y-5ers
video/one_ayala/KPTI5Y-5ers_00126.jpg,one_ayala,train,video:KPTI5Y-5ers
video/one_ayala/KPTI5Y-5ers_00149.jpg,one_ayala,train,video:KPTI5Y-5ers
video/one_ayala/KPTI5Y-5ers_00172.jpg,one_ayala,train,video:KPTI5Y-5ers
video/one_ayala/KPTI5Y-5ers_00195.jpg,one_ayala,train,video:KPTI5Y-5ers
video/one_ayala/KPTI5Y-5ers_00218.jpg,one_ayala,train,video:KPTI5Y-5ers
video/one_ayala/KPTI5Y-5ers_00241.jpg,one_ayala,train,video:KPTI5Y-5ers
video/one_ayala/KPTI5Y-5ers_00265.jpg,one_ayala,train,video:KPTI5Y-5ers
video/one_ayala/KPTI5Y-5ers_00288.jpg,one_ayala,train,video:KPTI5Y-5ers
video/one_ayala/KPTI5Y-5ers_00311.jpg,one_ayala,train,video:KPTI5Y-5ers
video/one_ayala/KPTI5Y-5ers_00334.jpg,one_ayala,train,video:KPTI5Y-5ers
video/one_ayala/KPTI5Y-5ers_00357.jpg,one_ayala,train,video:KPTI5Y-5ers
video/one_ayala/KPTI5Y-5ers_00380.jpg,one_ayala,train,video:KPTI5Y-5ers
video/one_ayala/KPTI5Y-5ers_00403.jpg,one_ayala,train,video:KPTI5Y-5ers
video/one_ayala/KPTI5Y-5ers_00426.jpg,one_ayala,train,video:KPTI5Y-5ers
video/one_ayala/KPTI5Y-5ers_00449.jpg,one_ayala,train,video:KPTI5Y-5ers
video/one_ayala/KPTI5Y-5ers_00472.jpg,one_ayala,train,video:KPTI5Y-5ers
video/one_ayala/KPTI5Y-5ers_00495.jpg,one_ayala,train,video:KPTI5Y-5ers
video/one_ayala/KPTI5Y-5ers_00518.jpg,one_ayala,train,video:KPTI5Y-5ers
video/one_ayala/KPTI5Y-5ers_00541.jpg,one_ayala,train,video:KPTI5Y-5ers
video/one_ayala/KPTI5Y-5ers_00564.jpg,one_ayala,train,video:KPTI5Y-5ers
video/one_ayala/KPTI5Y-5ers_00587.jpg,one_ayala,train,video:KPTI5Y-5ers
video/one_ayala/KPTI5Y-5ers_00610.jpg,one_ayala,train,video:KPTI5Y-5ers
video/one_ayala/KPTI5Y-5ers_00633.jpg,one_ayala,train,video:KPTI5Y-5ers
video/one_ayala/KPTI5Y-5ers_00656.jpg,one_ayala,train,video:KPTI5Y-5ers
video/one_ayala/KPTI5Y-5ers_00679.jpg,one_ayala,train,video:KPTI5Y-5ers
video/one_ayala/KPTI5Y-5ers_00702.jpg,one_ayala,train,video:KPTI5Y-5ers
video/one_ayala/KPTI5Y-5ers_00725.jpg,one_ayala,train,video:KPTI5Y-5ers
video/one_ayala/KPTI5Y-5ers_00748.jpg,one_ayala,train,video:KPTI5Y-5ers
video/one_ayala/KPTI5Y-5ers_00771.jpg,one_ayala,train,video:KPTI5Y-5ers
video/one_ayala/KPTI5Y-5ers_00795.jpg,one_ayala,train,video:KPTI5Y-5ers
video/one_ayala/KPTI5Y-5ers_00818.jpg,one_ayala,train,video:KPTI5Y-5ers
video/one_ayala/KPTI5Y-5ers_00841.jpg,one_ayala,train,video:KPTI5Y-5ers
video/one_ayala/KPTI5Y-5ers_00864.jpg,one_ayala,train,video:KPTI5Y-5ers
video/one_ayala/KPTI5Y-5ers_00887.jpg,one_ayala,train,video:KPTI5Y-5ers
video/one_ayala/KPTI5Y-5ers_00910.jpg,one_ayala,train,video:KPTI5Y-5ers
video/one_ayala/KPTI5Y-5ers_00933.jpg,one_ayala,train,video:KPTI5Y-5ers
video/one_ayala/KPTI5Y-5ers_00956.jpg,one_ayala,train,video:KPTI5Y-5ers
video/one_ayala/KPTI5Y-5ers_00979.jpg,one_ayala,train,video:KPTI5Y-5ers
video/one_ayala/KPTI5Y-5ers_01002.jpg,one_ayala,train,video:KPTI5Y-5ers
video/one_ayala/Mjgrt-G9yfM_00023.jpg,one_ayala,train,video:Mjgrt-G9yfM
video/one_ayala/Mjgrt-G9yfM_00212.jpg,one_ayala,train,video:Mjgrt-G9yfM
video/one_ayala/Mjgrt-G9yfM_00306.jpg,one_ayala,train,video:Mjgrt-G9yfM
video/one_ayala/Mjgrt-G9yfM_00353.jpg,one_ayala,train,video:Mjgrt-G9yfM
video/one_ayala/Mjgrt-G9yfM_00400.jpg,one_ayala,train,video:Mjgrt-G9yfM
video/one_ayala/Mjgrt-G9yfM_00494.jpg,one_ayala,train,video:Mjgrt-G9yfM
video/one_ayala/Mjgrt-G9yfM_00541.jpg,one_ayala,train,video:Mjgrt-G9yfM
video/one_ayala/Mjgrt-G9yfM_00588.jpg,one_ayala,train,video:Mjgrt-G9yfM
video/one_ayala/Mjgrt-G9yfM_00635.jpg,one_ayala,train,video:Mjgrt-G9yfM
video/one_ayala/Mjgrt-G9yfM_00683.jpg,one_ayala,train,video:Mjgrt-G9yfM
video/one_ayala/Mjgrt-G9yfM_00730.jpg,one_ayala,train,video:Mjgrt-G9yfM
video/one_ayala/Mjgrt-G9yfM_00777.jpg,one_ayala,train,video:Mjgrt-G9yfM
video/one_ayala/Mjgrt-G9yfM_00824.jpg,one_ayala,train,video:Mjgrt-G9yfM
video/one_ayala/Mjgrt-G9yfM_00871.jpg,one_ayala,train,video:Mjgrt-G9yfM
video/one_ayala/Mjgrt-G9yfM_00918.jpg,one_ayala,train,video:Mjgrt-G9yfM
video/one_ayala/Mjgrt-G9yfM_00965.jpg,one_ayala,train,video:Mjgrt-G9yfM
video/one_ayala/Mjgrt-G9yfM_01012.jpg,one_ayala,train,video:Mjgrt-G9yfM
video/one_ayala/Mjgrt-G9yfM_01059.jpg,one_ayala,train,video:Mjgrt-G9yfM
video/one_ayala/Mjgrt-G9yfM_01107.jpg,one_ayala,train,video:Mjgrt-G9yfM
video/one_ayala/Mjgrt-G9yfM_01154.jpg,one_ayala,train,video:Mjgrt-G9yfM
video/one_ayala/Mjgrt-G9yfM_01201.jpg,one_ayala,train,video:Mjgrt-G9yfM
video/one_ayala/Mjgrt-G9yfM_01248.jpg,one_ayala,train,video:Mjgrt-G9yfM
video/one_ayala/Mjgrt-G9yfM_01295.jpg,one_ayala,train,video:Mjgrt-G9yfM
video/one_ayala/Mjgrt-G9yfM_01342.jpg,one_ayala,train,video:Mjgrt-G9yfM
video/one_ayala/Mjgrt-G9yfM_01389.jpg,one_ayala,train,video:Mjgrt-G9yfM
video/one_ayala/Mjgrt-G9yfM_01436.jpg,one_ayala,train,video:Mjgrt-G9yfM
video/one_ayala/Mjgrt-G9yfM_01483.jpg,one_ayala,train,video:Mjgrt-G9yfM
video/one_ayala/Mjgrt-G9yfM_01531.jpg,one_ayala,train,video:Mjgrt-G9yfM
video/one_ayala/Mjgrt-G9yfM_01578.jpg,one_ayala,train,video:Mjgrt-G9yfM
video/one_ayala/Mjgrt-G9yfM_01625.jpg,one_ayala,train,video:Mjgrt-G9yfM
video/one_ayala/Mjgrt-G9yfM_01672.jpg,one_ayala,train,video:Mjgrt-G9yfM
video/one_ayala/Mjgrt-G9yfM_01719.jpg,one_ayala,train,video:Mjgrt-G9yfM
video/one_ayala/Mjgrt-G9yfM_01766.jpg,one_ayala,train,video:Mjgrt-G9yfM
video/one_ayala/Mjgrt-G9yfM_01813.jpg,one_ayala,train,video:Mjgrt-G9yfM
video/one_ayala/Mjgrt-G9yfM_01860.jpg,one_ayala,train,video:Mjgrt-G9yfM
video/one_ayala/Mjgrt-G9yfM_01907.jpg,one_ayala,train,video:Mjgrt-G9yfM
video/one_ayala/Mjgrt-G9yfM_01955.jpg,one_ayala,train,video:Mjgrt-G9yfM
video/one_ayala/Mjgrt-G9yfM_02002.jpg,one_ayala,train,video:Mjgrt-G9yfM
video/one_ayala/Mjgrt-G9yfM_02049.jpg,one_ayala,train,video:Mjgrt-G9yfM
video/one_ayala/Mjgrt-G9yfM_02096.jpg,one_ayala,train,video:Mjgrt-G9yfM
video/one_ayala/NA1ym27Tcxo_00016.jpg,one_ayala,train,video:NA1ym27Tcxo
video/one_ayala/NA1ym27Tcxo_00049.jpg,one_ayala,train,video:NA1ym27Tcxo
video/one_ayala/NA1ym27Tcxo_00083.jpg,one_ayala,train,video:NA1ym27Tcxo
video/one_ayala/NA1ym27Tcxo_00116.jpg,one_ayala,train,video:NA1ym27Tcxo
video/one_ayala/NA1ym27Tcxo_00149.jpg,one_ayala,train,video:NA1ym27Tcxo
video/one_ayala/NA1ym27Tcxo_00182.jpg,one_ayala,train,video:NA1ym27Tcxo
video/one_ayala/NA1ym27Tcxo_00215.jpg,one_ayala,train,video:NA1ym27Tcxo
video/one_ayala/NA1ym27Tcxo_00249.jpg,one_ayala,train,video:NA1ym27Tcxo
video/one_ayala/NA1ym27Tcxo_00282.jpg,one_ayala,train,video:NA1ym27Tcxo
video/one_ayala/NA1ym27Tcxo_00315.jpg,one_ayala,train,video:NA1ym27Tcxo
video/one_ayala/NA1ym27Tcxo_00348.jpg,one_ayala,train,video:NA1ym27Tcxo
video/one_ayala/NA1ym27Tcxo_00382.jpg,one_ayala,train,video:NA1ym27Tcxo
video/one_ayala/NA1ym27Tcxo_00415.jpg,one_ayala,train,video:NA1ym27Tcxo
video/one_ayala/NA1ym27Tcxo_00448.jpg,one_ayala,train,video:NA1ym27Tcxo
video/one_ayala/NA1ym27Tcxo_00481.jpg,one_ayala,train,video:NA1ym27Tcxo
video/one_ayala/NA1ym27Tcxo_00514.jpg,one_ayala,train,video:NA1ym27Tcxo
video/one_ayala/NA1ym27Tcxo_00548.jpg,one_ayala,train,video:NA1ym27Tcxo
video/one_ayala/NA1ym27Tcxo_00581.jpg,one_ayala,train,video:NA1ym27Tcxo
video/one_ayala/NA1ym27Tcxo_00614.jpg,one_ayala,train,video:NA1ym27Tcxo
video/one_ayala/NA1ym27Tcxo_00647.jpg,one_ayala,train,video:NA1ym27Tcxo
video/one_ayala/NA1ym27Tcxo_00681.jpg,one_ayala,train,video:NA1ym27Tcxo
video/one_ayala/NA1ym27Tcxo_00714.jpg,one_ayala,train,video:NA1ym27Tcxo
video/one_ayala/NA1ym27Tcxo_00747.jpg,one_ayala,train,video:NA1ym27Tcxo
video/one_ayala/NA1ym27Tcxo_00780.jpg,one_ayala,train,video:NA1ym27Tcxo
video/one_ayala/NA1ym27Tcxo_00813.jpg,one_ayala,train,video:NA1ym27Tcxo
video/one_ayala/NA1ym27Tcxo_00847.jpg,one_ayala,train,video:NA1ym27Tcxo
video/one_ayala/NA1ym27Tcxo_00880.jpg,one_ayala,train,video:NA1ym27Tcxo
video/one_ayala/NA1ym27Tcxo_00913.jpg,one_ayala,train,video:NA1ym27Tcxo
video/one_ayala/NA1ym27Tcxo_00946.jpg,one_ayala,train,video:NA1ym27Tcxo
video/one_ayala/NA1ym27Tcxo_00980.jpg,one_ayala,train,video:NA1ym27Tcxo
video/one_ayala/NA1ym27Tcxo_01013.jpg,one_ayala,train,video:NA1ym27Tcxo
video/one_ayala/NA1ym27Tcxo_01046.jpg,one_ayala,train,video:NA1ym27Tcxo
video/one_ayala/NA1ym27Tcxo_01079.jpg,one_ayala,train,video:NA1ym27Tcxo
video/one_ayala/NA1ym27Tcxo_01112.jpg,one_ayala,train,video:NA1ym27Tcxo
video/one_ayala/NA1ym27Tcxo_01146.jpg,one_ayala,train,video:NA1ym27Tcxo
video/one_ayala/NA1ym27Tcxo_01179.jpg,one_ayala,train,video:NA1ym27Tcxo
video/one_ayala/NA1ym27Tcxo_01212.jpg,one_ayala,train,video:NA1ym27Tcxo
video/one_ayala/NA1ym27Tcxo_01245.jpg,one_ayala,train,video:NA1ym27Tcxo
video/one_ayala/NA1ym27Tcxo_01279.jpg,one_ayala,train,video:NA1ym27Tcxo
video/one_ayala/NA1ym27Tcxo_01312.jpg,one_ayala,train,video:NA1ym27Tcxo
video/one_ayala/NA1ym27Tcxo_01345.jpg,one_ayala,train,video:NA1ym27Tcxo
video/one_ayala/NA1ym27Tcxo_01378.jpg,one_ayala,train,video:NA1ym27Tcxo
video/one_ayala/NA1ym27Tcxo_01411.jpg,one_ayala,train,video:NA1ym27Tcxo
video/one_ayala/NA1ym27Tcxo_01445.jpg,one_ayala,train,video:NA1ym27Tcxo
video/one_ayala/NA1ym27Tcxo_01478.jpg,one_ayala,train,video:NA1ym27Tcxo
video/one_ayala/TQfgqA4QMZg_00016.jpg,one_ayala,train,video:TQfgqA4QMZg
video/one_ayala/TQfgqA4QMZg_00048.jpg,one_ayala,train,video:TQfgqA4QMZg
video/one_ayala/TQfgqA4QMZg_00080.jpg,one_ayala,train,video:TQfgqA4QMZg
video/one_ayala/TQfgqA4QMZg_00113.jpg,one_ayala,train,video:TQfgqA4QMZg
video/one_ayala/TQfgqA4QMZg_00145.jpg,one_ayala,train,video:TQfgqA4QMZg
video/one_ayala/TQfgqA4QMZg_00177.jpg,one_ayala,train,video:TQfgqA4QMZg
video/one_ayala/TQfgqA4QMZg_00210.jpg,one_ayala,train,video:TQfgqA4QMZg
video/one_ayala/TQfgqA4QMZg_00242.jpg,one_ayala,train,video:TQfgqA4QMZg
video/one_ayala/TQfgqA4QMZg_00274.jpg,one_ayala,train,video:TQfgqA4QMZg
video/one_ayala/TQfgqA4QMZg_00307.jpg,one_ayala,train,video:TQfgqA4QMZg
video/one_ayala/TQfgqA4QMZg_00339.jpg,one_ayala,train,video:TQfgqA4QMZg
video/one_ayala/TQfgqA4QMZg_00371.jpg,one_ayala,train,video:TQfgqA4QMZg
video/one_ayala/TQfgqA4QMZg_00404.jpg,one_ayala,train,video:TQfgqA4QMZg
video/one_ayala/TQfgqA4QMZg_00436.jpg,one_ayala,train,video:TQfgqA4QMZg
video/one_ayala/TQfgqA4QMZg_00468.jpg,one_ayala,train,video:TQfgqA4QMZg
video/one_ayala/TQfgqA4QMZg_00533.jpg,one_ayala,train,video:TQfgqA4QMZg
video/one_ayala/TQfgqA4QMZg_00565.jpg,one_ayala,train,video:TQfgqA4QMZg
video/one_ayala/TQfgqA4QMZg_00598.jpg,one_ayala,train,video:TQfgqA4QMZg
video/one_ayala/TQfgqA4QMZg_00630.jpg,one_ayala,train,video:TQfgqA4QMZg
video/one_ayala/TQfgqA4QMZg_00662.jpg,one_ayala,train,video:TQfgqA4QMZg
video/one_ayala/TQfgqA4QMZg_00695.jpg,one_ayala,train,video:TQfgqA4QMZg
video/one_ayala/TQfgqA4QMZg_00727.jpg,one_ayala,train,video:TQfgqA4QMZg
video/one_ayala/TQfgqA4QMZg_00759.jpg,one_ayala,train,video:TQfgqA4QMZg
video/one_ayala/TQfgqA4QMZg_00792.jpg,one_ayala,train,video:TQfgqA4QMZg
video/one_ayala/TQfgqA4QMZg_00824.jpg,one_ayala,train,video:TQfgqA4QMZg
video/one_ayala/TQfgqA4QMZg_00856.jpg,one_ayala,train,video:TQfgqA4QMZg
video/one_ayala/TQfgqA4QMZg_00889.jpg,one_ayala,train,video:TQfgqA4QMZg
video/one_ayala/TQfgqA4QMZg_00953.jpg,one_ayala,train,video:TQfgqA4QMZg
video/one_ayala/TQfgqA4QMZg_00986.jpg,one_ayala,train,video:TQfgqA4QMZg
video/one_ayala/TQfgqA4QMZg_01018.jpg,one_ayala,train,video:TQfgqA4QMZg
video/one_ayala/TQfgqA4QMZg_01050.jpg,one_ayala,train,video:TQfgqA4QMZg
video/one_ayala/TQfgqA4QMZg_01083.jpg,one_ayala,train,video:TQfgqA4QMZg
video/one_ayala/TQfgqA4QMZg_01115.jpg,one_ayala,train,video:TQfgqA4QMZg
video/one_ayala/TQfgqA4QMZg_01147.jpg,one_ayala,train,video:TQfgqA4QMZg
video/one_ayala/TQfgqA4QMZg_01180.jpg,one_ayala,train,video:TQfgqA4QMZg
video/one_ayala/TQfgqA4QMZg_01244.jpg,one_ayala,train,video:TQfgqA4QMZg
video/one_ayala/TQfgqA4QMZg_01277.jpg,one_ayala,train,video:TQfgqA4QMZg
video/one_ayala/TQfgqA4QMZg_01309.jpg,one_ayala,train,video:TQfgqA4QMZg
video/one_ayala/TQfgqA4QMZg_01341.jpg,one_ayala,train,video:TQfgqA4QMZg
video/one_ayala/TQfgqA4QMZg_01374.jpg,one_ayala,train,video:TQfgqA4QMZg
video/one_ayala/TQfgqA4QMZg_01406.jpg,one_ayala,train,video:TQfgqA4QMZg
video/one_ayala/TQfgqA4QMZg_01438.jpg,one_ayala,train,video:TQfgqA4QMZg
video/one_ayala/c0Dzpw2shlI_00019.jpg,one_ayala,train,video:c0Dzpw2shlI
video/one_ayala/c0Dzpw2shlI_00057.jpg,one_ayala,train,video:c0Dzpw2shlI
video/one_ayala/c0Dzpw2shlI_00096.jpg,one_ayala,train,video:c0Dzpw2shlI
video/one_ayala/c0Dzpw2shlI_00134.jpg,one_ayala,train,video:c0Dzpw2shlI
video/one_ayala/c0Dzpw2shlI_00172.jpg,one_ayala,train,video:c0Dzpw2shlI
video/one_ayala/c0Dzpw2shlI_00211.jpg,one_ayala,train,video:c0Dzpw2shlI
video/one_ayala/c0Dzpw2shlI_00249.jpg,one_ayala,train,video:c0Dzpw2shlI
video/one_ayala/c0Dzpw2shlI_00288.jpg,one_ayala,train,video:c0Dzpw2shlI
video/one_ayala/c0Dzpw2shlI_00326.jpg,one_ayala,train,video:c0Dzpw2shlI
video/one_ayala/c0Dzpw2shlI_00365.jpg,one_ayala,train,video:c0Dzpw2shlI
video/one_ayala/c0Dzpw2shlI_00403.jpg,one_ayala,train,video:c0Dzpw2shlI
video/one_ayala/c0Dzpw2shlI_00441.jpg,one_ayala,train,video:c0Dzpw2shlI
video/one_ayala/c0Dzpw2shlI_00480.jpg,one_ayala,train,video:c0Dzpw2shlI
video/one_ayala/c0Dzpw2shlI_00518.jpg,one_ayala,train,video:c0Dzpw2shlI
video/one_ayala/c0Dzpw2shlI_00557.jpg,one_ayala,train,video:c0Dzpw2shlI
video/one_ayala/c0Dzpw2shlI_00595.jpg,one_ayala,train,video:c0Dzpw2shlI
video/one_ayala/c0Dzpw2shlI_00710.jpg,one_ayala,train,video:c0Dzpw2shlI
video/one_ayala/c0Dzpw2shlI_00749.jpg,one_ayala,train,video:c0Dzpw2shlI
video/one_ayala/c0Dzpw2shlI_00787.jpg,one_ayala,train,video:c0Dzpw2shlI
video/one_ayala/c0Dzpw2shlI_00826.jpg,one_ayala,train,video:c0Dzpw2shlI
video/one_ayala/c0Dzpw2shlI_00864.jpg,one_ayala,train,video:c0Dzpw2shlI
video/one_ayala/c0Dzpw2shlI_00902.jpg,one_ayala,train,video:c0Dzpw2shlI
video/one_ayala/c0Dzpw2shlI_00941.jpg,one_ayala,train,video:c0Dzpw2shlI
video/one_ayala/c0Dzpw2shlI_00979.jpg,one_ayala,train,video:c0Dzpw2shlI
video/one_ayala/c0Dzpw2shlI_01018.jpg,one_ayala,train,video:c0Dzpw2shlI
video/one_ayala/c0Dzpw2shlI_01056.jpg,one_ayala,train,video:c0Dzpw2shlI
video/one_ayala/c0Dzpw2shlI_01095.jpg,one_ayala,train,video:c0Dzpw2shlI
video/one_ayala/c0Dzpw2shlI_01133.jpg,one_ayala,train,video:c0Dzpw2shlI
video/one_ayala/c0Dzpw2shlI_01171.jpg,one_ayala,train,video:c0Dzpw2shlI
video/one_ayala/c0Dzpw2shlI_01210.jpg,one_ayala,train,video:c0Dzpw2shlI
video/one_ayala/c0Dzpw2shlI_01248.jpg,one_ayala,train,video:c0Dzpw2shlI
video/one_ayala/c0Dzpw2shlI_01287.jpg,one_ayala,train,video:c0Dzpw2shlI
video/one_ayala/c0Dzpw2shlI_01325.jpg,one_ayala,train,video:c0Dzpw2shlI
video/one_ayala/c0Dzpw2shlI_01363.jpg,one_ayala,train,video:c0Dzpw2shlI
video/one_ayala/c0Dzpw2shlI_01402.jpg,one_ayala,train,video:c0Dzpw2shlI
video/one_ayala/c0Dzpw2shlI_01440.jpg,one_ayala,train,video:c0Dzpw2shlI
video/one_ayala/c0Dzpw2shlI_01479.jpg,one_ayala,train,video:c0Dzpw2shlI
video/one_ayala/c0Dzpw2shlI_01517.jpg,one_ayala,train,video:c0Dzpw2shlI
video/one_ayala/c0Dzpw2shlI_01556.jpg,one_ayala,train,video:c0Dzpw2shlI
video/one_ayala/c0Dzpw2shlI_01594.jpg,one_ayala,train,video:c0Dzpw2shlI
video/one_ayala/c0Dzpw2shlI_01632.jpg,one_ayala,train,video:c0Dzpw2shlI
video/one_ayala/c0Dzpw2shlI_01671.jpg,one_ayala,train,video:c0Dzpw2shlI
video/one_ayala/c0Dzpw2shlI_01709.jpg,one_ayala,train,video:c0Dzpw2shlI
video/one_ayala/ekWxdjfwStU_00010.jpg,one_ayala,train,video:ekWxdjfwStU
video/one_ayala/ekWxdjfwStU_00030.jpg,one_ayala,train,video:ekWxdjfwStU
video/one_ayala/ekWxdjfwStU_00051.jpg,one_ayala,train,video:ekWxdjfwStU
video/one_ayala/ekWxdjfwStU_00072.jpg,one_ayala,train,video:ekWxdjfwStU
video/one_ayala/ekWxdjfwStU_00092.jpg,one_ayala,train,video:ekWxdjfwStU
video/one_ayala/ekWxdjfwStU_00113.jpg,one_ayala,train,video:ekWxdjfwStU
video/one_ayala/ekWxdjfwStU_00134.jpg,one_ayala,train,video:ekWxdjfwStU
video/one_ayala/ekWxdjfwStU_00154.jpg,one_ayala,train,video:ekWxdjfwStU
video/one_ayala/ekWxdjfwStU_00175.jpg,one_ayala,train,video:ekWxdjfwStU
video/one_ayala/ekWxdjfwStU_00195.jpg,one_ayala,train,video:ekWxdjfwStU
video/one_ayala/ekWxdjfwStU_00216.jpg,one_ayala,train,video:ekWxdjfwStU
video/one_ayala/ekWxdjfwStU_00237.jpg,one_ayala,train,video:ekWxdjfwStU
video/one_ayala/ekWxdjfwStU_00257.jpg,one_ayala,train,video:ekWxdjfwStU
video/one_ayala/ekWxdjfwStU_00278.jpg,one_ayala,train,video:ekWxdjfwStU
video/one_ayala/ekWxdjfwStU_00299.jpg,one_ayala,train,video:ekWxdjfwStU
video/one_ayala/ekWxdjfwStU_00319.jpg,one_ayala,train,video:ekWxdjfwStU
video/one_ayala/ekWxdjfwStU_00340.jpg,one_ayala,train,video:ekWxdjfwStU
video/one_ayala/ekWxdjfwStU_00360.jpg,one_ayala,train,video:ekWxdjfwStU
video/one_ayala/ekWxdjfwStU_00381.jpg,one_ayala,train,video:ekWxdjfwStU
video/one_ayala/ekWxdjfwStU_00402.jpg,one_ayala,train,video:ekWxdjfwStU
video/one_ayala/ekWxdjfwStU_00422.jpg,one_ayala,train,video:ekWxdjfwStU
video/one_ayala/ekWxdjfwStU_00443.jpg,one_ayala,train,video:ekWxdjfwStU
video/one_ayala/ekWxdjfwStU_00463.jpg,one_ayala,train,video:ekWxdjfwStU
video/one_ayala/ekWxdjfwStU_00484.jpg,one_ayala,train,video:ekWxdjfwStU
video/one_ayala/ekWxdjfwStU_00505.jpg,one_ayala,train,video:ekWxdjfwStU
video/one_ayala/ekWxdjfwStU_00525.jpg,one_ayala,train,video:ekWxdjfwStU
video/one_ayala/ekWxdjfwStU_00546.jpg,one_ayala,train,video:ekWxdjfwStU
video/one_ayala/ekWxdjfwStU_00567.jpg,one_ayala,train,video:ekWxdjfwStU
video/one_ayala/ekWxdjfwStU_00587.jpg,one_ayala,train,video:ekWxdjfwStU
video/one_ayala/ekWxdjfwStU_00608.jpg,one_ayala,train,video:ekWxdjfwStU
video/one_ayala/ekWxdjfwStU_00628.jpg,one_ayala,train,video:ekWxdjfwStU
video/one_ayala/ekWxdjfwStU_00649.jpg,one_ayala,train,video:ekWxdjfwStU
video/one_ayala/ekWxdjfwStU_00670.jpg,one_ayala,train,video:ekWxdjfwStU
video/one_ayala/ekWxdjfwStU_00690.jpg,one_ayala,train,video:ekWxdjfwStU
video/one_ayala/ekWxdjfwStU_00711.jpg,one_ayala,train,video:ekWxdjfwStU
video/one_ayala/ekWxdjfwStU_00732.jpg,one_ayala,train,video:ekWxdjfwStU
video/one_ayala/ekWxdjfwStU_00752.jpg,one_ayala,train,video:ekWxdjfwStU
video/one_ayala/ekWxdjfwStU_00773.jpg,one_ayala,train,video:ekWxdjfwStU
video/one_ayala/ekWxdjfwStU_00793.jpg,one_ayala,train,video:ekWxdjfwStU
video/one_ayala/ekWxdjfwStU_00814.jpg,one_ayala,train,video:ekWxdjfwStU
video/one_ayala/ekWxdjfwStU_00835.jpg,one_ayala,train,video:ekWxdjfwStU
video/one_ayala/ekWxdjfwStU_00876.jpg,one_ayala,train,video:ekWxdjfwStU
video/one_ayala/ekWxdjfwStU_00897.jpg,one_ayala,train,video:ekWxdjfwStU
video/one_ayala/ekWxdjfwStU_00917.jpg,one_ayala,train,video:ekWxdjfwStU
video/one_ayala/gWiyWvv8pCM_00068.jpg,one_ayala,train,video:gWiyWvv8pCM
video/one_ayala/gWiyWvv8pCM_00114.jpg,one_ayala,train,video:gWiyWvv8pCM
video/one_ayala/gWiyWvv8pCM_00160.jpg,one_ayala,train,video:gWiyWvv8pCM
video/one_ayala/gWiyWvv8pCM_00206.jpg,one_ayala,train,video:gWiyWvv8pCM
video/one_ayala/gWiyWvv8pCM_00252.jpg,one_ayala,train,video:gWiyWvv8pCM
video/one_ayala/gWiyWvv8pCM_00298.jpg,one_ayala,train,video:gWiyWvv8pCM
video/one_ayala/gWiyWvv8pCM_00344.jpg,one_ayala,train,video:gWiyWvv8pCM
video/one_ayala/gWiyWvv8pCM_00390.jpg,one_ayala,train,video:gWiyWvv8pCM
video/one_ayala/gWiyWvv8pCM_00436.jpg,one_ayala,train,video:gWiyWvv8pCM
video/one_ayala/gWiyWvv8pCM_00482.jpg,one_ayala,train,video:gWiyWvv8pCM
video/one_ayala/gWiyWvv8pCM_00528.jpg,one_ayala,train,video:gWiyWvv8pCM
video/one_ayala/gWiyWvv8pCM_00574.jpg,one_ayala,train,video:gWiyWvv8pCM
video/one_ayala/gWiyWvv8pCM_00620.jpg,one_ayala,train,video:gWiyWvv8pCM
video/one_ayala/gWiyWvv8pCM_00666.jpg,one_ayala,train,video:gWiyWvv8pCM
video/one_ayala/gWiyWvv8pCM_00711.jpg,one_ayala,train,video:gWiyWvv8pCM
video/one_ayala/gWiyWvv8pCM_00757.jpg,one_ayala,train,video:gWiyWvv8pCM
video/one_ayala/gWiyWvv8pCM_00803.jpg,one_ayala,train,video:gWiyWvv8pCM
video/one_ayala/gWiyWvv8pCM_00849.jpg,one_ayala,train,video:gWiyWvv8pCM
video/one_ayala/gWiyWvv8pCM_00895.jpg,one_ayala,train,video:gWiyWvv8pCM
video/one_ayala/gWiyWvv8pCM_00941.jpg,one_ayala,train,video:gWiyWvv8pCM
video/one_ayala/gWiyWvv8pCM_00987.jpg,one_ayala,train,video:gWiyWvv8pCM
video/one_ayala/gWiyWvv8pCM_01033.jpg,one_ayala,train,video:gWiyWvv8pCM
video/one_ayala/gWiyWvv8pCM_01079.jpg,one_ayala,train,video:gWiyWvv8pCM
video/one_ayala/gWiyWvv8pCM_01125.jpg,one_ayala,train,video:gWiyWvv8pCM
video/one_ayala/gWiyWvv8pCM_01171.jpg,one_ayala,train,video:gWiyWvv8pCM
video/one_ayala/gWiyWvv8pCM_01217.jpg,one_ayala,train,video:gWiyWvv8pCM
video/one_ayala/gWiyWvv8pCM_01263.jpg,one_ayala,train,video:gWiyWvv8pCM
video/one_ayala/gWiyWvv8pCM_01309.jpg,one_ayala,train,video:gWiyWvv8pCM
video/one_ayala/gWiyWvv8pCM_01355.jpg,one_ayala,train,video:gWiyWvv8pCM
video/one_ayala/gWiyWvv8pCM_01400.jpg,one_ayala,train,video:gWiyWvv8pCM
video/one_ayala/gWiyWvv8pCM_01446.jpg,one_ayala,train,video:gWiyWvv8pCM
video/one_ayala/gWiyWvv8pCM_01492.jpg,one_ayala,train,video:gWiyWvv8pCM
video/one_ayala/gWiyWvv8pCM_01538.jpg,one_ayala,train,video:gWiyWvv8pCM
video/one_ayala/gWiyWvv8pCM_01584.jpg,one_ayala,train,video:gWiyWvv8pCM
video/one_ayala/gWiyWvv8pCM_01630.jpg,one_ayala,train,video:gWiyWvv8pCM
video/one_ayala/gWiyWvv8pCM_01676.jpg,one_ayala,train,video:gWiyWvv8pCM
video/one_ayala/gWiyWvv8pCM_01722.jpg,one_ayala,train,video:gWiyWvv8pCM
video/one_ayala/gWiyWvv8pCM_01768.jpg,one_ayala,train,video:gWiyWvv8pCM
video/one_ayala/gWiyWvv8pCM_01814.jpg,one_ayala,train,video:gWiyWvv8pCM
video/one_ayala/gWiyWvv8pCM_01860.jpg,one_ayala,train,video:gWiyWvv8pCM
video/one_ayala/gWiyWvv8pCM_01906.jpg,one_ayala,train,video:gWiyWvv8pCM
video/one_ayala/gWiyWvv8pCM_01952.jpg,one_ayala,train,video:gWiyWvv8pCM
video/one_ayala/gWiyWvv8pCM_01998.jpg,one_ayala,train,video:gWiyWvv8pCM
video/one_ayala/gWiyWvv8pCM_02044.jpg,one_ayala,train,video:gWiyWvv8pCM
video/one_ayala/jV_QYuccSdU_00060.jpg,one_ayala,test,video:jV_QYuccSdU
video/one_ayala/jV_QYuccSdU_00100.jpg,one_ayala,test,video:jV_QYuccSdU
video/one_ayala/jV_QYuccSdU_00180.jpg,one_ayala,test,video:jV_QYuccSdU
video/one_ayala/jV_QYuccSdU_00220.jpg,one_ayala,test,video:jV_QYuccSdU
video/one_ayala/jV_QYuccSdU_00260.jpg,one_ayala,test,video:jV_QYuccSdU
video/one_ayala/jV_QYuccSdU_00300.jpg,one_ayala,test,video:jV_QYuccSdU
video/one_ayala/jV_QYuccSdU_00340.jpg,one_ayala,test,video:jV_QYuccSdU
video/one_ayala/jV_QYuccSdU_00380.jpg,one_ayala,test,video:jV_QYuccSdU
video/one_ayala/jV_QYuccSdU_00420.jpg,one_ayala,test,video:jV_QYuccSdU
video/one_ayala/jV_QYuccSdU_00460.jpg,one_ayala,test,video:jV_QYuccSdU
video/one_ayala/jV_QYuccSdU_00500.jpg,one_ayala,test,video:jV_QYuccSdU
video/one_ayala/jV_QYuccSdU_00540.jpg,one_ayala,test,video:jV_QYuccSdU
video/one_ayala/jV_QYuccSdU_00580.jpg,one_ayala,test,video:jV_QYuccSdU
video/one_ayala/jV_QYuccSdU_00620.jpg,one_ayala,test,video:jV_QYuccSdU
video/one_ayala/jV_QYuccSdU_00660.jpg,one_ayala,test,video:jV_QYuccSdU
video/one_ayala/jV_QYuccSdU_00700.jpg,one_ayala,test,video:jV_QYuccSdU
video/one_ayala/jV_QYuccSdU_00740.jpg,one_ayala,test,video:jV_QYuccSdU
video/one_ayala/jV_QYuccSdU_00780.jpg,one_ayala,test,video:jV_QYuccSdU
video/one_ayala/jV_QYuccSdU_00820.jpg,one_ayala,test,video:jV_QYuccSdU
video/one_ayala/jV_QYuccSdU_00860.jpg,one_ayala,test,video:jV_QYuccSdU
video/one_ayala/jV_QYuccSdU_00900.jpg,one_ayala,test,video:jV_QYuccSdU
video/one_ayala/jV_QYuccSdU_00940.jpg,one_ayala,test,video:jV_QYuccSdU
video/one_ayala/jV_QYuccSdU_00980.jpg,one_ayala,test,video:jV_QYuccSdU
video/one_ayala/jV_QYuccSdU_01020.jpg,one_ayala,test,video:jV_QYuccSdU
video/one_ayala/jV_QYuccSdU_01060.jpg,one_ayala,test,video:jV_QYuccSdU
video/one_ayala/jV_QYuccSdU_01100.jpg,one_ayala,test,video:jV_QYuccSdU
video/one_ayala/jV_QYuccSdU_01140.jpg,one_ayala,test,video:jV_QYuccSdU
video/one_ayala/jV_QYuccSdU_01180.jpg,one_ayala,test,video:jV_QYuccSdU
video/one_ayala/jV_QYuccSdU_01220.jpg,one_ayala,test,video:jV_QYuccSdU
video/one_ayala/jV_QYuccSdU_01260.jpg,one_ayala,test,video:jV_QYuccSdU
video/one_ayala/jV_QYuccSdU_01300.jpg,one_ayala,test,video:jV_QYuccSdU
video/one_ayala/jV_QYuccSdU_01340.jpg,one_ayala,test,video:jV_QYuccSdU
video/one_ayala/jV_QYuccSdU_01380.jpg,one_ayala,test,video:jV_QYuccSdU
video/one_ayala/jV_QYuccSdU_01420.jpg,one_ayala,test,video:jV_QYuccSdU
video/one_ayala/jV_QYuccSdU_01460.jpg,one_ayala,test,video:jV_QYuccSdU
video/one_ayala/jV_QYuccSdU_01500.jpg,one_ayala,test,video:jV_QYuccSdU
video/one_ayala/jV_QYuccSdU_01540.jpg,one_ayala,test,video:jV_QYuccSdU
video/one_ayala/jV_QYuccSdU_01580.jpg,one_ayala,test,video:jV_QYuccSdU
video/one_ayala/jV_QYuccSdU_01620.jpg,one_ayala,test,video:jV_QYuccSdU
video/one_ayala/jV_QYuccSdU_01660.jpg,one_ayala,test,video:jV_QYuccSdU
video/one_ayala/jV_QYuccSdU_01700.jpg,one_ayala,test,video:jV_QYuccSdU
video/one_ayala/jV_QYuccSdU_01740.jpg,one_ayala,test,video:jV_QYuccSdU
video/one_ayala/jV_QYuccSdU_01780.jpg,one_ayala,test,video:jV_QYuccSdU
video/one_ayala/oOsoPTyRhZk_00035.jpg,one_ayala,test,video:oOsoPTyRhZk
video/one_ayala/oOsoPTyRhZk_00178.jpg,one_ayala,test,video:oOsoPTyRhZk
video/one_ayala/oOsoPTyRhZk_00249.jpg,one_ayala,test,video:oOsoPTyRhZk
video/one_ayala/oOsoPTyRhZk_00320.jpg,one_ayala,test,video:oOsoPTyRhZk
video/one_ayala/oOsoPTyRhZk_00392.jpg,one_ayala,test,video:oOsoPTyRhZk
video/one_ayala/oOsoPTyRhZk_00463.jpg,one_ayala,test,video:oOsoPTyRhZk
video/one_ayala/oOsoPTyRhZk_00534.jpg,one_ayala,test,video:oOsoPTyRhZk
video/one_ayala/oOsoPTyRhZk_00606.jpg,one_ayala,test,video:oOsoPTyRhZk
video/one_ayala/oOsoPTyRhZk_00677.jpg,one_ayala,test,video:oOsoPTyRhZk
video/one_ayala/oOsoPTyRhZk_00749.jpg,one_ayala,test,video:oOsoPTyRhZk
video/one_ayala/oOsoPTyRhZk_00820.jpg,one_ayala,test,video:oOsoPTyRhZk
video/one_ayala/oOsoPTyRhZk_00891.jpg,one_ayala,test,video:oOsoPTyRhZk
video/one_ayala/oOsoPTyRhZk_00963.jpg,one_ayala,test,video:oOsoPTyRhZk
video/one_ayala/oOsoPTyRhZk_01034.jpg,one_ayala,test,video:oOsoPTyRhZk
video/one_ayala/oOsoPTyRhZk_01105.jpg,one_ayala,test,video:oOsoPTyRhZk
video/one_ayala/oOsoPTyRhZk_01177.jpg,one_ayala,test,video:oOsoPTyRhZk
video/one_ayala/oOsoPTyRhZk_01248.jpg,one_ayala,test,video:oOsoPTyRhZk
video/one_ayala/oOsoPTyRhZk_01319.jpg,one_ayala,test,video:oOsoPTyRhZk
video/one_ayala/oOsoPTyRhZk_01390.jpg,one_ayala,test,video:oOsoPTyRhZk
video/one_ayala/oOsoPTyRhZk_01462.jpg,one_ayala,test,video:oOsoPTyRhZk
video/one_ayala/oOsoPTyRhZk_01533.jpg,one_ayala,test,video:oOsoPTyRhZk
video/one_ayala/oOsoPTyRhZk_01604.jpg,one_ayala,test,video:oOsoPTyRhZk
video/one_ayala/oOsoPTyRhZk_01676.jpg,one_ayala,test,video:oOsoPTyRhZk
video/one_ayala/oOsoPTyRhZk_01747.jpg,one_ayala,test,video:oOsoPTyRhZk
video/one_ayala/oOsoPTyRhZk_01818.jpg,one_ayala,test,video:oOsoPTyRhZk
video/one_ayala/oOsoPTyRhZk_01890.jpg,one_ayala,test,video:oOsoPTyRhZk
video/one_ayala/oOsoPTyRhZk_01961.jpg,one_ayala,test,video:oOsoPTyRhZk
video/one_ayala/oOsoPTyRhZk_02032.jpg,one_ayala,test,video:oOsoPTyRhZk
video/one_ayala/oOsoPTyRhZk_02104.jpg,one_ayala,test,video:oOsoPTyRhZk
video/one_ayala/oOsoPTyRhZk_02175.jpg,one_ayala,test,video:oOsoPTyRhZk
video/one_ayala/oOsoPTyRhZk_02246.jpg,one_ayala,test,video:oOsoPTyRhZk
video/one_ayala/oOsoPTyRhZk_02318.jpg,one_ayala,test,video:oOsoPTyRhZk
video/one_ayala/oOsoPTyRhZk_02389.jpg,one_ayala,test,video:oOsoPTyRhZk
video/one_ayala/oOsoPTyRhZk_02461.jpg,one_ayala,test,video:oOsoPTyRhZk
video/one_ayala/oOsoPTyRhZk_02532.jpg,one_ayala,test,video:oOsoPTyRhZk
video/one_ayala/oOsoPTyRhZk_02603.jpg,one_ayala,test,video:oOsoPTyRhZk
video/one_ayala/oOsoPTyRhZk_02675.jpg,one_ayala,test,video:oOsoPTyRhZk
video/one_ayala/oOsoPTyRhZk_02746.jpg,one_ayala,test,video:oOsoPTyRhZk
video/one_ayala/oOsoPTyRhZk_02817.jpg,one_ayala,test,video:oOsoPTyRhZk
video/one_ayala/oOsoPTyRhZk_02889.jpg,one_ayala,test,video:oOsoPTyRhZk
video/one_ayala/oOsoPTyRhZk_02960.jpg,one_ayala,test,video:oOsoPTyRhZk
video/one_ayala/oOsoPTyRhZk_03031.jpg,one_ayala,test,video:oOsoPTyRhZk
video/one_ayala/oOsoPTyRhZk_03103.jpg,one_ayala,test,video:oOsoPTyRhZk
video/one_ayala/oOsoPTyRhZk_03174.jpg,one_ayala,test,video:oOsoPTyRhZk
video/one_ayala/sGloKdTuj0A_00012.jpg,one_ayala,train,video:sGloKdTuj0A
video/one_ayala/sGloKdTuj0A_00036.jpg,one_ayala,train,video:sGloKdTuj0A
video/one_ayala/sGloKdTuj0A_00060.jpg,one_ayala,train,video:sGloKdTuj0A
video/one_ayala/sGloKdTuj0A_00084.jpg,one_ayala,train,video:sGloKdTuj0A
video/one_ayala/sGloKdTuj0A_00108.jpg,one_ayala,train,video:sGloKdTuj0A
video/one_ayala/sGloKdTuj0A_00132.jpg,one_ayala,train,video:sGloKdTuj0A
video/one_ayala/sGloKdTuj0A_00156.jpg,one_ayala,train,video:sGloKdTuj0A
video/one_ayala/sGloKdTuj0A_00180.jpg,one_ayala,train,video:sGloKdTuj0A
video/one_ayala/sGloKdTuj0A_00204.jpg,one_ayala,train,video:sGloKdTuj0A
video/one_ayala/sGloKdTuj0A_00228.jpg,one_ayala,train,video:sGloKdTuj0A
video/one_ayala/sGloKdTuj0A_00252.jpg,one_ayala,train,video:sGloKdTuj0A
video/one_ayala/sGloKdTuj0A_00276.jpg,one_ayala,train,video:sGloKdTuj0A
video/one_ayala/sGloKdTuj0A_00300.jpg,one_ayala,train,video:sGloKdTuj0A
video/one_ayala/sGloKdTuj0A_00324.jpg,one_ayala,train,video:sGloKdTuj0A
video/one_ayala/sGloKdTuj0A_00348.jpg,one_ayala,train,video:sGloKdTuj0A
video/one_ayala/sGloKdTuj0A_00373.jpg,one_ayala,train,video:sGloKdTuj0A
video/one_ayala/sGloKdTuj0A_00397.jpg,one_ayala,train,video:sGloKdTuj0A
video/one_ayala/sGloKdTuj0A_00421.jpg,one_ayala,train,video:sGloKdTuj0A
video/one_ayala/sGloKdTuj0A_00445.jpg,one_ayala,train,video:sGloKdTuj0A
video/one_ayala/sGloKdTuj0A_00469.jpg,one_ayala,train,video:sGloKdTuj0A
video/one_ayala/sGloKdTuj0A_00493.jpg,one_ayala,train,video:sGloKdTuj0A
video/one_ayala/sGloKdTuj0A_00517.jpg,one_ayala,train,video:sGloKdTuj0A
video/one_ayala/sGloKdTuj0A_00541.jpg,one_ayala,train,video:sGloKdTuj0A
video/one_ayala/sGloKdTuj0A_00565.jpg,one_ayala,train,video:sGloKdTuj0A
video/one_ayala/sGloKdTuj0A_00589.jpg,one_ayala,train,video:sGloKdTuj0A
video/one_ayala/sGloKdTuj0A_00613.jpg,one_ayala,train,video:sGloKdTuj0A
video/one_ayala/sGloKdTuj0A_00637.jpg,one_ayala,train,video:sGloKdTuj0A
video/one_ayala/sGloKdTuj0A_00661.jpg,one_ayala,train,video:sGloKdTuj0A
video/one_ayala/sGloKdTuj0A_00685.jpg,one_ayala,train,video:sGloKdTuj0A
video/one_ayala/sGloKdTuj0A_00709.jpg,one_ayala,train,video:sGloKdTuj0A
video/one_ayala/sGloKdTuj0A_00734.jpg,one_ayala,train,video:sGloKdTuj0A
video/one_ayala/sGloKdTuj0A_00758.jpg,one_ayala,train,video:sGloKdTuj0A
video/one_ayala/sGloKdTuj0A_00782.jpg,one_ayala,train,video:sGloKdTuj0A
video/one_ayala/sGloKdTuj0A_00806.jpg,one_ayala,train,video:sGloKdTuj0A
video/one_ayala/sGloKdTuj0A_00830.jpg,one_ayala,train,video:sGloKdTuj0A
video/one_ayala/sGloKdTuj0A_00854.jpg,one_ayala,train,video:sGloKdTuj0A
video/one_ayala/sGloKdTuj0A_00878.jpg,one_ayala,train,video:sGloKdTuj0A
video/one_ayala/sGloKdTuj0A_00902.jpg,one_ayala,train,video:sGloKdTuj0A
video/one_ayala/sGloKdTuj0A_00926.jpg,one_ayala,train,video:sGloKdTuj0A
video/one_ayala/sGloKdTuj0A_00950.jpg,one_ayala,train,video:sGloKdTuj0A
video/one_ayala/sGloKdTuj0A_00974.jpg,one_ayala,train,video:sGloKdTuj0A
video/one_ayala/sGloKdTuj0A_00998.jpg,one_ayala,train,video:sGloKdTuj0A
video/one_ayala/sGloKdTuj0A_01022.jpg,one_ayala,train,video:sGloKdTuj0A
video/one_ayala/sGloKdTuj0A_01046.jpg,one_ayala,train,video:sGloKdTuj0A
video/one_ayala/sGloKdTuj0A_01070.jpg,one_ayala,train,video:sGloKdTuj0A
video/one_ayala/u73tGPc_fok_00013.jpg,one_ayala,val,video:u73tGPc_fok
video/one_ayala/u73tGPc_fok_00040.jpg,one_ayala,val,video:u73tGPc_fok
video/one_ayala/u73tGPc_fok_00066.jpg,one_ayala,val,video:u73tGPc_fok
video/one_ayala/u73tGPc_fok_00093.jpg,one_ayala,val,video:u73tGPc_fok
video/one_ayala/u73tGPc_fok_00120.jpg,one_ayala,val,video:u73tGPc_fok
video/one_ayala/u73tGPc_fok_00147.jpg,one_ayala,val,video:u73tGPc_fok
video/one_ayala/u73tGPc_fok_00173.jpg,one_ayala,val,video:u73tGPc_fok
video/one_ayala/u73tGPc_fok_00200.jpg,one_ayala,val,video:u73tGPc_fok
video/one_ayala/u73tGPc_fok_00227.jpg,one_ayala,val,video:u73tGPc_fok
video/one_ayala/u73tGPc_fok_00253.jpg,one_ayala,val,video:u73tGPc_fok
video/one_ayala/u73tGPc_fok_00280.jpg,one_ayala,val,video:u73tGPc_fok
video/one_ayala/u73tGPc_fok_00307.jpg,one_ayala,val,video:u73tGPc_fok
video/one_ayala/u73tGPc_fok_00334.jpg,one_ayala,val,video:u73tGPc_fok
video/one_ayala/u73tGPc_fok_00360.jpg,one_ayala,val,video:u73tGPc_fok
video/one_ayala/u73tGPc_fok_00387.jpg,one_ayala,val,video:u73tGPc_fok
video/one_ayala/u73tGPc_fok_00414.jpg,one_ayala,val,video:u73tGPc_fok
video/one_ayala/u73tGPc_fok_00441.jpg,one_ayala,val,video:u73tGPc_fok
video/one_ayala/u73tGPc_fok_00467.jpg,one_ayala,val,video:u73tGPc_fok
video/one_ayala/u73tGPc_fok_00494.jpg,one_ayala,val,video:u73tGPc_fok
video/one_ayala/u73tGPc_fok_00521.jpg,one_ayala,val,video:u73tGPc_fok
video/one_ayala/u73tGPc_fok_00548.jpg,one_ayala,val,video:u73tGPc_fok
video/one_ayala/u73tGPc_fok_00574.jpg,one_ayala,val,video:u73tGPc_fok
video/one_ayala/u73tGPc_fok_00601.jpg,one_ayala,val,video:u73tGPc_fok
video/one_ayala/u73tGPc_fok_00628.jpg,one_ayala,val,video:u73tGPc_fok
video/one_ayala/u73tGPc_fok_00654.jpg,one_ayala,val,video:u73tGPc_fok
video/one_ayala/u73tGPc_fok_00681.jpg,one_ayala,val,video:u73tGPc_fok
video/one_ayala/u73tGPc_fok_00708.jpg,one_ayala,val,video:u73tGPc_fok
video/one_ayala/u73tGPc_fok_00735.jpg,one_ayala,val,video:u73tGPc_fok
video/one_ayala/u73tGPc_fok_00761.jpg,one_ayala,val,video:u73tGPc_fok
video/one_ayala/u73tGPc_fok_00788.jpg,one_ayala,val,video:u73tGPc_fok
video/one_ayala/u73tGPc_fok_00815.jpg,one_ayala,val,video:u73tGPc_fok
video/one_ayala/u73tGPc_fok_00842.jpg,one_ayala,val,video:u73tGPc_fok
video/one_ayala/u73tGPc_fok_00868.jpg,one_ayala,val,video:u73tGPc_fok
video/one_ayala/u73tGPc_fok_00895.jpg,one_ayala,val,video:u73tGPc_fok
video/one_ayala/u73tGPc_fok_00922.jpg,one_ayala,val,video:u73tGPc_fok
video/one_ayala/u73tGPc_fok_00949.jpg,one_ayala,val,video:u73tGPc_fok
video/one_ayala/u73tGPc_fok_00975.jpg,one_ayala,val,video:u73tGPc_fok
video/one_ayala/u73tGPc_fok_01002.jpg,one_ayala,val,video:u73tGPc_fok
video/one_ayala/u73tGPc_fok_01029.jpg,one_ayala,val,video:u73tGPc_fok
video/one_ayala/u73tGPc_fok_01055.jpg,one_ayala,val,video:u73tGPc_fok
video/one_ayala/u73tGPc_fok_01082.jpg,one_ayala,val,video:u73tGPc_fok
video/one_ayala/u73tGPc_fok_01109.jpg,one_ayala,val,video:u73tGPc_fok
video/one_ayala/u73tGPc_fok_01136.jpg,one_ayala,val,video:u73tGPc_fok
video/one_ayala/u73tGPc_fok_01162.jpg,one_ayala,val,video:u73tGPc_fok
video/one_ayala/u73tGPc_fok_01189.jpg,one_ayala,val,video:u73tGPc_fok
video/powerplant_mall/-2u_UqvjH4Q_00104.jpg,powerplant_mall,test,video:-2u_UqvjH4Q
video/powerplant_mall/-2u_UqvjH4Q_00174.jpg,powerplant_mall,test,video:-2u_UqvjH4Q
video/powerplant_mall/-2u_UqvjH4Q_00244.jpg,powerplant_mall,test,video:-2u_UqvjH4Q
video/powerplant_mall/-2u_UqvjH4Q_00314.jpg,powerplant_mall,test,video:-2u_UqvjH4Q
video/powerplant_mall/-2u_UqvjH4Q_00384.jpg,powerplant_mall,test,video:-2u_UqvjH4Q
video/powerplant_mall/-2u_UqvjH4Q_00454.jpg,powerplant_mall,test,video:-2u_UqvjH4Q
video/powerplant_mall/-2u_UqvjH4Q_00524.jpg,powerplant_mall,test,video:-2u_UqvjH4Q
video/powerplant_mall/-2u_UqvjH4Q_00594.jpg,powerplant_mall,test,video:-2u_UqvjH4Q
video/powerplant_mall/-2u_UqvjH4Q_00664.jpg,powerplant_mall,test,video:-2u_UqvjH4Q
video/powerplant_mall/-2u_UqvjH4Q_00874.jpg,powerplant_mall,test,video:-2u_UqvjH4Q
video/powerplant_mall/-2u_UqvjH4Q_00944.jpg,powerplant_mall,test,video:-2u_UqvjH4Q
video/powerplant_mall/-2u_UqvjH4Q_01014.jpg,powerplant_mall,test,video:-2u_UqvjH4Q
video/powerplant_mall/-2u_UqvjH4Q_01084.jpg,powerplant_mall,test,video:-2u_UqvjH4Q
video/powerplant_mall/-2u_UqvjH4Q_01154.jpg,powerplant_mall,test,video:-2u_UqvjH4Q
video/powerplant_mall/-2u_UqvjH4Q_01224.jpg,powerplant_mall,test,video:-2u_UqvjH4Q
video/powerplant_mall/-2u_UqvjH4Q_01294.jpg,powerplant_mall,test,video:-2u_UqvjH4Q
video/powerplant_mall/-2u_UqvjH4Q_01364.jpg,powerplant_mall,test,video:-2u_UqvjH4Q
video/powerplant_mall/-2u_UqvjH4Q_01434.jpg,powerplant_mall,test,video:-2u_UqvjH4Q
video/powerplant_mall/-2u_UqvjH4Q_01504.jpg,powerplant_mall,test,video:-2u_UqvjH4Q
video/powerplant_mall/-2u_UqvjH4Q_01573.jpg,powerplant_mall,test,video:-2u_UqvjH4Q
video/powerplant_mall/-2u_UqvjH4Q_01643.jpg,powerplant_mall,test,video:-2u_UqvjH4Q
video/powerplant_mall/-2u_UqvjH4Q_01713.jpg,powerplant_mall,test,video:-2u_UqvjH4Q
video/powerplant_mall/-2u_UqvjH4Q_01783.jpg,powerplant_mall,test,video:-2u_UqvjH4Q
video/powerplant_mall/-2u_UqvjH4Q_01853.jpg,powerplant_mall,test,video:-2u_UqvjH4Q
video/powerplant_mall/-2u_UqvjH4Q_01923.jpg,powerplant_mall,test,video:-2u_UqvjH4Q
video/powerplant_mall/-2u_UqvjH4Q_01993.jpg,powerplant_mall,test,video:-2u_UqvjH4Q
video/powerplant_mall/-2u_UqvjH4Q_02063.jpg,powerplant_mall,test,video:-2u_UqvjH4Q
video/powerplant_mall/-2u_UqvjH4Q_02133.jpg,powerplant_mall,test,video:-2u_UqvjH4Q
video/powerplant_mall/-2u_UqvjH4Q_02203.jpg,powerplant_mall,test,video:-2u_UqvjH4Q
video/powerplant_mall/-2u_UqvjH4Q_02273.jpg,powerplant_mall,test,video:-2u_UqvjH4Q
video/powerplant_mall/-2u_UqvjH4Q_02343.jpg,powerplant_mall,test,video:-2u_UqvjH4Q
video/powerplant_mall/-2u_UqvjH4Q_02413.jpg,powerplant_mall,test,video:-2u_UqvjH4Q
video/powerplant_mall/-2u_UqvjH4Q_02483.jpg,powerplant_mall,test,video:-2u_UqvjH4Q
video/powerplant_mall/-2u_UqvjH4Q_02553.jpg,powerplant_mall,test,video:-2u_UqvjH4Q
video/powerplant_mall/0Zs_cIhSs18_00017.jpg,powerplant_mall,val,video:0Zs_cIhSs18
video/powerplant_mall/0Zs_cIhSs18_00051.jpg,powerplant_mall,val,video:0Zs_cIhSs18
video/powerplant_mall/0Zs_cIhSs18_00086.jpg,powerplant_mall,val,video:0Zs_cIhSs18
video/powerplant_mall/0Zs_cIhSs18_00121.jpg,powerplant_mall,val,video:0Zs_cIhSs18
video/powerplant_mall/0Zs_cIhSs18_00155.jpg,powerplant_mall,val,video:0Zs_cIhSs18
video/powerplant_mall/0Zs_cIhSs18_00190.jpg,powerplant_mall,val,video:0Zs_cIhSs18
video/powerplant_mall/0Zs_cIhSs18_00225.jpg,powerplant_mall,val,video:0Zs_cIhSs18
video/powerplant_mall/0Zs_cIhSs18_00259.jpg,powerplant_mall,val,video:0Zs_cIhSs18
video/powerplant_mall/0Zs_cIhSs18_00294.jpg,powerplant_mall,val,video:0Zs_cIhSs18
video/powerplant_mall/0Zs_cIhSs18_00328.jpg,powerplant_mall,val,video:0Zs_cIhSs18
video/powerplant_mall/0Zs_cIhSs18_00363.jpg,powerplant_mall,val,video:0Zs_cIhSs18
video/powerplant_mall/0Zs_cIhSs18_00398.jpg,powerplant_mall,val,video:0Zs_cIhSs18
video/powerplant_mall/0Zs_cIhSs18_00432.jpg,powerplant_mall,val,video:0Zs_cIhSs18
video/powerplant_mall/0Zs_cIhSs18_00467.jpg,powerplant_mall,val,video:0Zs_cIhSs18
video/powerplant_mall/0Zs_cIhSs18_00502.jpg,powerplant_mall,val,video:0Zs_cIhSs18
video/powerplant_mall/0Zs_cIhSs18_00536.jpg,powerplant_mall,val,video:0Zs_cIhSs18
video/powerplant_mall/0Zs_cIhSs18_00571.jpg,powerplant_mall,val,video:0Zs_cIhSs18
video/powerplant_mall/0Zs_cIhSs18_00605.jpg,powerplant_mall,val,video:0Zs_cIhSs18
video/powerplant_mall/0Zs_cIhSs18_00640.jpg,powerplant_mall,val,video:0Zs_cIhSs18
video/powerplant_mall/0Zs_cIhSs18_00675.jpg,powerplant_mall,val,video:0Zs_cIhSs18
video/powerplant_mall/0Zs_cIhSs18_00709.jpg,powerplant_mall,val,video:0Zs_cIhSs18
video/powerplant_mall/0Zs_cIhSs18_00744.jpg,powerplant_mall,val,video:0Zs_cIhSs18
video/powerplant_mall/0Zs_cIhSs18_00779.jpg,powerplant_mall,val,video:0Zs_cIhSs18
video/powerplant_mall/0Zs_cIhSs18_00813.jpg,powerplant_mall,val,video:0Zs_cIhSs18
video/powerplant_mall/0Zs_cIhSs18_00848.jpg,powerplant_mall,val,video:0Zs_cIhSs18
video/powerplant_mall/0Zs_cIhSs18_00882.jpg,powerplant_mall,val,video:0Zs_cIhSs18
video/powerplant_mall/0Zs_cIhSs18_00917.jpg,powerplant_mall,val,video:0Zs_cIhSs18
video/powerplant_mall/0Zs_cIhSs18_00952.jpg,powerplant_mall,val,video:0Zs_cIhSs18
video/powerplant_mall/0Zs_cIhSs18_00986.jpg,powerplant_mall,val,video:0Zs_cIhSs18
video/powerplant_mall/0Zs_cIhSs18_01021.jpg,powerplant_mall,val,video:0Zs_cIhSs18
video/powerplant_mall/0Zs_cIhSs18_01055.jpg,powerplant_mall,val,video:0Zs_cIhSs18
video/powerplant_mall/0Zs_cIhSs18_01090.jpg,powerplant_mall,val,video:0Zs_cIhSs18
video/powerplant_mall/0Zs_cIhSs18_01125.jpg,powerplant_mall,val,video:0Zs_cIhSs18
video/powerplant_mall/0Zs_cIhSs18_01159.jpg,powerplant_mall,val,video:0Zs_cIhSs18
video/powerplant_mall/0Zs_cIhSs18_01194.jpg,powerplant_mall,val,video:0Zs_cIhSs18
video/powerplant_mall/0Zs_cIhSs18_01229.jpg,powerplant_mall,val,video:0Zs_cIhSs18
video/powerplant_mall/0Zs_cIhSs18_01263.jpg,powerplant_mall,val,video:0Zs_cIhSs18
video/powerplant_mall/0Zs_cIhSs18_01298.jpg,powerplant_mall,val,video:0Zs_cIhSs18
video/powerplant_mall/0Zs_cIhSs18_01332.jpg,powerplant_mall,val,video:0Zs_cIhSs18
video/powerplant_mall/0Zs_cIhSs18_01367.jpg,powerplant_mall,val,video:0Zs_cIhSs18
video/powerplant_mall/0Zs_cIhSs18_01402.jpg,powerplant_mall,val,video:0Zs_cIhSs18
video/powerplant_mall/0Zs_cIhSs18_01436.jpg,powerplant_mall,val,video:0Zs_cIhSs18
video/powerplant_mall/0Zs_cIhSs18_01471.jpg,powerplant_mall,val,video:0Zs_cIhSs18
video/powerplant_mall/0Zs_cIhSs18_01506.jpg,powerplant_mall,val,video:0Zs_cIhSs18
video/powerplant_mall/0Zs_cIhSs18_01540.jpg,powerplant_mall,val,video:0Zs_cIhSs18
video/powerplant_mall/CobbCKURYok_00086.jpg,powerplant_mall,test,video:CobbCKURYok
video/powerplant_mall/CobbCKURYok_00144.jpg,powerplant_mall,test,video:CobbCKURYok
video/powerplant_mall/CobbCKURYok_00202.jpg,powerplant_mall,test,video:CobbCKURYok
video/powerplant_mall/CobbCKURYok_00260.jpg,powerplant_mall,test,video:CobbCKURYok
video/powerplant_mall/CobbCKURYok_00317.jpg,powerplant_mall,test,video:CobbCKURYok
video/powerplant_mall/CobbCKURYok_00375.jpg,powerplant_mall,test,video:CobbCKURYok
video/powerplant_mall/CobbCKURYok_00433.jpg,powerplant_mall,test,video:CobbCKURYok
video/powerplant_mall/CobbCKURYok_00491.jpg,powerplant_mall,test,video:CobbCKURYok
video/powerplant_mall/CobbCKURYok_00549.jpg,powerplant_mall,test,video:CobbCKURYok
video/powerplant_mall/CobbCKURYok_00606.jpg,powerplant_mall,test,video:CobbCKURYok
video/powerplant_mall/CobbCKURYok_00664.jpg,powerplant_mall,test,video:CobbCKURYok
video/powerplant_mall/CobbCKURYok_00722.jpg,powerplant_mall,test,video:CobbCKURYok
video/powerplant_mall/CobbCKURYok_00780.jpg,powerplant_mall,test,video:CobbCKURYok
video/powerplant_mall/CobbCKURYok_00838.jpg,powerplant_mall,test,video:CobbCKURYok
video/powerplant_mall/CobbCKURYok_00895.jpg,powerplant_mall,test,video:CobbCKURYok
video/powerplant_mall/CobbCKURYok_00953.jpg,powerplant_mall,test,video:CobbCKURYok
video/powerplant_mall/CobbCKURYok_01011.jpg,powerplant_mall,test,video:CobbCKURYok
video/powerplant_mall/CobbCKURYok_01069.jpg,powerplant_mall,test,video:CobbCKURYok
video/powerplant_mall/CobbCKURYok_01127.jpg,powerplant_mall,test,video:CobbCKURYok
video/powerplant_mall/CobbCKURYok_01184.jpg,powerplant_mall,test,video:CobbCKURYok
video/powerplant_mall/CobbCKURYok_01242.jpg,powerplant_mall,test,video:CobbCKURYok
video/powerplant_mall/CobbCKURYok_01300.jpg,powerplant_mall,test,video:CobbCKURYok
video/powerplant_mall/CobbCKURYok_01358.jpg,powerplant_mall,test,video:CobbCKURYok
video/powerplant_mall/CobbCKURYok_01416.jpg,powerplant_mall,test,video:CobbCKURYok
video/powerplant_mall/CobbCKURYok_01473.jpg,powerplant_mall,test,video:CobbCKURYok
video/powerplant_mall/CobbCKURYok_01531.jpg,powerplant_mall,test,video:CobbCKURYok
video/powerplant_mall/CobbCKURYok_01589.jpg,powerplant_mall,test,video:CobbCKURYok
video/powerplant_mall/CobbCKURYok_01647.jpg,powerplant_mall,test,video:CobbCKURYok
video/powerplant_mall/CobbCKURYok_01705.jpg,powerplant_mall,test,video:CobbCKURYok
video/powerplant_mall/CobbCKURYok_01762.jpg,powerplant_mall,test,video:CobbCKURYok
video/powerplant_mall/CobbCKURYok_01820.jpg,powerplant_mall,test,video:CobbCKURYok
video/powerplant_mall/CobbCKURYok_01878.jpg,powerplant_mall,test,video:CobbCKURYok
video/powerplant_mall/CobbCKURYok_01936.jpg,powerplant_mall,test,video:CobbCKURYok
video/powerplant_mall/CobbCKURYok_02051.jpg,powerplant_mall,test,video:CobbCKURYok
video/powerplant_mall/CobbCKURYok_02109.jpg,powerplant_mall,test,video:CobbCKURYok
video/powerplant_mall/CobbCKURYok_02167.jpg,powerplant_mall,test,video:CobbCKURYok
video/powerplant_mall/CobbCKURYok_02225.jpg,powerplant_mall,test,video:CobbCKURYok
video/powerplant_mall/CobbCKURYok_02283.jpg,powerplant_mall,test,video:CobbCKURYok
video/powerplant_mall/CobbCKURYok_02340.jpg,powerplant_mall,test,video:CobbCKURYok
video/powerplant_mall/CobbCKURYok_02398.jpg,powerplant_mall,test,video:CobbCKURYok
video/powerplant_mall/CobbCKURYok_02456.jpg,powerplant_mall,test,video:CobbCKURYok
video/powerplant_mall/CobbCKURYok_02514.jpg,powerplant_mall,test,video:CobbCKURYok
video/powerplant_mall/CobbCKURYok_02572.jpg,powerplant_mall,test,video:CobbCKURYok
video/powerplant_mall/RD5EYIo2yeI_00015.jpg,powerplant_mall,train,video:RD5EYIo2yeI
video/powerplant_mall/RD5EYIo2yeI_00228.jpg,powerplant_mall,train,video:RD5EYIo2yeI
video/powerplant_mall/RD5EYIo2yeI_00259.jpg,powerplant_mall,train,video:RD5EYIo2yeI
video/powerplant_mall/RD5EYIo2yeI_00289.jpg,powerplant_mall,train,video:RD5EYIo2yeI
video/powerplant_mall/RD5EYIo2yeI_00320.jpg,powerplant_mall,train,video:RD5EYIo2yeI
video/powerplant_mall/RD5EYIo2yeI_00350.jpg,powerplant_mall,train,video:RD5EYIo2yeI
video/powerplant_mall/RD5EYIo2yeI_00381.jpg,powerplant_mall,train,video:RD5EYIo2yeI
video/powerplant_mall/RD5EYIo2yeI_00411.jpg,powerplant_mall,train,video:RD5EYIo2yeI
video/powerplant_mall/RD5EYIo2yeI_00442.jpg,powerplant_mall,train,video:RD5EYIo2yeI
video/powerplant_mall/RD5EYIo2yeI_00472.jpg,powerplant_mall,train,video:RD5EYIo2yeI
video/powerplant_mall/RD5EYIo2yeI_00503.jpg,powerplant_mall,train,video:RD5EYIo2yeI
video/powerplant_mall/RD5EYIo2yeI_00533.jpg,powerplant_mall,train,video:RD5EYIo2yeI
video/powerplant_mall/RD5EYIo2yeI_00564.jpg,powerplant_mall,train,video:RD5EYIo2yeI
video/powerplant_mall/RD5EYIo2yeI_00594.jpg,powerplant_mall,train,video:RD5EYIo2yeI
video/powerplant_mall/RD5EYIo2yeI_00625.jpg,powerplant_mall,train,video:RD5EYIo2yeI
video/powerplant_mall/RD5EYIo2yeI_00655.jpg,powerplant_mall,train,video:RD5EYIo2yeI
video/powerplant_mall/RD5EYIo2yeI_00686.jpg,powerplant_mall,train,video:RD5EYIo2yeI
video/powerplant_mall/RD5EYIo2yeI_00717.jpg,powerplant_mall,train,video:RD5EYIo2yeI
video/powerplant_mall/RD5EYIo2yeI_00747.jpg,powerplant_mall,train,video:RD5EYIo2yeI
video/powerplant_mall/RD5EYIo2yeI_00778.jpg,powerplant_mall,train,video:RD5EYIo2yeI
video/powerplant_mall/RD5EYIo2yeI_00808.jpg,powerplant_mall,train,video:RD5EYIo2yeI
video/powerplant_mall/RD5EYIo2yeI_00839.jpg,powerplant_mall,train,video:RD5EYIo2yeI
video/powerplant_mall/RD5EYIo2yeI_00869.jpg,powerplant_mall,train,video:RD5EYIo2yeI
video/powerplant_mall/RD5EYIo2yeI_00900.jpg,powerplant_mall,train,video:RD5EYIo2yeI
video/powerplant_mall/RD5EYIo2yeI_00930.jpg,powerplant_mall,train,video:RD5EYIo2yeI
video/powerplant_mall/RD5EYIo2yeI_00961.jpg,powerplant_mall,train,video:RD5EYIo2yeI
video/powerplant_mall/RD5EYIo2yeI_00991.jpg,powerplant_mall,train,video:RD5EYIo2yeI
video/powerplant_mall/RD5EYIo2yeI_01022.jpg,powerplant_mall,train,video:RD5EYIo2yeI
video/powerplant_mall/RD5EYIo2yeI_01052.jpg,powerplant_mall,train,video:RD5EYIo2yeI
video/powerplant_mall/RD5EYIo2yeI_01083.jpg,powerplant_mall,train,video:RD5EYIo2yeI
video/powerplant_mall/RD5EYIo2yeI_01113.jpg,powerplant_mall,train,video:RD5EYIo2yeI
video/powerplant_mall/RD5EYIo2yeI_01144.jpg,powerplant_mall,train,video:RD5EYIo2yeI
video/powerplant_mall/RD5EYIo2yeI_01174.jpg,powerplant_mall,train,video:RD5EYIo2yeI
video/powerplant_mall/RD5EYIo2yeI_01205.jpg,powerplant_mall,train,video:RD5EYIo2yeI
video/powerplant_mall/RD5EYIo2yeI_01235.jpg,powerplant_mall,train,video:RD5EYIo2yeI
video/powerplant_mall/RD5EYIo2yeI_01266.jpg,powerplant_mall,train,video:RD5EYIo2yeI
video/powerplant_mall/RD5EYIo2yeI_01296.jpg,powerplant_mall,train,video:RD5EYIo2yeI
video/powerplant_mall/RD5EYIo2yeI_01327.jpg,powerplant_mall,train,video:RD5EYIo2yeI
video/powerplant_mall/RD5EYIo2yeI_01357.jpg,powerplant_mall,train,video:RD5EYIo2yeI
video/powerplant_mall/Y2p9EhVHlsQ_00026.jpg,powerplant_mall,val,video:Y2p9EhVHlsQ
video/powerplant_mall/Y2p9EhVHlsQ_00043.jpg,powerplant_mall,val,video:Y2p9EhVHlsQ
video/powerplant_mall/Y2p9EhVHlsQ_00061.jpg,powerplant_mall,val,video:Y2p9EhVHlsQ
video/powerplant_mall/Y2p9EhVHlsQ_00078.jpg,powerplant_mall,val,video:Y2p9EhVHlsQ
video/powerplant_mall/Y2p9EhVHlsQ_00096.jpg,powerplant_mall,val,video:Y2p9EhVHlsQ
video/powerplant_mall/Y2p9EhVHlsQ_00113.jpg,powerplant_mall,val,video:Y2p9EhVHlsQ
video/powerplant_mall/Y2p9EhVHlsQ_00131.jpg,powerplant_mall,val,video:Y2p9EhVHlsQ
video/powerplant_mall/Y2p9EhVHlsQ_00148.jpg,powerplant_mall,val,video:Y2p9EhVHlsQ
video/powerplant_mall/Y2p9EhVHlsQ_00166.jpg,powerplant_mall,val,video:Y2p9EhVHlsQ
video/powerplant_mall/Y2p9EhVHlsQ_00183.jpg,powerplant_mall,val,video:Y2p9EhVHlsQ
video/powerplant_mall/Y2p9EhVHlsQ_00201.jpg,powerplant_mall,val,video:Y2p9EhVHlsQ
video/powerplant_mall/Y2p9EhVHlsQ_00218.jpg,powerplant_mall,val,video:Y2p9EhVHlsQ
video/powerplant_mall/Y2p9EhVHlsQ_00236.jpg,powerplant_mall,val,video:Y2p9EhVHlsQ
video/powerplant_mall/Y2p9EhVHlsQ_00253.jpg,powerplant_mall,val,video:Y2p9EhVHlsQ
video/powerplant_mall/Y2p9EhVHlsQ_00271.jpg,powerplant_mall,val,video:Y2p9EhVHlsQ
video/powerplant_mall/Y2p9EhVHlsQ_00288.jpg,powerplant_mall,val,video:Y2p9EhVHlsQ
video/powerplant_mall/Y2p9EhVHlsQ_00306.jpg,powerplant_mall,val,video:Y2p9EhVHlsQ
video/powerplant_mall/Y2p9EhVHlsQ_00323.jpg,powerplant_mall,val,video:Y2p9EhVHlsQ
video/powerplant_mall/Y2p9EhVHlsQ_00341.jpg,powerplant_mall,val,video:Y2p9EhVHlsQ
video/powerplant_mall/Y2p9EhVHlsQ_00358.jpg,powerplant_mall,val,video:Y2p9EhVHlsQ
video/powerplant_mall/Y2p9EhVHlsQ_00376.jpg,powerplant_mall,val,video:Y2p9EhVHlsQ
video/powerplant_mall/Y2p9EhVHlsQ_00393.jpg,powerplant_mall,val,video:Y2p9EhVHlsQ
video/powerplant_mall/Y2p9EhVHlsQ_00410.jpg,powerplant_mall,val,video:Y2p9EhVHlsQ
video/powerplant_mall/Y2p9EhVHlsQ_00428.jpg,powerplant_mall,val,video:Y2p9EhVHlsQ
video/powerplant_mall/Y2p9EhVHlsQ_00445.jpg,powerplant_mall,val,video:Y2p9EhVHlsQ
video/powerplant_mall/Y2p9EhVHlsQ_00463.jpg,powerplant_mall,val,video:Y2p9EhVHlsQ
video/powerplant_mall/Y2p9EhVHlsQ_00480.jpg,powerplant_mall,val,video:Y2p9EhVHlsQ
video/powerplant_mall/Y2p9EhVHlsQ_00498.jpg,powerplant_mall,val,video:Y2p9EhVHlsQ
video/powerplant_mall/Y2p9EhVHlsQ_00515.jpg,powerplant_mall,val,video:Y2p9EhVHlsQ
video/powerplant_mall/Y2p9EhVHlsQ_00533.jpg,powerplant_mall,val,video:Y2p9EhVHlsQ
video/powerplant_mall/Y2p9EhVHlsQ_00550.jpg,powerplant_mall,val,video:Y2p9EhVHlsQ
video/powerplant_mall/Y2p9EhVHlsQ_00568.jpg,powerplant_mall,val,video:Y2p9EhVHlsQ
video/powerplant_mall/Y2p9EhVHlsQ_00585.jpg,powerplant_mall,val,video:Y2p9EhVHlsQ
video/powerplant_mall/Y2p9EhVHlsQ_00603.jpg,powerplant_mall,val,video:Y2p9EhVHlsQ
video/powerplant_mall/Y2p9EhVHlsQ_00620.jpg,powerplant_mall,val,video:Y2p9EhVHlsQ
video/powerplant_mall/Y2p9EhVHlsQ_00638.jpg,powerplant_mall,val,video:Y2p9EhVHlsQ
video/powerplant_mall/Y2p9EhVHlsQ_00655.jpg,powerplant_mall,val,video:Y2p9EhVHlsQ
video/powerplant_mall/Y2p9EhVHlsQ_00673.jpg,powerplant_mall,val,video:Y2p9EhVHlsQ
video/powerplant_mall/Y2p9EhVHlsQ_00690.jpg,powerplant_mall,val,video:Y2p9EhVHlsQ
video/powerplant_mall/Y2p9EhVHlsQ_00708.jpg,powerplant_mall,val,video:Y2p9EhVHlsQ
video/powerplant_mall/Y2p9EhVHlsQ_00725.jpg,powerplant_mall,val,video:Y2p9EhVHlsQ
video/powerplant_mall/Y2p9EhVHlsQ_00743.jpg,powerplant_mall,val,video:Y2p9EhVHlsQ
video/powerplant_mall/Y2p9EhVHlsQ_00760.jpg,powerplant_mall,val,video:Y2p9EhVHlsQ
video/powerplant_mall/Y2p9EhVHlsQ_00778.jpg,powerplant_mall,val,video:Y2p9EhVHlsQ
video/powerplant_mall/_0rlxCLSxaI_00025.jpg,powerplant_mall,train,video:_0rlxCLSxaI
video/powerplant_mall/_0rlxCLSxaI_00043.jpg,powerplant_mall,train,video:_0rlxCLSxaI
video/powerplant_mall/_0rlxCLSxaI_00060.jpg,powerplant_mall,train,video:_0rlxCLSxaI
video/powerplant_mall/_0rlxCLSxaI_00077.jpg,powerplant_mall,train,video:_0rlxCLSxaI
video/powerplant_mall/_0rlxCLSxaI_00094.jpg,powerplant_mall,train,video:_0rlxCLSxaI
video/powerplant_mall/_0rlxCLSxaI_00112.jpg,powerplant_mall,train,video:_0rlxCLSxaI
video/powerplant_mall/_0rlxCLSxaI_00129.jpg,powerplant_mall,train,video:_0rlxCLSxaI
video/powerplant_mall/_0rlxCLSxaI_00146.jpg,powerplant_mall,train,video:_0rlxCLSxaI
video/powerplant_mall/_0rlxCLSxaI_00164.jpg,powerplant_mall,train,video:_0rlxCLSxaI
video/powerplant_mall/_0rlxCLSxaI_00181.jpg,powerplant_mall,train,video:_0rlxCLSxaI
video/powerplant_mall/_0rlxCLSxaI_00198.jpg,powerplant_mall,train,video:_0rlxCLSxaI
video/powerplant_mall/_0rlxCLSxaI_00215.jpg,powerplant_mall,train,video:_0rlxCLSxaI
video/powerplant_mall/_0rlxCLSxaI_00233.jpg,powerplant_mall,train,video:_0rlxCLSxaI
video/powerplant_mall/_0rlxCLSxaI_00250.jpg,powerplant_mall,train,video:_0rlxCLSxaI
video/powerplant_mall/_0rlxCLSxaI_00267.jpg,powerplant_mall,train,video:_0rlxCLSxaI
video/powerplant_mall/_0rlxCLSxaI_00284.jpg,powerplant_mall,train,video:_0rlxCLSxaI
video/powerplant_mall/_0rlxCLSxaI_00302.jpg,powerplant_mall,train,video:_0rlxCLSxaI
video/powerplant_mall/_0rlxCLSxaI_00319.jpg,powerplant_mall,train,video:_0rlxCLSxaI
video/powerplant_mall/_0rlxCLSxaI_00336.jpg,powerplant_mall,train,video:_0rlxCLSxaI
video/powerplant_mall/_0rlxCLSxaI_00353.jpg,powerplant_mall,train,video:_0rlxCLSxaI
video/powerplant_mall/_0rlxCLSxaI_00371.jpg,powerplant_mall,train,video:_0rlxCLSxaI
video/powerplant_mall/_0rlxCLSxaI_00388.jpg,powerplant_mall,train,video:_0rlxCLSxaI
video/powerplant_mall/_0rlxCLSxaI_00405.jpg,powerplant_mall,train,video:_0rlxCLSxaI
video/powerplant_mall/_0rlxCLSxaI_00423.jpg,powerplant_mall,train,video:_0rlxCLSxaI
video/powerplant_mall/_0rlxCLSxaI_00440.jpg,powerplant_mall,train,video:_0rlxCLSxaI
video/powerplant_mall/_0rlxCLSxaI_00457.jpg,powerplant_mall,train,video:_0rlxCLSxaI
video/powerplant_mall/_0rlxCLSxaI_00474.jpg,powerplant_mall,train,video:_0rlxCLSxaI
video/powerplant_mall/_0rlxCLSxaI_00492.jpg,powerplant_mall,train,video:_0rlxCLSxaI
video/powerplant_mall/_0rlxCLSxaI_00509.jpg,powerplant_mall,train,video:_0rlxCLSxaI
video/powerplant_mall/_0rlxCLSxaI_00526.jpg,powerplant_mall,train,video:_0rlxCLSxaI
video/powerplant_mall/_0rlxCLSxaI_00543.jpg,powerplant_mall,train,video:_0rlxCLSxaI
video/powerplant_mall/_0rlxCLSxaI_00561.jpg,powerplant_mall,train,video:_0rlxCLSxaI
video/powerplant_mall/_0rlxCLSxaI_00578.jpg,powerplant_mall,train,video:_0rlxCLSxaI
video/powerplant_mall/_0rlxCLSxaI_00595.jpg,powerplant_mall,train,video:_0rlxCLSxaI
video/powerplant_mall/_0rlxCLSxaI_00612.jpg,powerplant_mall,train,video:_0rlxCLSxaI
video/powerplant_mall/_0rlxCLSxaI_00630.jpg,powerplant_mall,train,video:_0rlxCLSxaI
video/powerplant_mall/_0rlxCLSxaI_00647.jpg,powerplant_mall,train,video:_0rlxCLSxaI
video/powerplant_mall/_0rlxCLSxaI_00664.jpg,powerplant_mall,train,video:_0rlxCLSxaI
video/powerplant_mall/_0rlxCLSxaI_00682.jpg,powerplant_mall,train,video:_0rlxCLSxaI
video/powerplant_mall/_0rlxCLSxaI_00699.jpg,powerplant_mall,train,video:_0rlxCLSxaI
video/powerplant_mall/_0rlxCLSxaI_00716.jpg,powerplant_mall,train,video:_0rlxCLSxaI
video/powerplant_mall/_0rlxCLSxaI_00733.jpg,powerplant_mall,train,video:_0rlxCLSxaI
video/powerplant_mall/hKOeFYFXIKg_00672.jpg,powerplant_mall,train,video:hKOeFYFXIKg
video/powerplant_mall/hKOeFYFXIKg_00692.jpg,powerplant_mall,train,video:hKOeFYFXIKg
video/powerplant_mall/hKOeFYFXIKg_00712.jpg,powerplant_mall,train,video:hKOeFYFXIKg
video/powerplant_mall/hKOeFYFXIKg_00732.jpg,powerplant_mall,train,video:hKOeFYFXIKg
video/powerplant_mall/hKOeFYFXIKg_00752.jpg,powerplant_mall,train,video:hKOeFYFXIKg
video/powerplant_mall/hKOeFYFXIKg_00772.jpg,powerplant_mall,train,video:hKOeFYFXIKg
video/powerplant_mall/hKOeFYFXIKg_00792.jpg,powerplant_mall,train,video:hKOeFYFXIKg
video/powerplant_mall/hKOeFYFXIKg_00812.jpg,powerplant_mall,train,video:hKOeFYFXIKg
video/powerplant_mall/hKOeFYFXIKg_00832.jpg,powerplant_mall,train,video:hKOeFYFXIKg
video/powerplant_mall/hKOeFYFXIKg_00852.jpg,powerplant_mall,train,video:hKOeFYFXIKg
video/powerplant_mall/hvF9hMTugFc_00168.jpg,powerplant_mall,train,video:hvF9hMTugFc
video/powerplant_mall/hvF9hMTugFc_00199.jpg,powerplant_mall,train,video:hvF9hMTugFc
video/powerplant_mall/hvF9hMTugFc_00230.jpg,powerplant_mall,train,video:hvF9hMTugFc
video/powerplant_mall/hvF9hMTugFc_00260.jpg,powerplant_mall,train,video:hvF9hMTugFc
video/powerplant_mall/hvF9hMTugFc_00291.jpg,powerplant_mall,train,video:hvF9hMTugFc
video/powerplant_mall/hvF9hMTugFc_00322.jpg,powerplant_mall,train,video:hvF9hMTugFc
video/powerplant_mall/hvF9hMTugFc_00352.jpg,powerplant_mall,train,video:hvF9hMTugFc
video/powerplant_mall/hvF9hMTugFc_00383.jpg,powerplant_mall,train,video:hvF9hMTugFc
video/powerplant_mall/hvF9hMTugFc_00414.jpg,powerplant_mall,train,video:hvF9hMTugFc
video/powerplant_mall/hvF9hMTugFc_00444.jpg,powerplant_mall,train,video:hvF9hMTugFc
video/powerplant_mall/hvF9hMTugFc_00475.jpg,powerplant_mall,train,video:hvF9hMTugFc
video/powerplant_mall/hvF9hMTugFc_00537.jpg,powerplant_mall,train,video:hvF9hMTugFc
video/powerplant_mall/hvF9hMTugFc_00567.jpg,powerplant_mall,train,video:hvF9hMTugFc
video/powerplant_mall/hvF9hMTugFc_00598.jpg,powerplant_mall,train,video:hvF9hMTugFc
video/powerplant_mall/hvF9hMTugFc_00629.jpg,powerplant_mall,train,video:hvF9hMTugFc
video/powerplant_mall/hvF9hMTugFc_00659.jpg,powerplant_mall,train,video:hvF9hMTugFc
video/powerplant_mall/hvF9hMTugFc_00690.jpg,powerplant_mall,train,video:hvF9hMTugFc
video/powerplant_mall/hvF9hMTugFc_00721.jpg,powerplant_mall,train,video:hvF9hMTugFc
video/powerplant_mall/hvF9hMTugFc_00751.jpg,powerplant_mall,train,video:hvF9hMTugFc
video/powerplant_mall/hvF9hMTugFc_00782.jpg,powerplant_mall,train,video:hvF9hMTugFc
video/powerplant_mall/hvF9hMTugFc_00813.jpg,powerplant_mall,train,video:hvF9hMTugFc
video/powerplant_mall/hvF9hMTugFc_00843.jpg,powerplant_mall,train,video:hvF9hMTugFc
video/powerplant_mall/hvF9hMTugFc_00874.jpg,powerplant_mall,train,video:hvF9hMTugFc
video/powerplant_mall/hvF9hMTugFc_00905.jpg,powerplant_mall,train,video:hvF9hMTugFc
video/powerplant_mall/hvF9hMTugFc_00936.jpg,powerplant_mall,train,video:hvF9hMTugFc
video/powerplant_mall/hvF9hMTugFc_00966.jpg,powerplant_mall,train,video:hvF9hMTugFc
video/powerplant_mall/hvF9hMTugFc_00997.jpg,powerplant_mall,train,video:hvF9hMTugFc
video/powerplant_mall/hvF9hMTugFc_01028.jpg,powerplant_mall,train,video:hvF9hMTugFc
video/powerplant_mall/hvF9hMTugFc_01058.jpg,powerplant_mall,train,video:hvF9hMTugFc
video/powerplant_mall/hvF9hMTugFc_01089.jpg,powerplant_mall,train,video:hvF9hMTugFc
video/powerplant_mall/hvF9hMTugFc_01120.jpg,powerplant_mall,train,video:hvF9hMTugFc
video/powerplant_mall/hvF9hMTugFc_01150.jpg,powerplant_mall,train,video:hvF9hMTugFc
video/powerplant_mall/hvF9hMTugFc_01181.jpg,powerplant_mall,train,video:hvF9hMTugFc
video/powerplant_mall/hvF9hMTugFc_01212.jpg,powerplant_mall,train,video:hvF9hMTugFc
video/powerplant_mall/hvF9hMTugFc_01242.jpg,powerplant_mall,train,video:hvF9hMTugFc
video/powerplant_mall/hvF9hMTugFc_01273.jpg,powerplant_mall,train,video:hvF9hMTugFc
video/powerplant_mall/hvF9hMTugFc_01304.jpg,powerplant_mall,train,video:hvF9hMTugFc
video/powerplant_mall/hvF9hMTugFc_01334.jpg,powerplant_mall,train,video:hvF9hMTugFc
video/powerplant_mall/hvF9hMTugFc_01365.jpg,powerplant_mall,train,video:hvF9hMTugFc
video/powerplant_mall/kLGlnbC8kxM_00011.jpg,powerplant_mall,train,video:kLGlnbC8kxM
video/powerplant_mall/kLGlnbC8kxM_00144.jpg,powerplant_mall,train,video:kLGlnbC8kxM
video/powerplant_mall/kLGlnbC8kxM_00166.jpg,powerplant_mall,train,video:kLGlnbC8kxM
video/powerplant_mall/kLGlnbC8kxM_00188.jpg,powerplant_mall,train,video:kLGlnbC8kxM
video/powerplant_mall/kLGlnbC8kxM_00211.jpg,powerplant_mall,train,video:kLGlnbC8kxM
video/powerplant_mall/kLGlnbC8kxM_00233.jpg,powerplant_mall,train,video:kLGlnbC8kxM
video/powerplant_mall/kLGlnbC8kxM_00255.jpg,powerplant_mall,train,video:kLGlnbC8kxM
video/powerplant_mall/kLGlnbC8kxM_00277.jpg,powerplant_mall,train,video:kLGlnbC8kxM
video/powerplant_mall/kLGlnbC8kxM_00300.jpg,powerplant_mall,train,video:kLGlnbC8kxM
video/powerplant_mall/kLGlnbC8kxM_00322.jpg,powerplant_mall,train,video:kLGlnbC8kxM
video/powerplant_mall/kLGlnbC8kxM_00344.jpg,powerplant_mall,train,video:kLGlnbC8kxM
video/powerplant_mall/kLGlnbC8kxM_00366.jpg,powerplant_mall,train,video:kLGlnbC8kxM
video/powerplant_mall/kLGlnbC8kxM_00388.jpg,powerplant_mall,train,video:kLGlnbC8kxM
video/powerplant_mall/kLGlnbC8kxM_00411.jpg,powerplant_mall,train,video:kLGlnbC8kxM
video/powerplant_mall/kLGlnbC8kxM_00433.jpg,powerplant_mall,train,video:kLGlnbC8kxM
video/powerplant_mall/kLGlnbC8kxM_00455.jpg,powerplant_mall,train,video:kLGlnbC8kxM
video/powerplant_mall/kLGlnbC8kxM_00477.jpg,powerplant_mall,train,video:kLGlnbC8kxM
video/powerplant_mall/kLGlnbC8kxM_00500.jpg,powerplant_mall,train,video:kLGlnbC8kxM
video/powerplant_mall/kLGlnbC8kxM_00522.jpg,powerplant_mall,train,video:kLGlnbC8kxM
video/powerplant_mall/kLGlnbC8kxM_00544.jpg,powerplant_mall,train,video:kLGlnbC8kxM
video/powerplant_mall/kLGlnbC8kxM_00566.jpg,powerplant_mall,train,video:kLGlnbC8kxM
video/powerplant_mall/kLGlnbC8kxM_00588.jpg,powerplant_mall,train,video:kLGlnbC8kxM
video/powerplant_mall/kLGlnbC8kxM_00611.jpg,powerplant_mall,train,video:kLGlnbC8kxM
video/powerplant_mall/kLGlnbC8kxM_00633.jpg,powerplant_mall,train,video:kLGlnbC8kxM
video/powerplant_mall/kLGlnbC8kxM_00655.jpg,powerplant_mall,train,video:kLGlnbC8kxM
video/powerplant_mall/kLGlnbC8kxM_00677.jpg,powerplant_mall,train,video:kLGlnbC8kxM
video/powerplant_mall/kLGlnbC8kxM_00699.jpg,powerplant_mall,train,video:kLGlnbC8kxM
video/powerplant_mall/kLGlnbC8kxM_00722.jpg,powerplant_mall,train,video:kLGlnbC8kxM
video/powerplant_mall/kLGlnbC8kxM_00744.jpg,powerplant_mall,train,video:kLGlnbC8kxM
video/powerplant_mall/kLGlnbC8kxM_00766.jpg,powerplant_mall,train,video:kLGlnbC8kxM
video/powerplant_mall/kLGlnbC8kxM_00833.jpg,powerplant_mall,train,video:kLGlnbC8kxM
video/powerplant_mall/kLGlnbC8kxM_00855.jpg,powerplant_mall,train,video:kLGlnbC8kxM
video/powerplant_mall/kLGlnbC8kxM_00877.jpg,powerplant_mall,train,video:kLGlnbC8kxM
video/powerplant_mall/kLGlnbC8kxM_00899.jpg,powerplant_mall,train,video:kLGlnbC8kxM
video/powerplant_mall/kLGlnbC8kxM_00922.jpg,powerplant_mall,train,video:kLGlnbC8kxM
video/powerplant_mall/kLGlnbC8kxM_00944.jpg,powerplant_mall,train,video:kLGlnbC8kxM
video/powerplant_mall/kLGlnbC8kxM_00966.jpg,powerplant_mall,train,video:kLGlnbC8kxM
video/powerplant_mall/kLGlnbC8kxM_00988.jpg,powerplant_mall,train,video:kLGlnbC8kxM
video/powerplant_mall/oR3By4FgTWE_00011.jpg,powerplant_mall,train,video:oR3By4FgTWE
video/powerplant_mall/oR3By4FgTWE_00034.jpg,powerplant_mall,train,video:oR3By4FgTWE
video/powerplant_mall/oR3By4FgTWE_00056.jpg,powerplant_mall,train,video:oR3By4FgTWE
video/powerplant_mall/oR3By4FgTWE_00125.jpg,powerplant_mall,train,video:oR3By4FgTWE
video/powerplant_mall/oR3By4FgTWE_00148.jpg,powerplant_mall,train,video:oR3By4FgTWE
video/powerplant_mall/oR3By4FgTWE_00170.jpg,powerplant_mall,train,video:oR3By4FgTWE
video/powerplant_mall/oR3By4FgTWE_00193.jpg,powerplant_mall,train,video:oR3By4FgTWE
video/powerplant_mall/oR3By4FgTWE_00216.jpg,powerplant_mall,train,video:oR3By4FgTWE
video/powerplant_mall/oR3By4FgTWE_00239.jpg,powerplant_mall,train,video:oR3By4FgTWE
video/powerplant_mall/oR3By4FgTWE_00261.jpg,powerplant_mall,train,video:oR3By4FgTWE
video/powerplant_mall/oR3By4FgTWE_00284.jpg,powerplant_mall,train,video:oR3By4FgTWE
video/powerplant_mall/oR3By4FgTWE_00307.jpg,powerplant_mall,train,video:oR3By4FgTWE
video/powerplant_mall/oR3By4FgTWE_00330.jpg,powerplant_mall,train,video:oR3By4FgTWE
video/powerplant_mall/oR3By4FgTWE_00353.jpg,powerplant_mall,train,video:oR3By4FgTWE
video/powerplant_mall/oR3By4FgTWE_00375.jpg,powerplant_mall,train,video:oR3By4FgTWE
video/powerplant_mall/oR3By4FgTWE_00398.jpg,powerplant_mall,train,video:oR3By4FgTWE
video/powerplant_mall/oR3By4FgTWE_00421.jpg,powerplant_mall,train,video:oR3By4FgTWE
video/powerplant_mall/oR3By4FgTWE_00444.jpg,powerplant_mall,train,video:oR3By4FgTWE
video/powerplant_mall/oR3By4FgTWE_00466.jpg,powerplant_mall,train,video:oR3By4FgTWE
video/powerplant_mall/oR3By4FgTWE_00489.jpg,powerplant_mall,train,video:oR3By4FgTWE
video/powerplant_mall/oR3By4FgTWE_00512.jpg,powerplant_mall,train,video:oR3By4FgTWE
video/powerplant_mall/oR3By4FgTWE_00535.jpg,powerplant_mall,train,video:oR3By4FgTWE
video/powerplant_mall/oR3By4FgTWE_00558.jpg,powerplant_mall,train,video:oR3By4FgTWE
video/powerplant_mall/oR3By4FgTWE_00580.jpg,powerplant_mall,train,video:oR3By4FgTWE
video/powerplant_mall/oR3By4FgTWE_00603.jpg,powerplant_mall,train,video:oR3By4FgTWE
video/powerplant_mall/oR3By4FgTWE_00626.jpg,powerplant_mall,train,video:oR3By4FgTWE
video/powerplant_mall/oR3By4FgTWE_00649.jpg,powerplant_mall,train,video:oR3By4FgTWE
video/powerplant_mall/oR3By4FgTWE_00671.jpg,powerplant_mall,train,video:oR3By4FgTWE
video/powerplant_mall/oR3By4FgTWE_00694.jpg,powerplant_mall,train,video:oR3By4FgTWE
video/powerplant_mall/oR3By4FgTWE_00717.jpg,powerplant_mall,train,video:oR3By4FgTWE
video/powerplant_mall/oR3By4FgTWE_00740.jpg,powerplant_mall,train,video:oR3By4FgTWE
video/powerplant_mall/oR3By4FgTWE_00763.jpg,powerplant_mall,train,video:oR3By4FgTWE
video/powerplant_mall/oR3By4FgTWE_00785.jpg,powerplant_mall,train,video:oR3By4FgTWE
video/powerplant_mall/oR3By4FgTWE_00808.jpg,powerplant_mall,train,video:oR3By4FgTWE
video/powerplant_mall/oR3By4FgTWE_00831.jpg,powerplant_mall,train,video:oR3By4FgTWE
video/powerplant_mall/oR3By4FgTWE_00854.jpg,powerplant_mall,train,video:oR3By4FgTWE
video/powerplant_mall/oR3By4FgTWE_00876.jpg,powerplant_mall,train,video:oR3By4FgTWE
video/powerplant_mall/oR3By4FgTWE_00899.jpg,powerplant_mall,train,video:oR3By4FgTWE
video/powerplant_mall/oR3By4FgTWE_00922.jpg,powerplant_mall,train,video:oR3By4FgTWE
video/powerplant_mall/oR3By4FgTWE_00945.jpg,powerplant_mall,train,video:oR3By4FgTWE
video/powerplant_mall/oR3By4FgTWE_00968.jpg,powerplant_mall,train,video:oR3By4FgTWE
video/powerplant_mall/oR3By4FgTWE_00990.jpg,powerplant_mall,train,video:oR3By4FgTWE
video/powerplant_mall/pBTji3umPuE_00006.jpg,powerplant_mall,train,video:pBTji3umPuE
video/powerplant_mall/pBTji3umPuE_00019.jpg,powerplant_mall,train,video:pBTji3umPuE
video/powerplant_mall/pBTji3umPuE_00032.jpg,powerplant_mall,train,video:pBTji3umPuE
video/powerplant_mall/pBTji3umPuE_00045.jpg,powerplant_mall,train,video:pBTji3umPuE
video/powerplant_mall/pBTji3umPuE_00071.jpg,powerplant_mall,train,video:pBTji3umPuE
video/powerplant_mall/pBTji3umPuE_00084.jpg,powerplant_mall,train,video:pBTji3umPuE
video/powerplant_mall/pBTji3umPuE_00097.jpg,powerplant_mall,train,video:pBTji3umPuE
video/powerplant_mall/pBTji3umPuE_00110.jpg,powerplant_mall,train,video:pBTji3umPuE
video/powerplant_mall/pBTji3umPuE_00123.jpg,powerplant_mall,train,video:pBTji3umPuE
video/powerplant_mall/pBTji3umPuE_00136.jpg,powerplant_mall,train,video:pBTji3umPuE
video/powerplant_mall/pBTji3umPuE_00149.jpg,powerplant_mall,train,video:pBTji3umPuE
video/powerplant_mall/pBTji3umPuE_00162.jpg,powerplant_mall,train,video:pBTji3umPuE
video/powerplant_mall/pBTji3umPuE_00175.jpg,powerplant_mall,train,video:pBTji3umPuE
video/powerplant_mall/pBTji3umPuE_00188.jpg,powerplant_mall,train,video:pBTji3umPuE
video/powerplant_mall/pBTji3umPuE_00201.jpg,powerplant_mall,train,video:pBTji3umPuE
video/powerplant_mall/pBTji3umPuE_00214.jpg,powerplant_mall,train,video:pBTji3umPuE
video/powerplant_mall/pBTji3umPuE_00227.jpg,powerplant_mall,train,video:pBTji3umPuE
video/powerplant_mall/pBTji3umPuE_00240.jpg,powerplant_mall,train,video:pBTji3umPuE
video/powerplant_mall/pBTji3umPuE_00253.jpg,powerplant_mall,train,video:pBTji3umPuE
video/powerplant_mall/pBTji3umPuE_00266.jpg,powerplant_mall,train,video:pBTji3umPuE
video/powerplant_mall/pBTji3umPuE_00279.jpg,powerplant_mall,train,video:pBTji3umPuE
video/powerplant_mall/pBTji3umPuE_00292.jpg,powerplant_mall,train,video:pBTji3umPuE
video/powerplant_mall/pBTji3umPuE_00305.jpg,powerplant_mall,train,video:pBTji3umPuE
video/powerplant_mall/pBTji3umPuE_00318.jpg,powerplant_mall,train,video:pBTji3umPuE
video/powerplant_mall/pBTji3umPuE_00331.jpg,powerplant_mall,train,video:pBTji3umPuE
video/powerplant_mall/pBTji3umPuE_00344.jpg,powerplant_mall,train,video:pBTji3umPuE
video/powerplant_mall/pBTji3umPuE_00357.jpg,powerplant_mall,train,video:pBTji3umPuE
video/powerplant_mall/pBTji3umPuE_00370.jpg,powerplant_mall,train,video:pBTji3umPuE
video/powerplant_mall/pBTji3umPuE_00383.jpg,powerplant_mall,train,video:pBTji3umPuE
video/powerplant_mall/pBTji3umPuE_00396.jpg,powerplant_mall,train,video:pBTji3umPuE
video/powerplant_mall/pBTji3umPuE_00409.jpg,powerplant_mall,train,video:pBTji3umPuE
video/powerplant_mall/pBTji3umPuE_00422.jpg,powerplant_mall,train,video:pBTji3umPuE
video/powerplant_mall/pBTji3umPuE_00435.jpg,powerplant_mall,train,video:pBTji3umPuE
video/powerplant_mall/pBTji3umPuE_00448.jpg,powerplant_mall,train,video:pBTji3umPuE
video/powerplant_mall/pBTji3umPuE_00461.jpg,powerplant_mall,train,video:pBTji3umPuE
video/powerplant_mall/pBTji3umPuE_00474.jpg,powerplant_mall,train,video:pBTji3umPuE
video/powerplant_mall/pBTji3umPuE_00487.jpg,powerplant_mall,train,video:pBTji3umPuE
video/powerplant_mall/pBTji3umPuE_00500.jpg,powerplant_mall,train,video:pBTji3umPuE
video/powerplant_mall/pBTji3umPuE_00513.jpg,powerplant_mall,train,video:pBTji3umPuE
video/powerplant_mall/pBTji3umPuE_00526.jpg,powerplant_mall,train,video:pBTji3umPuE
video/powerplant_mall/pBTji3umPuE_00539.jpg,powerplant_mall,train,video:pBTji3umPuE
video/powerplant_mall/pBTji3umPuE_00552.jpg,powerplant_mall,train,video:pBTji3umPuE
video/powerplant_mall/pBTji3umPuE_00565.jpg,powerplant_mall,train,video:pBTji3umPuE
video/powerplant_mall/ruv4d0z3mUI_00054.jpg,powerplant_mall,train,video:ruv4d0z3mUI
video/powerplant_mall/ruv4d0z3mUI_00066.jpg,powerplant_mall,train,video:ruv4d0z3mUI
video/powerplant_mall/ruv4d0z3mUI_00211.jpg,powerplant_mall,train,video:ruv4d0z3mUI
video/powerplant_mall/ruv4d0z3mUI_00284.jpg,powerplant_mall,train,video:ruv4d0z3mUI
video/powerplant_mall/ruv4d0z3mUI_00296.jpg,powerplant_mall,train,video:ruv4d0z3mUI
video/powerplant_mall/ruv4d0z3mUI_00308.jpg,powerplant_mall,train,video:ruv4d0z3mUI
video/powerplant_mall/ruv4d0z3mUI_00320.jpg,powerplant_mall,train,video:ruv4d0z3mUI
video/powerplant_mall/ruv4d0z3mUI_00333.jpg,powerplant_mall,train,video:ruv4d0z3mUI
video/powerplant_mall/ruv4d0z3mUI_00345.jpg,powerplant_mall,train,video:ruv4d0z3mUI
video/powerplant_mall/ruv4d0z3mUI_00369.jpg,powerplant_mall,train,video:ruv4d0z3mUI
video/powerplant_mall/ruv4d0z3mUI_00381.jpg,powerplant_mall,train,video:ruv4d0z3mUI
video/powerplant_mall/ruv4d0z3mUI_00393.jpg,powerplant_mall,train,video:ruv4d0z3mUI
video/powerplant_mall/ruv4d0z3mUI_00405.jpg,powerplant_mall,train,video:ruv4d0z3mUI
video/powerplant_mall/ruv4d0z3mUI_00417.jpg,powerplant_mall,train,video:ruv4d0z3mUI
video/powerplant_mall/ruv4d0z3mUI_00429.jpg,powerplant_mall,train,video:ruv4d0z3mUI
video/powerplant_mall/ruv4d0z3mUI_00442.jpg,powerplant_mall,train,video:ruv4d0z3mUI
video/powerplant_mall/ruv4d0z3mUI_00454.jpg,powerplant_mall,train,video:ruv4d0z3mUI
video/rcbc_plaza/AWlzpWzn4dM_00001.jpg,rcbc_plaza,test,video:AWlzpWzn4dM
video/rcbc_plaza/AWlzpWzn4dM_00004.jpg,rcbc_plaza,test,video:AWlzpWzn4dM
video/rcbc_plaza/AWlzpWzn4dM_00007.jpg,rcbc_plaza,test,video:AWlzpWzn4dM
video/rcbc_plaza/CrmzgEotoD4_00152.jpg,rcbc_plaza,test,video:CrmzgEotoD4
video/rcbc_plaza/CrmzgEotoD4_00169.jpg,rcbc_plaza,test,video:CrmzgEotoD4
video/rcbc_plaza/CrmzgEotoD4_00217.jpg,rcbc_plaza,test,video:CrmzgEotoD4
video/rcbc_plaza/CrmzgEotoD4_00249.jpg,rcbc_plaza,test,video:CrmzgEotoD4
video/rcbc_plaza/CrmzgEotoD4_00265.jpg,rcbc_plaza,test,video:CrmzgEotoD4
video/rcbc_plaza/CrmzgEotoD4_00281.jpg,rcbc_plaza,test,video:CrmzgEotoD4
video/rcbc_plaza/CrmzgEotoD4_00378.jpg,rcbc_plaza,test,video:CrmzgEotoD4
video/rcbc_plaza/Fj0HNiyy93Q_00014.jpg,rcbc_plaza,train,video:Fj0HNiyy93Q
video/rcbc_plaza/Fj0HNiyy93Q_00216.jpg,rcbc_plaza,train,video:Fj0HNiyy93Q
video/rcbc_plaza/GofUmz1WZvw_00057.jpg,rcbc_plaza,val,video:GofUmz1WZvw
video/rcbc_plaza/GofUmz1WZvw_00066.jpg,rcbc_plaza,val,video:GofUmz1WZvw
video/rcbc_plaza/GofUmz1WZvw_00075.jpg,rcbc_plaza,val,video:GofUmz1WZvw
video/rcbc_plaza/TCVPC62NQv0_00009.jpg,rcbc_plaza,val,video:TCVPC62NQv0
video/rcbc_plaza/TCVPC62NQv0_00029.jpg,rcbc_plaza,val,video:TCVPC62NQv0
video/rcbc_plaza/TCVPC62NQv0_00048.jpg,rcbc_plaza,val,video:TCVPC62NQv0
video/rcbc_plaza/TCVPC62NQv0_00068.jpg,rcbc_plaza,val,video:TCVPC62NQv0
video/rcbc_plaza/TCVPC62NQv0_00456.jpg,rcbc_plaza,val,video:TCVPC62NQv0
video/rcbc_plaza/TCVPC62NQv0_00476.jpg,rcbc_plaza,val,video:TCVPC62NQv0
video/rcbc_plaza/cPjGkiFqjzA_00054.jpg,rcbc_plaza,train,video:cPjGkiFqjzA
video/rcbc_plaza/cPjGkiFqjzA_00060.jpg,rcbc_plaza,train,video:cPjGkiFqjzA
video/rcbc_plaza/cPjGkiFqjzA_00066.jpg,rcbc_plaza,train,video:cPjGkiFqjzA
video/rcbc_plaza/cPjGkiFqjzA_00072.jpg,rcbc_plaza,train,video:cPjGkiFqjzA
video/rcbc_plaza/cPjGkiFqjzA_00077.jpg,rcbc_plaza,train,video:cPjGkiFqjzA
video/rcbc_plaza/cPjGkiFqjzA_00083.jpg,rcbc_plaza,train,video:cPjGkiFqjzA
video/rcbc_plaza/cPjGkiFqjzA_00089.jpg,rcbc_plaza,train,video:cPjGkiFqjzA
video/rcbc_plaza/cPjGkiFqjzA_00100.jpg,rcbc_plaza,train,video:cPjGkiFqjzA
video/rcbc_plaza/cPjGkiFqjzA_00106.jpg,rcbc_plaza,train,video:cPjGkiFqjzA
video/rcbc_plaza/cPjGkiFqjzA_00112.jpg,rcbc_plaza,train,video:cPjGkiFqjzA
video/rcbc_plaza/cPjGkiFqjzA_00118.jpg,rcbc_plaza,train,video:cPjGkiFqjzA
video/rcbc_plaza/cPjGkiFqjzA_00123.jpg,rcbc_plaza,train,video:cPjGkiFqjzA
video/rcbc_plaza/cPjGkiFqjzA_00129.jpg,rcbc_plaza,train,video:cPjGkiFqjzA
video/rcbc_plaza/cPjGkiFqjzA_00135.jpg,rcbc_plaza,train,video:cPjGkiFqjzA
video/rcbc_plaza/cPjGkiFqjzA_00141.jpg,rcbc_plaza,train,video:cPjGkiFqjzA
video/rcbc_plaza/e1cOT8oQWN0_00834.jpg,rcbc_plaza,train,video:e1cOT8oQWN0
video/rcbc_plaza/wDtTG6uR39g_00003.jpg,rcbc_plaza,train,video:wDtTG6uR39g
video/rcbc_plaza/wDtTG6uR39g_00016.jpg,rcbc_plaza,train,video:wDtTG6uR39g
video/rcbc_plaza/wDtTG6uR39g_00023.jpg,rcbc_plaza,train,video:wDtTG6uR39g
video/rcbc_plaza/wDtTG6uR39g_00036.jpg,rcbc_plaza,train,video:wDtTG6uR39g
video/rcbc_plaza/wDtTG6uR39g_00043.jpg,rcbc_plaza,train,video:wDtTG6uR39g
video/rcbc_plaza/wDtTG6uR39g_00050.jpg,rcbc_plaza,train,video:wDtTG6uR39g
video/rcbc_plaza/wDtTG6uR39g_00070.jpg,rcbc_plaza,train,video:wDtTG6uR39g
video/rcbc_plaza/wDtTG6uR39g_00077.jpg,rcbc_plaza,train,video:wDtTG6uR39g
video/salcedo_weekend_market/1X1khEZP-9w_00312.jpg,salcedo_weekend_market,val,video:1X1khEZP-9w
video/salcedo_weekend_market/1X1khEZP-9w_00382.jpg,salcedo_weekend_market,val,video:1X1khEZP-9w
video/salcedo_weekend_market/1X1khEZP-9w_00451.jpg,salcedo_weekend_market,val,video:1X1khEZP-9w
video/salcedo_weekend_market/1X1khEZP-9w_00521.jpg,salcedo_weekend_market,val,video:1X1khEZP-9w
video/salcedo_weekend_market/1X1khEZP-9w_00590.jpg,salcedo_weekend_market,val,video:1X1khEZP-9w
video/salcedo_weekend_market/1X1khEZP-9w_00660.jpg,salcedo_weekend_market,val,video:1X1khEZP-9w
video/salcedo_weekend_market/1X1khEZP-9w_00729.jpg,salcedo_weekend_market,val,video:1X1khEZP-9w
video/salcedo_weekend_market/1X1khEZP-9w_00799.jpg,salcedo_weekend_market,val,video:1X1khEZP-9w
video/salcedo_weekend_market/1X1khEZP-9w_00868.jpg,salcedo_weekend_market,val,video:1X1khEZP-9w
video/salcedo_weekend_market/1X1khEZP-9w_00938.jpg,salcedo_weekend_market,val,video:1X1khEZP-9w
video/salcedo_weekend_market/1X1khEZP-9w_01007.jpg,salcedo_weekend_market,val,video:1X1khEZP-9w
video/salcedo_weekend_market/1X1khEZP-9w_01077.jpg,salcedo_weekend_market,val,video:1X1khEZP-9w
video/salcedo_weekend_market/1X1khEZP-9w_01146.jpg,salcedo_weekend_market,val,video:1X1khEZP-9w
video/salcedo_weekend_market/1X1khEZP-9w_01216.jpg,salcedo_weekend_market,val,video:1X1khEZP-9w
video/salcedo_weekend_market/1X1khEZP-9w_01285.jpg,salcedo_weekend_market,val,video:1X1khEZP-9w
video/salcedo_weekend_market/1X1khEZP-9w_01355.jpg,salcedo_weekend_market,val,video:1X1khEZP-9w
video/salcedo_weekend_market/1X1khEZP-9w_01424.jpg,salcedo_weekend_market,val,video:1X1khEZP-9w
video/salcedo_weekend_market/1X1khEZP-9w_01494.jpg,salcedo_weekend_market,val,video:1X1khEZP-9w
video/salcedo_weekend_market/1X1khEZP-9w_01563.jpg,salcedo_weekend_market,val,video:1X1khEZP-9w
video/salcedo_weekend_market/1X1khEZP-9w_01632.jpg,salcedo_weekend_market,val,video:1X1khEZP-9w
video/salcedo_weekend_market/1X1khEZP-9w_01702.jpg,salcedo_weekend_market,val,video:1X1khEZP-9w
video/salcedo_weekend_market/1X1khEZP-9w_01771.jpg,salcedo_weekend_market,val,video:1X1khEZP-9w
video/salcedo_weekend_market/1X1khEZP-9w_01841.jpg,salcedo_weekend_market,val,video:1X1khEZP-9w
video/salcedo_weekend_market/1X1khEZP-9w_01910.jpg,salcedo_weekend_market,val,video:1X1khEZP-9w
video/salcedo_weekend_market/1X1khEZP-9w_01980.jpg,salcedo_weekend_market,val,video:1X1khEZP-9w
video/salcedo_weekend_market/1X1khEZP-9w_02049.jpg,salcedo_weekend_market,val,video:1X1khEZP-9w
video/salcedo_weekend_market/1X1khEZP-9w_02119.jpg,salcedo_weekend_market,val,video:1X1khEZP-9w
video/salcedo_weekend_market/1X1khEZP-9w_02188.jpg,salcedo_weekend_market,val,video:1X1khEZP-9w
video/salcedo_weekend_market/1X1khEZP-9w_02258.jpg,salcedo_weekend_market,val,video:1X1khEZP-9w
video/salcedo_weekend_market/1X1khEZP-9w_02327.jpg,salcedo_weekend_market,val,video:1X1khEZP-9w
video/salcedo_weekend_market/1X1khEZP-9w_02397.jpg,salcedo_weekend_market,val,video:1X1khEZP-9w
video/salcedo_weekend_market/1X1khEZP-9w_02466.jpg,salcedo_weekend_market,val,video:1X1khEZP-9w
video/salcedo_weekend_market/1X1khEZP-9w_02536.jpg,salcedo_weekend_market,val,video:1X1khEZP-9w
video/salcedo_weekend_market/1X1khEZP-9w_02605.jpg,salcedo_weekend_market,val,video:1X1khEZP-9w
video/salcedo_weekend_market/1X1khEZP-9w_02675.jpg,salcedo_weekend_market,val,video:1X1khEZP-9w
video/salcedo_weekend_market/1X1khEZP-9w_02744.jpg,salcedo_weekend_market,val,video:1X1khEZP-9w
video/salcedo_weekend_market/1X1khEZP-9w_02814.jpg,salcedo_weekend_market,val,video:1X1khEZP-9w
video/salcedo_weekend_market/1X1khEZP-9w_02883.jpg,salcedo_weekend_market,val,video:1X1khEZP-9w
video/salcedo_weekend_market/1X1khEZP-9w_02953.jpg,salcedo_weekend_market,val,video:1X1khEZP-9w
video/salcedo_weekend_market/1X1khEZP-9w_03022.jpg,salcedo_weekend_market,val,video:1X1khEZP-9w
video/salcedo_weekend_market/1X1khEZP-9w_03092.jpg,salcedo_weekend_market,val,video:1X1khEZP-9w
video/salcedo_weekend_market/2kEOLGNYdfw_00003.jpg,salcedo_weekend_market,val,video:2kEOLGNYdfw
video/salcedo_weekend_market/2kEOLGNYdfw_00010.jpg,salcedo_weekend_market,val,video:2kEOLGNYdfw
video/salcedo_weekend_market/2kEOLGNYdfw_00017.jpg,salcedo_weekend_market,val,video:2kEOLGNYdfw
video/salcedo_weekend_market/2kEOLGNYdfw_00024.jpg,salcedo_weekend_market,val,video:2kEOLGNYdfw
video/salcedo_weekend_market/2kEOLGNYdfw_00046.jpg,salcedo_weekend_market,val,video:2kEOLGNYdfw
video/salcedo_weekend_market/2kEOLGNYdfw_00053.jpg,salcedo_weekend_market,val,video:2kEOLGNYdfw
video/salcedo_weekend_market/2kEOLGNYdfw_00060.jpg,salcedo_weekend_market,val,video:2kEOLGNYdfw
video/salcedo_weekend_market/2kEOLGNYdfw_00067.jpg,salcedo_weekend_market,val,video:2kEOLGNYdfw
video/salcedo_weekend_market/2kEOLGNYdfw_00074.jpg,salcedo_weekend_market,val,video:2kEOLGNYdfw
video/salcedo_weekend_market/2kEOLGNYdfw_00082.jpg,salcedo_weekend_market,val,video:2kEOLGNYdfw
video/salcedo_weekend_market/2kEOLGNYdfw_00089.jpg,salcedo_weekend_market,val,video:2kEOLGNYdfw
video/salcedo_weekend_market/2kEOLGNYdfw_00096.jpg,salcedo_weekend_market,val,video:2kEOLGNYdfw
video/salcedo_weekend_market/2kEOLGNYdfw_00103.jpg,salcedo_weekend_market,val,video:2kEOLGNYdfw
video/salcedo_weekend_market/2kEOLGNYdfw_00110.jpg,salcedo_weekend_market,val,video:2kEOLGNYdfw
video/salcedo_weekend_market/2kEOLGNYdfw_00117.jpg,salcedo_weekend_market,val,video:2kEOLGNYdfw
video/salcedo_weekend_market/2kEOLGNYdfw_00124.jpg,salcedo_weekend_market,val,video:2kEOLGNYdfw
video/salcedo_weekend_market/2kEOLGNYdfw_00131.jpg,salcedo_weekend_market,val,video:2kEOLGNYdfw
video/salcedo_weekend_market/2kEOLGNYdfw_00139.jpg,salcedo_weekend_market,val,video:2kEOLGNYdfw
video/salcedo_weekend_market/2kEOLGNYdfw_00146.jpg,salcedo_weekend_market,val,video:2kEOLGNYdfw
video/salcedo_weekend_market/2kEOLGNYdfw_00153.jpg,salcedo_weekend_market,val,video:2kEOLGNYdfw
video/salcedo_weekend_market/2kEOLGNYdfw_00160.jpg,salcedo_weekend_market,val,video:2kEOLGNYdfw
video/salcedo_weekend_market/2kEOLGNYdfw_00167.jpg,salcedo_weekend_market,val,video:2kEOLGNYdfw
video/salcedo_weekend_market/2kEOLGNYdfw_00174.jpg,salcedo_weekend_market,val,video:2kEOLGNYdfw
video/salcedo_weekend_market/2kEOLGNYdfw_00181.jpg,salcedo_weekend_market,val,video:2kEOLGNYdfw
video/salcedo_weekend_market/2kEOLGNYdfw_00189.jpg,salcedo_weekend_market,val,video:2kEOLGNYdfw
video/salcedo_weekend_market/2kEOLGNYdfw_00196.jpg,salcedo_weekend_market,val,video:2kEOLGNYdfw
video/salcedo_weekend_market/2kEOLGNYdfw_00203.jpg,salcedo_weekend_market,val,video:2kEOLGNYdfw
video/salcedo_weekend_market/2kEOLGNYdfw_00210.jpg,salcedo_weekend_market,val,video:2kEOLGNYdfw
video/salcedo_weekend_market/2kEOLGNYdfw_00217.jpg,salcedo_weekend_market,val,video:2kEOLGNYdfw
video/salcedo_weekend_market/2kEOLGNYdfw_00224.jpg,salcedo_weekend_market,val,video:2kEOLGNYdfw
video/salcedo_weekend_market/2kEOLGNYdfw_00231.jpg,salcedo_weekend_market,val,video:2kEOLGNYdfw
video/salcedo_weekend_market/2kEOLGNYdfw_00238.jpg,salcedo_weekend_market,val,video:2kEOLGNYdfw
video/salcedo_weekend_market/2kEOLGNYdfw_00246.jpg,salcedo_weekend_market,val,video:2kEOLGNYdfw
video/salcedo_weekend_market/2kEOLGNYdfw_00253.jpg,salcedo_weekend_market,val,video:2kEOLGNYdfw
video/salcedo_weekend_market/2kEOLGNYdfw_00303.jpg,salcedo_weekend_market,val,video:2kEOLGNYdfw
video/salcedo_weekend_market/2kEOLGNYdfw_00310.jpg,salcedo_weekend_market,val,video:2kEOLGNYdfw
video/salcedo_weekend_market/8sXtmSpebZE_00006.jpg,salcedo_weekend_market,train,video:8sXtmSpebZE
video/salcedo_weekend_market/8sXtmSpebZE_00044.jpg,salcedo_weekend_market,train,video:8sXtmSpebZE
video/salcedo_weekend_market/8sXtmSpebZE_00057.jpg,salcedo_weekend_market,train,video:8sXtmSpebZE
video/salcedo_weekend_market/8sXtmSpebZE_00095.jpg,salcedo_weekend_market,train,video:8sXtmSpebZE
video/salcedo_weekend_market/8sXtmSpebZE_00133.jpg,salcedo_weekend_market,train,video:8sXtmSpebZE
video/salcedo_weekend_market/8sXtmSpebZE_00146.jpg,salcedo_weekend_market,train,video:8sXtmSpebZE
video/salcedo_weekend_market/8sXtmSpebZE_00209.jpg,salcedo_weekend_market,train,video:8sXtmSpebZE
video/salcedo_weekend_market/8sXtmSpebZE_00222.jpg,salcedo_weekend_market,train,video:8sXtmSpebZE
video/salcedo_weekend_market/8sXtmSpebZE_00235.jpg,salcedo_weekend_market,train,video:8sXtmSpebZE
video/salcedo_weekend_market/GFKoFmgHRVU_00073.jpg,salcedo_weekend_market,test,video:GFKoFmgHRVU
video/salcedo_weekend_market/GFKoFmgHRVU_00095.jpg,salcedo_weekend_market,test,video:GFKoFmgHRVU
video/salcedo_weekend_market/GFKoFmgHRVU_00116.jpg,salcedo_weekend_market,test,video:GFKoFmgHRVU
video/salcedo_weekend_market/GFKoFmgHRVU_00137.jpg,salcedo_weekend_market,test,video:GFKoFmgHRVU
video/salcedo_weekend_market/GFKoFmgHRVU_00158.jpg,salcedo_weekend_market,test,video:GFKoFmgHRVU
video/salcedo_weekend_market/GFKoFmgHRVU_00179.jpg,salcedo_weekend_market,test,video:GFKoFmgHRVU
video/salcedo_weekend_market/GFKoFmgHRVU_00200.jpg,salcedo_weekend_market,test,video:GFKoFmgHRVU
video/salcedo_weekend_market/GFKoFmgHRVU_00221.jpg,salcedo_weekend_market,test,video:GFKoFmgHRVU
video/salcedo_weekend_market/GFKoFmgHRVU_00243.jpg,salcedo_weekend_market,test,video:GFKoFmgHRVU
video/salcedo_weekend_market/GFKoFmgHRVU_00264.jpg,salcedo_weekend_market,test,video:GFKoFmgHRVU
video/salcedo_weekend_market/GFKoFmgHRVU_00285.jpg,salcedo_weekend_market,test,video:GFKoFmgHRVU
video/salcedo_weekend_market/GFKoFmgHRVU_00306.jpg,salcedo_weekend_market,test,video:GFKoFmgHRVU
video/salcedo_weekend_market/GFKoFmgHRVU_00327.jpg,salcedo_weekend_market,test,video:GFKoFmgHRVU
video/salcedo_weekend_market/GFKoFmgHRVU_00348.jpg,salcedo_weekend_market,test,video:GFKoFmgHRVU
video/salcedo_weekend_market/GFKoFmgHRVU_00369.jpg,salcedo_weekend_market,test,video:GFKoFmgHRVU
video/salcedo_weekend_market/GFKoFmgHRVU_00390.jpg,salcedo_weekend_market,test,video:GFKoFmgHRVU
video/salcedo_weekend_market/GFKoFmgHRVU_00412.jpg,salcedo_weekend_market,test,video:GFKoFmgHRVU
video/salcedo_weekend_market/GFKoFmgHRVU_00433.jpg,salcedo_weekend_market,test,video:GFKoFmgHRVU
video/salcedo_weekend_market/GFKoFmgHRVU_00454.jpg,salcedo_weekend_market,test,video:GFKoFmgHRVU
video/salcedo_weekend_market/GFKoFmgHRVU_00475.jpg,salcedo_weekend_market,test,video:GFKoFmgHRVU
video/salcedo_weekend_market/GFKoFmgHRVU_00496.jpg,salcedo_weekend_market,test,video:GFKoFmgHRVU
video/salcedo_weekend_market/GFKoFmgHRVU_00517.jpg,salcedo_weekend_market,test,video:GFKoFmgHRVU
video/salcedo_weekend_market/GFKoFmgHRVU_00538.jpg,salcedo_weekend_market,test,video:GFKoFmgHRVU
video/salcedo_weekend_market/GFKoFmgHRVU_00560.jpg,salcedo_weekend_market,test,video:GFKoFmgHRVU
video/salcedo_weekend_market/GFKoFmgHRVU_00581.jpg,salcedo_weekend_market,test,video:GFKoFmgHRVU
video/salcedo_weekend_market/GFKoFmgHRVU_00602.jpg,salcedo_weekend_market,test,video:GFKoFmgHRVU
video/salcedo_weekend_market/GFKoFmgHRVU_00623.jpg,salcedo_weekend_market,test,video:GFKoFmgHRVU
video/salcedo_weekend_market/GFKoFmgHRVU_00644.jpg,salcedo_weekend_market,test,video:GFKoFmgHRVU
video/salcedo_weekend_market/GFKoFmgHRVU_00665.jpg,salcedo_weekend_market,test,video:GFKoFmgHRVU
video/salcedo_weekend_market/GFKoFmgHRVU_00686.jpg,salcedo_weekend_market,test,video:GFKoFmgHRVU
video/salcedo_weekend_market/GFKoFmgHRVU_00707.jpg,salcedo_weekend_market,test,video:GFKoFmgHRVU
video/salcedo_weekend_market/GFKoFmgHRVU_00729.jpg,salcedo_weekend_market,test,video:GFKoFmgHRVU
video/salcedo_weekend_market/GFKoFmgHRVU_00750.jpg,salcedo_weekend_market,test,video:GFKoFmgHRVU
video/salcedo_weekend_market/GFKoFmgHRVU_00771.jpg,salcedo_weekend_market,test,video:GFKoFmgHRVU
video/salcedo_weekend_market/GFKoFmgHRVU_00813.jpg,salcedo_weekend_market,test,video:GFKoFmgHRVU
video/salcedo_weekend_market/GFKoFmgHRVU_00834.jpg,salcedo_weekend_market,test,video:GFKoFmgHRVU
video/salcedo_weekend_market/IpaqOINtWsA_00021.jpg,salcedo_weekend_market,train,video:IpaqOINtWsA
video/salcedo_weekend_market/IpaqOINtWsA_00035.jpg,salcedo_weekend_market,train,video:IpaqOINtWsA
video/salcedo_weekend_market/IpaqOINtWsA_00049.jpg,salcedo_weekend_market,train,video:IpaqOINtWsA
video/salcedo_weekend_market/IpaqOINtWsA_00063.jpg,salcedo_weekend_market,train,video:IpaqOINtWsA
video/salcedo_weekend_market/IpaqOINtWsA_00077.jpg,salcedo_weekend_market,train,video:IpaqOINtWsA
video/salcedo_weekend_market/IpaqOINtWsA_00092.jpg,salcedo_weekend_market,train,video:IpaqOINtWsA
video/salcedo_weekend_market/IpaqOINtWsA_00106.jpg,salcedo_weekend_market,train,video:IpaqOINtWsA
video/salcedo_weekend_market/IpaqOINtWsA_00120.jpg,salcedo_weekend_market,train,video:IpaqOINtWsA
video/salcedo_weekend_market/IpaqOINtWsA_00134.jpg,salcedo_weekend_market,train,video:IpaqOINtWsA
video/salcedo_weekend_market/IpaqOINtWsA_00148.jpg,salcedo_weekend_market,train,video:IpaqOINtWsA
video/salcedo_weekend_market/IpaqOINtWsA_00162.jpg,salcedo_weekend_market,train,video:IpaqOINtWsA
video/salcedo_weekend_market/IpaqOINtWsA_00176.jpg,salcedo_weekend_market,train,video:IpaqOINtWsA
video/salcedo_weekend_market/IpaqOINtWsA_00191.jpg,salcedo_weekend_market,train,video:IpaqOINtWsA
video/salcedo_weekend_market/IpaqOINtWsA_00205.jpg,salcedo_weekend_market,train,video:IpaqOINtWsA
video/salcedo_weekend_market/IpaqOINtWsA_00219.jpg,salcedo_weekend_market,train,video:IpaqOINtWsA
video/salcedo_weekend_market/IpaqOINtWsA_00233.jpg,salcedo_weekend_market,train,video:IpaqOINtWsA
video/salcedo_weekend_market/IpaqOINtWsA_00247.jpg,salcedo_weekend_market,train,video:IpaqOINtWsA
video/salcedo_weekend_market/IpaqOINtWsA_00261.jpg,salcedo_weekend_market,train,video:IpaqOINtWsA
video/salcedo_weekend_market/IpaqOINtWsA_00276.jpg,salcedo_weekend_market,train,video:IpaqOINtWsA
video/salcedo_weekend_market/IpaqOINtWsA_00290.jpg,salcedo_weekend_market,train,video:IpaqOINtWsA
video/salcedo_weekend_market/IpaqOINtWsA_00304.jpg,salcedo_weekend_market,train,video:IpaqOINtWsA
video/salcedo_weekend_market/IpaqOINtWsA_00318.jpg,salcedo_weekend_market,train,video:IpaqOINtWsA
video/salcedo_weekend_market/IpaqOINtWsA_00332.jpg,salcedo_weekend_market,train,video:IpaqOINtWsA
video/salcedo_weekend_market/IpaqOINtWsA_00346.jpg,salcedo_weekend_market,train,video:IpaqOINtWsA
video/salcedo_weekend_market/IpaqOINtWsA_00360.jpg,salcedo_weekend_market,train,video:IpaqOINtWsA
video/salcedo_weekend_market/IpaqOINtWsA_00375.jpg,salcedo_weekend_market,train,video:IpaqOINtWsA
video/salcedo_weekend_market/IpaqOINtWsA_00389.jpg,salcedo_weekend_market,train,video:IpaqOINtWsA
video/salcedo_weekend_market/IpaqOINtWsA_00403.jpg,salcedo_weekend_market,train,video:IpaqOINtWsA
video/salcedo_weekend_market/IpaqOINtWsA_00417.jpg,salcedo_weekend_market,train,video:IpaqOINtWsA
video/salcedo_weekend_market/IpaqOINtWsA_00431.jpg,salcedo_weekend_market,train,video:IpaqOINtWsA
video/salcedo_weekend_market/aUzi56s9NkU_00045.jpg,salcedo_weekend_market,train,video:aUzi56s9NkU
video/salcedo_weekend_market/aUzi56s9NkU_00063.jpg,salcedo_weekend_market,train,video:aUzi56s9NkU
video/salcedo_weekend_market/aUzi56s9NkU_00118.jpg,salcedo_weekend_market,train,video:aUzi56s9NkU
video/salcedo_weekend_market/aUzi56s9NkU_00136.jpg,salcedo_weekend_market,train,video:aUzi56s9NkU
video/salcedo_weekend_market/aUzi56s9NkU_00172.jpg,salcedo_weekend_market,train,video:aUzi56s9NkU
video/salcedo_weekend_market/aUzi56s9NkU_00190.jpg,salcedo_weekend_market,train,video:aUzi56s9NkU
video/salcedo_weekend_market/aUzi56s9NkU_00208.jpg,salcedo_weekend_market,train,video:aUzi56s9NkU
video/salcedo_weekend_market/aUzi56s9NkU_00281.jpg,salcedo_weekend_market,train,video:aUzi56s9NkU
video/salcedo_weekend_market/aUzi56s9NkU_00299.jpg,salcedo_weekend_market,train,video:aUzi56s9NkU
video/salcedo_weekend_market/aUzi56s9NkU_00317.jpg,salcedo_weekend_market,train,video:aUzi56s9NkU
video/salcedo_weekend_market/aUzi56s9NkU_00335.jpg,salcedo_weekend_market,train,video:aUzi56s9NkU
video/salcedo_weekend_market/aUzi56s9NkU_00390.jpg,salcedo_weekend_market,train,video:aUzi56s9NkU
video/salcedo_weekend_market/aUzi56s9NkU_00426.jpg,salcedo_weekend_market,train,video:aUzi56s9NkU
video/salcedo_weekend_market/aUzi56s9NkU_00444.jpg,salcedo_weekend_market,train,video:aUzi56s9NkU
video/salcedo_weekend_market/aUzi56s9NkU_00481.jpg,salcedo_weekend_market,train,video:aUzi56s9NkU
video/salcedo_weekend_market/aUzi56s9NkU_00499.jpg,salcedo_weekend_market,train,video:aUzi56s9NkU
video/salcedo_weekend_market/aUzi56s9NkU_00553.jpg,salcedo_weekend_market,train,video:aUzi56s9NkU
video/salcedo_weekend_market/aUzi56s9NkU_00571.jpg,salcedo_weekend_market,train,video:aUzi56s9NkU
video/salcedo_weekend_market/aUzi56s9NkU_00590.jpg,salcedo_weekend_market,train,video:aUzi56s9NkU
video/salcedo_weekend_market/aUzi56s9NkU_00608.jpg,salcedo_weekend_market,train,video:aUzi56s9NkU
video/salcedo_weekend_market/aUzi56s9NkU_00626.jpg,salcedo_weekend_market,train,video:aUzi56s9NkU
video/salcedo_weekend_market/aUzi56s9NkU_00644.jpg,salcedo_weekend_market,train,video:aUzi56s9NkU
video/salcedo_weekend_market/aUzi56s9NkU_00680.jpg,salcedo_weekend_market,train,video:aUzi56s9NkU
video/salcedo_weekend_market/aUzi56s9NkU_00717.jpg,salcedo_weekend_market,train,video:aUzi56s9NkU
video/salcedo_weekend_market/aUzi56s9NkU_00753.jpg,salcedo_weekend_market,train,video:aUzi56s9NkU
video/salcedo_weekend_market/aUzi56s9NkU_00771.jpg,salcedo_weekend_market,train,video:aUzi56s9NkU
video/salcedo_weekend_market/aUzi56s9NkU_00789.jpg,salcedo_weekend_market,train,video:aUzi56s9NkU
video/salcedo_weekend_market/aUzi56s9NkU_00807.jpg,salcedo_weekend_market,train,video:aUzi56s9NkU
video/salcedo_weekend_market/jqCI8z61Lmk_00108.jpg,salcedo_weekend_market,train,video:jqCI8z61Lmk
video/salcedo_weekend_market/jqCI8z61Lmk_00125.jpg,salcedo_weekend_market,train,video:jqCI8z61Lmk
video/salcedo_weekend_market/jqCI8z61Lmk_00208.jpg,salcedo_weekend_market,train,video:jqCI8z61Lmk
video/salcedo_weekend_market/jqCI8z61Lmk_00225.jpg,salcedo_weekend_market,train,video:jqCI8z61Lmk
video/salcedo_weekend_market/jqCI8z61Lmk_00275.jpg,salcedo_weekend_market,train,video:jqCI8z61Lmk
video/salcedo_weekend_market/jqCI8z61Lmk_00292.jpg,salcedo_weekend_market,train,video:jqCI8z61Lmk
video/salcedo_weekend_market/jqCI8z61Lmk_00309.jpg,salcedo_weekend_market,train,video:jqCI8z61Lmk
video/salcedo_weekend_market/jqCI8z61Lmk_00325.jpg,salcedo_weekend_market,train,video:jqCI8z61Lmk
video/salcedo_weekend_market/jqCI8z61Lmk_00392.jpg,salcedo_weekend_market,train,video:jqCI8z61Lmk
video/salcedo_weekend_market/jqCI8z61Lmk_00409.jpg,salcedo_weekend_market,train,video:jqCI8z61Lmk
video/salcedo_weekend_market/jqCI8z61Lmk_00426.jpg,salcedo_weekend_market,train,video:jqCI8z61Lmk
video/salcedo_weekend_market/jqCI8z61Lmk_00442.jpg,salcedo_weekend_market,train,video:jqCI8z61Lmk
video/salcedo_weekend_market/jqCI8z61Lmk_00476.jpg,salcedo_weekend_market,train,video:jqCI8z61Lmk
video/salcedo_weekend_market/jqCI8z61Lmk_00492.jpg,salcedo_weekend_market,train,video:jqCI8z61Lmk
video/salcedo_weekend_market/jqCI8z61Lmk_00509.jpg,salcedo_weekend_market,train,video:jqCI8z61Lmk
video/salcedo_weekend_market/jqCI8z61Lmk_00543.jpg,salcedo_weekend_market,train,video:jqCI8z61Lmk
video/salcedo_weekend_market/jqCI8z61Lmk_00559.jpg,salcedo_weekend_market,train,video:jqCI8z61Lmk
video/salcedo_weekend_market/jqCI8z61Lmk_00576.jpg,salcedo_weekend_market,train,video:jqCI8z61Lmk
video/salcedo_weekend_market/jqCI8z61Lmk_00593.jpg,salcedo_weekend_market,train,video:jqCI8z61Lmk
video/salcedo_weekend_market/jqCI8z61Lmk_00609.jpg,salcedo_weekend_market,train,video:jqCI8z61Lmk
video/salcedo_weekend_market/jqCI8z61Lmk_00626.jpg,salcedo_weekend_market,train,video:jqCI8z61Lmk
video/salcedo_weekend_market/jqCI8z61Lmk_00643.jpg,salcedo_weekend_market,train,video:jqCI8z61Lmk
video/salcedo_weekend_market/jqCI8z61Lmk_00660.jpg,salcedo_weekend_market,train,video:jqCI8z61Lmk
video/salcedo_weekend_market/pF-S0Kg2z3g_00017.jpg,salcedo_weekend_market,train,video:pF-S0Kg2z3g
video/salcedo_weekend_market/pF-S0Kg2z3g_00051.jpg,salcedo_weekend_market,train,video:pF-S0Kg2z3g
video/salcedo_weekend_market/pF-S0Kg2z3g_00085.jpg,salcedo_weekend_market,train,video:pF-S0Kg2z3g
video/salcedo_weekend_market/pF-S0Kg2z3g_00120.jpg,salcedo_weekend_market,train,video:pF-S0Kg2z3g
video/salcedo_weekend_market/pF-S0Kg2z3g_00154.jpg,salcedo_weekend_market,train,video:pF-S0Kg2z3g
video/salcedo_weekend_market/pF-S0Kg2z3g_00188.jpg,salcedo_weekend_market,train,video:pF-S0Kg2z3g
video/salcedo_weekend_market/pF-S0Kg2z3g_00223.jpg,salcedo_weekend_market,train,video:pF-S0Kg2z3g
video/salcedo_weekend_market/pF-S0Kg2z3g_00257.jpg,salcedo_weekend_market,train,video:pF-S0Kg2z3g
video/salcedo_weekend_market/pF-S0Kg2z3g_00291.jpg,salcedo_weekend_market,train,video:pF-S0Kg2z3g
video/salcedo_weekend_market/pF-S0Kg2z3g_00326.jpg,salcedo_weekend_market,train,video:pF-S0Kg2z3g
video/salcedo_weekend_market/pF-S0Kg2z3g_00360.jpg,salcedo_weekend_market,train,video:pF-S0Kg2z3g
video/salcedo_weekend_market/pF-S0Kg2z3g_00394.jpg,salcedo_weekend_market,train,video:pF-S0Kg2z3g
video/salcedo_weekend_market/pF-S0Kg2z3g_00429.jpg,salcedo_weekend_market,train,video:pF-S0Kg2z3g
video/salcedo_weekend_market/pF-S0Kg2z3g_00463.jpg,salcedo_weekend_market,train,video:pF-S0Kg2z3g
video/salcedo_weekend_market/pF-S0Kg2z3g_00497.jpg,salcedo_weekend_market,train,video:pF-S0Kg2z3g
video/salcedo_weekend_market/pF-S0Kg2z3g_00532.jpg,salcedo_weekend_market,train,video:pF-S0Kg2z3g
video/salcedo_weekend_market/pF-S0Kg2z3g_00566.jpg,salcedo_weekend_market,train,video:pF-S0Kg2z3g
video/salcedo_weekend_market/pF-S0Kg2z3g_00600.jpg,salcedo_weekend_market,train,video:pF-S0Kg2z3g
video/salcedo_weekend_market/pF-S0Kg2z3g_00635.jpg,salcedo_weekend_market,train,video:pF-S0Kg2z3g
video/salcedo_weekend_market/pF-S0Kg2z3g_00669.jpg,salcedo_weekend_market,train,video:pF-S0Kg2z3g
video/salcedo_weekend_market/pF-S0Kg2z3g_00703.jpg,salcedo_weekend_market,train,video:pF-S0Kg2z3g
video/salcedo_weekend_market/pF-S0Kg2z3g_00738.jpg,salcedo_weekend_market,train,video:pF-S0Kg2z3g
video/salcedo_weekend_market/pF-S0Kg2z3g_00772.jpg,salcedo_weekend_market,train,video:pF-S0Kg2z3g
video/salcedo_weekend_market/pF-S0Kg2z3g_00806.jpg,salcedo_weekend_market,train,video:pF-S0Kg2z3g
video/salcedo_weekend_market/pF-S0Kg2z3g_00841.jpg,salcedo_weekend_market,train,video:pF-S0Kg2z3g
video/salcedo_weekend_market/pF-S0Kg2z3g_00875.jpg,salcedo_weekend_market,train,video:pF-S0Kg2z3g
video/salcedo_weekend_market/pF-S0Kg2z3g_00909.jpg,salcedo_weekend_market,train,video:pF-S0Kg2z3g
video/salcedo_weekend_market/pF-S0Kg2z3g_00944.jpg,salcedo_weekend_market,train,video:pF-S0Kg2z3g
video/salcedo_weekend_market/pF-S0Kg2z3g_00978.jpg,salcedo_weekend_market,train,video:pF-S0Kg2z3g
video/salcedo_weekend_market/pF-S0Kg2z3g_01012.jpg,salcedo_weekend_market,train,video:pF-S0Kg2z3g
video/salcedo_weekend_market/pF-S0Kg2z3g_01047.jpg,salcedo_weekend_market,train,video:pF-S0Kg2z3g
video/salcedo_weekend_market/pF-S0Kg2z3g_01081.jpg,salcedo_weekend_market,train,video:pF-S0Kg2z3g
video/salcedo_weekend_market/pF-S0Kg2z3g_01115.jpg,salcedo_weekend_market,train,video:pF-S0Kg2z3g
video/salcedo_weekend_market/pF-S0Kg2z3g_01150.jpg,salcedo_weekend_market,train,video:pF-S0Kg2z3g
video/salcedo_weekend_market/pF-S0Kg2z3g_01184.jpg,salcedo_weekend_market,train,video:pF-S0Kg2z3g
video/salcedo_weekend_market/pF-S0Kg2z3g_01218.jpg,salcedo_weekend_market,train,video:pF-S0Kg2z3g
video/salcedo_weekend_market/pF-S0Kg2z3g_01253.jpg,salcedo_weekend_market,train,video:pF-S0Kg2z3g
video/salcedo_weekend_market/pF-S0Kg2z3g_01287.jpg,salcedo_weekend_market,train,video:pF-S0Kg2z3g
video/salcedo_weekend_market/pF-S0Kg2z3g_01321.jpg,salcedo_weekend_market,train,video:pF-S0Kg2z3g
video/salcedo_weekend_market/pF-S0Kg2z3g_01356.jpg,salcedo_weekend_market,train,video:pF-S0Kg2z3g
video/salcedo_weekend_market/pF-S0Kg2z3g_01390.jpg,salcedo_weekend_market,train,video:pF-S0Kg2z3g
video/salcedo_weekend_market/pF-S0Kg2z3g_01424.jpg,salcedo_weekend_market,train,video:pF-S0Kg2z3g
video/salcedo_weekend_market/pF-S0Kg2z3g_01459.jpg,salcedo_weekend_market,train,video:pF-S0Kg2z3g
video/salcedo_weekend_market/pF-S0Kg2z3g_01493.jpg,salcedo_weekend_market,train,video:pF-S0Kg2z3g
video/salcedo_weekend_market/pF-S0Kg2z3g_01527.jpg,salcedo_weekend_market,train,video:pF-S0Kg2z3g
video/salcedo_weekend_market/wR8edhcybKk_00016.jpg,salcedo_weekend_market,train,video:wR8edhcybKk
video/salcedo_weekend_market/wR8edhcybKk_00050.jpg,salcedo_weekend_market,train,video:wR8edhcybKk
video/salcedo_weekend_market/wR8edhcybKk_00084.jpg,salcedo_weekend_market,train,video:wR8edhcybKk
video/salcedo_weekend_market/wR8edhcybKk_00117.jpg,salcedo_weekend_market,train,video:wR8edhcybKk
video/salcedo_weekend_market/wR8edhcybKk_00151.jpg,salcedo_weekend_market,train,video:wR8edhcybKk
video/salcedo_weekend_market/wR8edhcybKk_00185.jpg,salcedo_weekend_market,train,video:wR8edhcybKk
video/salcedo_weekend_market/wR8edhcybKk_00218.jpg,salcedo_weekend_market,train,video:wR8edhcybKk
video/salcedo_weekend_market/wR8edhcybKk_00252.jpg,salcedo_weekend_market,train,video:wR8edhcybKk
video/salcedo_weekend_market/wR8edhcybKk_00285.jpg,salcedo_weekend_market,train,video:wR8edhcybKk
video/salcedo_weekend_market/wR8edhcybKk_00319.jpg,salcedo_weekend_market,train,video:wR8edhcybKk
video/salcedo_weekend_market/wR8edhcybKk_00353.jpg,salcedo_weekend_market,train,video:wR8edhcybKk
video/salcedo_weekend_market/wR8edhcybKk_00386.jpg,salcedo_weekend_market,train,video:wR8edhcybKk
video/salcedo_weekend_market/wR8edhcybKk_00420.jpg,salcedo_weekend_market,train,video:wR8edhcybKk
video/salcedo_weekend_market/wR8edhcybKk_00454.jpg,salcedo_weekend_market,train,video:wR8edhcybKk
video/salcedo_weekend_market/wR8edhcybKk_00487.jpg,salcedo_weekend_market,train,video:wR8edhcybKk
video/salcedo_weekend_market/wR8edhcybKk_00521.jpg,salcedo_weekend_market,train,video:wR8edhcybKk
video/salcedo_weekend_market/wR8edhcybKk_00555.jpg,salcedo_weekend_market,train,video:wR8edhcybKk
video/salcedo_weekend_market/wR8edhcybKk_00588.jpg,salcedo_weekend_market,train,video:wR8edhcybKk
video/salcedo_weekend_market/wR8edhcybKk_00622.jpg,salcedo_weekend_market,train,video:wR8edhcybKk
video/salcedo_weekend_market/wR8edhcybKk_00656.jpg,salcedo_weekend_market,train,video:wR8edhcybKk
video/salcedo_weekend_market/wR8edhcybKk_00689.jpg,salcedo_weekend_market,train,video:wR8edhcybKk
video/salcedo_weekend_market/wR8edhcybKk_00723.jpg,salcedo_weekend_market,train,video:wR8edhcybKk
video/salcedo_weekend_market/wR8edhcybKk_00756.jpg,salcedo_weekend_market,train,video:wR8edhcybKk
video/salcedo_weekend_market/wR8edhcybKk_00790.jpg,salcedo_weekend_market,train,video:wR8edhcybKk
video/salcedo_weekend_market/wR8edhcybKk_00824.jpg,salcedo_weekend_market,train,video:wR8edhcybKk
video/salcedo_weekend_market/wR8edhcybKk_00857.jpg,salcedo_weekend_market,train,video:wR8edhcybKk
video/salcedo_weekend_market/wR8edhcybKk_00891.jpg,salcedo_weekend_market,train,video:wR8edhcybKk
video/salcedo_weekend_market/wR8edhcybKk_00925.jpg,salcedo_weekend_market,train,video:wR8edhcybKk
video/salcedo_weekend_market/wR8edhcybKk_00958.jpg,salcedo_weekend_market,train,video:wR8edhcybKk
video/salcedo_weekend_market/wR8edhcybKk_00992.jpg,salcedo_weekend_market,train,video:wR8edhcybKk
video/salcedo_weekend_market/wR8edhcybKk_01026.jpg,salcedo_weekend_market,train,video:wR8edhcybKk
video/salcedo_weekend_market/wR8edhcybKk_01059.jpg,salcedo_weekend_market,train,video:wR8edhcybKk
video/salcedo_weekend_market/wR8edhcybKk_01093.jpg,salcedo_weekend_market,train,video:wR8edhcybKk
video/salcedo_weekend_market/wR8edhcybKk_01127.jpg,salcedo_weekend_market,train,video:wR8edhcybKk
video/salcedo_weekend_market/wR8edhcybKk_01160.jpg,salcedo_weekend_market,train,video:wR8edhcybKk
video/salcedo_weekend_market/wR8edhcybKk_01194.jpg,salcedo_weekend_market,train,video:wR8edhcybKk
video/salcedo_weekend_market/wR8edhcybKk_01228.jpg,salcedo_weekend_market,train,video:wR8edhcybKk
video/salcedo_weekend_market/wR8edhcybKk_01261.jpg,salcedo_weekend_market,train,video:wR8edhcybKk
video/salcedo_weekend_market/wR8edhcybKk_01295.jpg,salcedo_weekend_market,train,video:wR8edhcybKk
video/salcedo_weekend_market/wR8edhcybKk_01328.jpg,salcedo_weekend_market,train,video:wR8edhcybKk
video/salcedo_weekend_market/wR8edhcybKk_01362.jpg,salcedo_weekend_market,train,video:wR8edhcybKk
video/salcedo_weekend_market/wR8edhcybKk_01396.jpg,salcedo_weekend_market,train,video:wR8edhcybKk
video/salcedo_weekend_market/wR8edhcybKk_01429.jpg,salcedo_weekend_market,train,video:wR8edhcybKk
video/salcedo_weekend_market/wR8edhcybKk_01463.jpg,salcedo_weekend_market,train,video:wR8edhcybKk
video/salcedo_weekend_market/wR8edhcybKk_01497.jpg,salcedo_weekend_market,train,video:wR8edhcybKk
video/salcedo_weekend_market/wry4j_kqsj4_00013.jpg,salcedo_weekend_market,train,video:wry4j_kqsj4
video/salcedo_weekend_market/wry4j_kqsj4_00039.jpg,salcedo_weekend_market,train,video:wry4j_kqsj4
video/salcedo_weekend_market/wry4j_kqsj4_00065.jpg,salcedo_weekend_market,train,video:wry4j_kqsj4
video/salcedo_weekend_market/wry4j_kqsj4_00091.jpg,salcedo_weekend_market,train,video:wry4j_kqsj4
video/salcedo_weekend_market/wry4j_kqsj4_00118.jpg,salcedo_weekend_market,train,video:wry4j_kqsj4
video/salcedo_weekend_market/wry4j_kqsj4_00144.jpg,salcedo_weekend_market,train,video:wry4j_kqsj4
video/salcedo_weekend_market/wry4j_kqsj4_00170.jpg,salcedo_weekend_market,train,video:wry4j_kqsj4
video/salcedo_weekend_market/wry4j_kqsj4_00196.jpg,salcedo_weekend_market,train,video:wry4j_kqsj4
video/salcedo_weekend_market/wry4j_kqsj4_00222.jpg,salcedo_weekend_market,train,video:wry4j_kqsj4
video/salcedo_weekend_market/wry4j_kqsj4_00249.jpg,salcedo_weekend_market,train,video:wry4j_kqsj4
video/salcedo_weekend_market/wry4j_kqsj4_00275.jpg,salcedo_weekend_market,train,video:wry4j_kqsj4
video/salcedo_weekend_market/wry4j_kqsj4_00301.jpg,salcedo_weekend_market,train,video:wry4j_kqsj4
video/salcedo_weekend_market/wry4j_kqsj4_00327.jpg,salcedo_weekend_market,train,video:wry4j_kqsj4
video/salcedo_weekend_market/wry4j_kqsj4_00354.jpg,salcedo_weekend_market,train,video:wry4j_kqsj4
video/salcedo_weekend_market/wry4j_kqsj4_00380.jpg,salcedo_weekend_market,train,video:wry4j_kqsj4
video/salcedo_weekend_market/wry4j_kqsj4_00406.jpg,salcedo_weekend_market,train,video:wry4j_kqsj4
video/salcedo_weekend_market/wry4j_kqsj4_00432.jpg,salcedo_weekend_market,train,video:wry4j_kqsj4
video/salcedo_weekend_market/wry4j_kqsj4_00458.jpg,salcedo_weekend_market,train,video:wry4j_kqsj4
video/salcedo_weekend_market/wry4j_kqsj4_00485.jpg,salcedo_weekend_market,train,video:wry4j_kqsj4
video/salcedo_weekend_market/wry4j_kqsj4_00511.jpg,salcedo_weekend_market,train,video:wry4j_kqsj4
video/salcedo_weekend_market/wry4j_kqsj4_00537.jpg,salcedo_weekend_market,train,video:wry4j_kqsj4
video/salcedo_weekend_market/wry4j_kqsj4_00563.jpg,salcedo_weekend_market,train,video:wry4j_kqsj4
video/salcedo_weekend_market/wry4j_kqsj4_00590.jpg,salcedo_weekend_market,train,video:wry4j_kqsj4
video/salcedo_weekend_market/wry4j_kqsj4_00616.jpg,salcedo_weekend_market,train,video:wry4j_kqsj4
video/salcedo_weekend_market/wry4j_kqsj4_00642.jpg,salcedo_weekend_market,train,video:wry4j_kqsj4
video/salcedo_weekend_market/wry4j_kqsj4_00668.jpg,salcedo_weekend_market,train,video:wry4j_kqsj4
video/salcedo_weekend_market/wry4j_kqsj4_00694.jpg,salcedo_weekend_market,train,video:wry4j_kqsj4
video/salcedo_weekend_market/wry4j_kqsj4_00721.jpg,salcedo_weekend_market,train,video:wry4j_kqsj4
video/salcedo_weekend_market/wry4j_kqsj4_00747.jpg,salcedo_weekend_market,train,video:wry4j_kqsj4
video/salcedo_weekend_market/wry4j_kqsj4_00773.jpg,salcedo_weekend_market,train,video:wry4j_kqsj4
video/salcedo_weekend_market/wry4j_kqsj4_00799.jpg,salcedo_weekend_market,train,video:wry4j_kqsj4
video/salcedo_weekend_market/wry4j_kqsj4_00825.jpg,salcedo_weekend_market,train,video:wry4j_kqsj4
video/salcedo_weekend_market/wry4j_kqsj4_00852.jpg,salcedo_weekend_market,train,video:wry4j_kqsj4
video/salcedo_weekend_market/wry4j_kqsj4_00878.jpg,salcedo_weekend_market,train,video:wry4j_kqsj4
video/salcedo_weekend_market/wry4j_kqsj4_00904.jpg,salcedo_weekend_market,train,video:wry4j_kqsj4
video/salcedo_weekend_market/wry4j_kqsj4_00930.jpg,salcedo_weekend_market,train,video:wry4j_kqsj4
video/salcedo_weekend_market/wry4j_kqsj4_00957.jpg,salcedo_weekend_market,train,video:wry4j_kqsj4
video/salcedo_weekend_market/wry4j_kqsj4_00983.jpg,salcedo_weekend_market,train,video:wry4j_kqsj4
video/salcedo_weekend_market/wry4j_kqsj4_01009.jpg,salcedo_weekend_market,train,video:wry4j_kqsj4
video/salcedo_weekend_market/wry4j_kqsj4_01035.jpg,salcedo_weekend_market,train,video:wry4j_kqsj4
video/salcedo_weekend_market/wry4j_kqsj4_01061.jpg,salcedo_weekend_market,train,video:wry4j_kqsj4
video/salcedo_weekend_market/wry4j_kqsj4_01088.jpg,salcedo_weekend_market,train,video:wry4j_kqsj4
video/salcedo_weekend_market/wry4j_kqsj4_01114.jpg,salcedo_weekend_market,train,video:wry4j_kqsj4
video/salcedo_weekend_market/wry4j_kqsj4_01140.jpg,salcedo_weekend_market,train,video:wry4j_kqsj4
video/salcedo_weekend_market/wry4j_kqsj4_01166.jpg,salcedo_weekend_market,train,video:wry4j_kqsj4
video/salcedo_weekend_market/ycX_ttYBXkQ_00089.jpg,salcedo_weekend_market,test,video:ycX_ttYBXkQ
video/salcedo_weekend_market/ycX_ttYBXkQ_00148.jpg,salcedo_weekend_market,test,video:ycX_ttYBXkQ
video/salcedo_weekend_market/ycX_ttYBXkQ_00208.jpg,salcedo_weekend_market,test,video:ycX_ttYBXkQ
video/salcedo_weekend_market/ycX_ttYBXkQ_00267.jpg,salcedo_weekend_market,test,video:ycX_ttYBXkQ
video/salcedo_weekend_market/ycX_ttYBXkQ_00327.jpg,salcedo_weekend_market,test,video:ycX_ttYBXkQ
video/salcedo_weekend_market/ycX_ttYBXkQ_00386.jpg,salcedo_weekend_market,test,video:ycX_ttYBXkQ
video/salcedo_weekend_market/ycX_ttYBXkQ_00446.jpg,salcedo_weekend_market,test,video:ycX_ttYBXkQ
video/salcedo_weekend_market/ycX_ttYBXkQ_00505.jpg,salcedo_weekend_market,test,video:ycX_ttYBXkQ
video/salcedo_weekend_market/ycX_ttYBXkQ_00565.jpg,salcedo_weekend_market,test,video:ycX_ttYBXkQ
video/salcedo_weekend_market/ycX_ttYBXkQ_00624.jpg,salcedo_weekend_market,test,video:ycX_ttYBXkQ
video/salcedo_weekend_market/ycX_ttYBXkQ_00684.jpg,salcedo_weekend_market,test,video:ycX_ttYBXkQ
video/salcedo_weekend_market/ycX_ttYBXkQ_00743.jpg,salcedo_weekend_market,test,video:ycX_ttYBXkQ
video/salcedo_weekend_market/ycX_ttYBXkQ_00803.jpg,salcedo_weekend_market,test,video:ycX_ttYBXkQ
video/salcedo_weekend_market/ycX_ttYBXkQ_00862.jpg,salcedo_weekend_market,test,video:ycX_ttYBXkQ
video/salcedo_weekend_market/ycX_ttYBXkQ_00922.jpg,salcedo_weekend_market,test,video:ycX_ttYBXkQ
video/salcedo_weekend_market/ycX_ttYBXkQ_00981.jpg,salcedo_weekend_market,test,video:ycX_ttYBXkQ
video/salcedo_weekend_market/ycX_ttYBXkQ_01041.jpg,salcedo_weekend_market,test,video:ycX_ttYBXkQ
video/salcedo_weekend_market/ycX_ttYBXkQ_01100.jpg,salcedo_weekend_market,test,video:ycX_ttYBXkQ
video/salcedo_weekend_market/ycX_ttYBXkQ_01160.jpg,salcedo_weekend_market,test,video:ycX_ttYBXkQ
video/salcedo_weekend_market/ycX_ttYBXkQ_01219.jpg,salcedo_weekend_market,test,video:ycX_ttYBXkQ
video/salcedo_weekend_market/ycX_ttYBXkQ_01279.jpg,salcedo_weekend_market,test,video:ycX_ttYBXkQ
video/salcedo_weekend_market/ycX_ttYBXkQ_01339.jpg,salcedo_weekend_market,test,video:ycX_ttYBXkQ
video/salcedo_weekend_market/ycX_ttYBXkQ_01398.jpg,salcedo_weekend_market,test,video:ycX_ttYBXkQ
video/salcedo_weekend_market/ycX_ttYBXkQ_01458.jpg,salcedo_weekend_market,test,video:ycX_ttYBXkQ
video/salcedo_weekend_market/ycX_ttYBXkQ_01517.jpg,salcedo_weekend_market,test,video:ycX_ttYBXkQ
video/salcedo_weekend_market/ycX_ttYBXkQ_01577.jpg,salcedo_weekend_market,test,video:ycX_ttYBXkQ
video/salcedo_weekend_market/ycX_ttYBXkQ_01636.jpg,salcedo_weekend_market,test,video:ycX_ttYBXkQ
video/salcedo_weekend_market/ycX_ttYBXkQ_01696.jpg,salcedo_weekend_market,test,video:ycX_ttYBXkQ
video/salcedo_weekend_market/ycX_ttYBXkQ_01755.jpg,salcedo_weekend_market,test,video:ycX_ttYBXkQ
video/salcedo_weekend_market/ycX_ttYBXkQ_01815.jpg,salcedo_weekend_market,test,video:ycX_ttYBXkQ
video/salcedo_weekend_market/ycX_ttYBXkQ_01874.jpg,salcedo_weekend_market,test,video:ycX_ttYBXkQ
video/salcedo_weekend_market/ycX_ttYBXkQ_01934.jpg,salcedo_weekend_market,test,video:ycX_ttYBXkQ
video/salcedo_weekend_market/ycX_ttYBXkQ_01993.jpg,salcedo_weekend_market,test,video:ycX_ttYBXkQ
video/salcedo_weekend_market/ycX_ttYBXkQ_02053.jpg,salcedo_weekend_market,test,video:ycX_ttYBXkQ
video/salcedo_weekend_market/ycX_ttYBXkQ_02112.jpg,salcedo_weekend_market,test,video:ycX_ttYBXkQ
video/salcedo_weekend_market/ycX_ttYBXkQ_02172.jpg,salcedo_weekend_market,test,video:ycX_ttYBXkQ
video/salcedo_weekend_market/ycX_ttYBXkQ_02231.jpg,salcedo_weekend_market,test,video:ycX_ttYBXkQ
video/salcedo_weekend_market/ycX_ttYBXkQ_02291.jpg,salcedo_weekend_market,test,video:ycX_ttYBXkQ
video/salcedo_weekend_market/ycX_ttYBXkQ_02350.jpg,salcedo_weekend_market,test,video:ycX_ttYBXkQ
video/salcedo_weekend_market/ycX_ttYBXkQ_02410.jpg,salcedo_weekend_market,test,video:ycX_ttYBXkQ
video/salcedo_weekend_market/ycX_ttYBXkQ_02469.jpg,salcedo_weekend_market,test,video:ycX_ttYBXkQ
video/salcedo_weekend_market/ycX_ttYBXkQ_02529.jpg,salcedo_weekend_market,test,video:ycX_ttYBXkQ
video/salcedo_weekend_market/ycX_ttYBXkQ_02588.jpg,salcedo_weekend_market,test,video:ycX_ttYBXkQ
video/sm_makati/3IVE7saCJUk_00014.jpg,sm_makati,train,video:3IVE7saCJUk
video/sm_makati/3IVE7saCJUk_00042.jpg,sm_makati,train,video:3IVE7saCJUk
video/sm_makati/3IVE7saCJUk_00071.jpg,sm_makati,train,video:3IVE7saCJUk
video/sm_makati/3IVE7saCJUk_00099.jpg,sm_makati,train,video:3IVE7saCJUk
video/sm_makati/3IVE7saCJUk_00128.jpg,sm_makati,train,video:3IVE7saCJUk
video/sm_makati/3IVE7saCJUk_00156.jpg,sm_makati,train,video:3IVE7saCJUk
video/sm_makati/3IVE7saCJUk_00184.jpg,sm_makati,train,video:3IVE7saCJUk
video/sm_makati/3IVE7saCJUk_00213.jpg,sm_makati,train,video:3IVE7saCJUk
video/sm_makati/3IVE7saCJUk_00241.jpg,sm_makati,train,video:3IVE7saCJUk
video/sm_makati/3IVE7saCJUk_00270.jpg,sm_makati,train,video:3IVE7saCJUk
video/sm_makati/3IVE7saCJUk_00298.jpg,sm_makati,train,video:3IVE7saCJUk
video/sm_makati/3IVE7saCJUk_00327.jpg,sm_makati,train,video:3IVE7saCJUk
video/sm_makati/3IVE7saCJUk_00355.jpg,sm_makati,train,video:3IVE7saCJUk
video/sm_makati/3IVE7saCJUk_00384.jpg,sm_makati,train,video:3IVE7saCJUk
video/sm_makati/3IVE7saCJUk_00412.jpg,sm_makati,train,video:3IVE7saCJUk
video/sm_makati/3IVE7saCJUk_00440.jpg,sm_makati,train,video:3IVE7saCJUk
video/sm_makati/3IVE7saCJUk_00469.jpg,sm_makati,train,video:3IVE7saCJUk
video/sm_makati/3IVE7saCJUk_00497.jpg,sm_makati,train,video:3IVE7saCJUk
video/sm_makati/3IVE7saCJUk_00526.jpg,sm_makati,train,video:3IVE7saCJUk
video/sm_makati/3IVE7saCJUk_00554.jpg,sm_makati,train,video:3IVE7saCJUk
video/sm_makati/3IVE7saCJUk_00583.jpg,sm_makati,train,video:3IVE7saCJUk
video/sm_makati/3IVE7saCJUk_00611.jpg,sm_makati,train,video:3IVE7saCJUk
video/sm_makati/3IVE7saCJUk_00640.jpg,sm_makati,train,video:3IVE7saCJUk
video/sm_makati/3IVE7saCJUk_00668.jpg,sm_makati,train,video:3IVE7saCJUk
video/sm_makati/3IVE7saCJUk_00696.jpg,sm_makati,train,video:3IVE7saCJUk
video/sm_makati/3IVE7saCJUk_00725.jpg,sm_makati,train,video:3IVE7saCJUk
video/sm_makati/3IVE7saCJUk_00753.jpg,sm_makati,train,video:3IVE7saCJUk
video/sm_makati/3IVE7saCJUk_00782.jpg,sm_makati,train,video:3IVE7saCJUk
video/sm_makati/3IVE7saCJUk_00810.jpg,sm_makati,train,video:3IVE7saCJUk
video/sm_makati/3IVE7saCJUk_00839.jpg,sm_makati,train,video:3IVE7saCJUk
video/sm_makati/3IVE7saCJUk_00867.jpg,sm_makati,train,video:3IVE7saCJUk
video/sm_makati/3IVE7saCJUk_00896.jpg,sm_makati,train,video:3IVE7saCJUk
video/sm_makati/3IVE7saCJUk_00924.jpg,sm_makati,train,video:3IVE7saCJUk
video/sm_makati/3IVE7saCJUk_00952.jpg,sm_makati,train,video:3IVE7saCJUk
video/sm_makati/3IVE7saCJUk_00981.jpg,sm_makati,train,video:3IVE7saCJUk
video/sm_makati/3IVE7saCJUk_01009.jpg,sm_makati,train,video:3IVE7saCJUk
video/sm_makati/3IVE7saCJUk_01038.jpg,sm_makati,train,video:3IVE7saCJUk
video/sm_makati/3IVE7saCJUk_01066.jpg,sm_makati,train,video:3IVE7saCJUk
video/sm_makati/3IVE7saCJUk_01095.jpg,sm_makati,train,video:3IVE7saCJUk
video/sm_makati/3IVE7saCJUk_01123.jpg,sm_makati,train,video:3IVE7saCJUk
video/sm_makati/3IVE7saCJUk_01152.jpg,sm_makati,train,video:3IVE7saCJUk
video/sm_makati/3IVE7saCJUk_01180.jpg,sm_makati,train,video:3IVE7saCJUk
video/sm_makati/3IVE7saCJUk_01208.jpg,sm_makati,train,video:3IVE7saCJUk
video/sm_makati/3IVE7saCJUk_01237.jpg,sm_makati,train,video:3IVE7saCJUk
video/sm_makati/3IVE7saCJUk_01265.jpg,sm_makati,train,video:3IVE7saCJUk
video/sm_makati/4iblvD-Iaus_00000.jpg,sm_makati,train,video:4iblvD-Iaus
video/sm_makati/4iblvD-Iaus_00002.jpg,sm_makati,train,video:4iblvD-Iaus
video/sm_makati/4iblvD-Iaus_00005.jpg,sm_makati,train,video:4iblvD-Iaus
video/sm_makati/4iblvD-Iaus_00010.jpg,sm_makati,train,video:4iblvD-Iaus
video/sm_makati/4iblvD-Iaus_00014.jpg,sm_makati,train,video:4iblvD-Iaus
video/sm_makati/4iblvD-Iaus_00016.jpg,sm_makati,train,video:4iblvD-Iaus
video/sm_makati/4iblvD-Iaus_00022.jpg,sm_makati,train,video:4iblvD-Iaus
video/sm_makati/4iblvD-Iaus_00026.jpg,sm_makati,train,video:4iblvD-Iaus
video/sm_makati/4iblvD-Iaus_00031.jpg,sm_makati,train,video:4iblvD-Iaus
video/sm_makati/4iblvD-Iaus_00035.jpg,sm_makati,train,video:4iblvD-Iaus
video/sm_makati/4iblvD-Iaus_00038.jpg,sm_makati,train,video:4iblvD-Iaus
video/sm_makati/4iblvD-Iaus_00039.jpg,sm_makati,train,video:4iblvD-Iaus
video/sm_makati/4iblvD-Iaus_00043.jpg,sm_makati,train,video:4iblvD-Iaus
video/sm_makati/4iblvD-Iaus_00051.jpg,sm_makati,train,video:4iblvD-Iaus
video/sm_makati/4iblvD-Iaus_00058.jpg,sm_makati,train,video:4iblvD-Iaus
video/sm_makati/4iblvD-Iaus_00064.jpg,sm_makati,train,video:4iblvD-Iaus
video/sm_makati/4iblvD-Iaus_00070.jpg,sm_makati,train,video:4iblvD-Iaus
video/sm_makati/4iblvD-Iaus_00087.jpg,sm_makati,train,video:4iblvD-Iaus
video/sm_makati/4iblvD-Iaus_00090.jpg,sm_makati,train,video:4iblvD-Iaus
video/sm_makati/4iblvD-Iaus_00098.jpg,sm_makati,train,video:4iblvD-Iaus
video/sm_makati/4iblvD-Iaus_00108.jpg,sm_makati,train,video:4iblvD-Iaus
video/sm_makati/4iblvD-Iaus_00114.jpg,sm_makati,train,video:4iblvD-Iaus
video/sm_makati/4iblvD-Iaus_00121.jpg,sm_makati,train,video:4iblvD-Iaus
video/sm_makati/4iblvD-Iaus_00134.jpg,sm_makati,train,video:4iblvD-Iaus
video/sm_makati/4iblvD-Iaus_00138.jpg,sm_makati,train,video:4iblvD-Iaus
video/sm_makati/4iblvD-Iaus_00146.jpg,sm_makati,train,video:4iblvD-Iaus
video/sm_makati/4iblvD-Iaus_00158.jpg,sm_makati,train,video:4iblvD-Iaus
video/sm_makati/4iblvD-Iaus_00161.jpg,sm_makati,train,video:4iblvD-Iaus
video/sm_makati/4iblvD-Iaus_00170.jpg,sm_makati,train,video:4iblvD-Iaus
video/sm_makati/4iblvD-Iaus_00178.jpg,sm_makati,train,video:4iblvD-Iaus
video/sm_makati/4iblvD-Iaus_00184.jpg,sm_makati,train,video:4iblvD-Iaus
video/sm_makati/4iblvD-Iaus_00206.jpg,sm_makati,train,video:4iblvD-Iaus
video/sm_makati/4iblvD-Iaus_00218.jpg,sm_makati,train,video:4iblvD-Iaus
video/sm_makati/4iblvD-Iaus_00234.jpg,sm_makati,train,video:4iblvD-Iaus
video/sm_makati/4iblvD-Iaus_00239.jpg,sm_makati,train,video:4iblvD-Iaus
video/sm_makati/7YwlbAPcTOA_00010.jpg,sm_makati,train,video:7YwlbAPcTOA
video/sm_makati/7YwlbAPcTOA_00032.jpg,sm_makati,train,video:7YwlbAPcTOA
video/sm_makati/7YwlbAPcTOA_00054.jpg,sm_makati,train,video:7YwlbAPcTOA
video/sm_makati/7YwlbAPcTOA_00076.jpg,sm_makati,train,video:7YwlbAPcTOA
video/sm_makati/7YwlbAPcTOA_00098.jpg,sm_makati,train,video:7YwlbAPcTOA
video/sm_makati/7YwlbAPcTOA_00120.jpg,sm_makati,train,video:7YwlbAPcTOA
video/sm_makati/7YwlbAPcTOA_00142.jpg,sm_makati,train,video:7YwlbAPcTOA
video/sm_makati/7YwlbAPcTOA_00164.jpg,sm_makati,train,video:7YwlbAPcTOA
video/sm_makati/7YwlbAPcTOA_00186.jpg,sm_makati,train,video:7YwlbAPcTOA
video/sm_makati/7YwlbAPcTOA_00208.jpg,sm_makati,train,video:7YwlbAPcTOA
video/sm_makati/7YwlbAPcTOA_00230.jpg,sm_makati,train,video:7YwlbAPcTOA
video/sm_makati/7YwlbAPcTOA_00251.jpg,sm_makati,train,video:7YwlbAPcTOA
video/sm_makati/7YwlbAPcTOA_00273.jpg,sm_makati,train,video:7YwlbAPcTOA
video/sm_makati/7YwlbAPcTOA_00295.jpg,sm_makati,train,video:7YwlbAPcTOA
video/sm_makati/7YwlbAPcTOA_00317.jpg,sm_makati,train,video:7YwlbAPcTOA
video/sm_makati/7YwlbAPcTOA_00339.jpg,sm_makati,train,video:7YwlbAPcTOA
video/sm_makati/7YwlbAPcTOA_00361.jpg,sm_makati,train,video:7YwlbAPcTOA
video/sm_makati/7YwlbAPcTOA_00383.jpg,sm_makati,train,video:7YwlbAPcTOA
video/sm_makati/7YwlbAPcTOA_00405.jpg,sm_makati,train,video:7YwlbAPcTOA
video/sm_makati/7YwlbAPcTOA_00427.jpg,sm_makati,train,video:7YwlbAPcTOA
video/sm_makati/7YwlbAPcTOA_00449.jpg,sm_makati,train,video:7YwlbAPcTOA
video/sm_makati/7YwlbAPcTOA_00471.jpg,sm_makati,train,video:7YwlbAPcTOA
video/sm_makati/7YwlbAPcTOA_00492.jpg,sm_makati,train,video:7YwlbAPcTOA
video/sm_makati/7YwlbAPcTOA_00514.jpg,sm_makati,train,video:7YwlbAPcTOA
video/sm_makati/7YwlbAPcTOA_00536.jpg,sm_makati,train,video:7YwlbAPcTOA
video/sm_makati/7YwlbAPcTOA_00558.jpg,sm_makati,train,video:7YwlbAPcTOA
video/sm_makati/7YwlbAPcTOA_00580.jpg,sm_makati,train,video:7YwlbAPcTOA
video/sm_makati/7YwlbAPcTOA_00602.jpg,sm_makati,train,video:7YwlbAPcTOA
video/sm_makati/7YwlbAPcTOA_00624.jpg,sm_makati,train,video:7YwlbAPcTOA
video/sm_makati/7YwlbAPcTOA_00646.jpg,sm_makati,train,video:7YwlbAPcTOA
video/sm_makati/7YwlbAPcTOA_00668.jpg,sm_makati,train,video:7YwlbAPcTOA
video/sm_makati/7YwlbAPcTOA_00690.jpg,sm_makati,train,video:7YwlbAPcTOA
video/sm_makati/7YwlbAPcTOA_00712.jpg,sm_makati,train,video:7YwlbAPcTOA
video/sm_makati/7YwlbAPcTOA_00734.jpg,sm_makati,train,video:7YwlbAPcTOA
video/sm_makati/7YwlbAPcTOA_00755.jpg,sm_makati,train,video:7YwlbAPcTOA
video/sm_makati/7YwlbAPcTOA_00777.jpg,sm_makati,train,video:7YwlbAPcTOA
video/sm_makati/7YwlbAPcTOA_00799.jpg,sm_makati,train,video:7YwlbAPcTOA
video/sm_makati/7YwlbAPcTOA_00821.jpg,sm_makati,train,video:7YwlbAPcTOA
video/sm_makati/7YwlbAPcTOA_00843.jpg,sm_makati,train,video:7YwlbAPcTOA
video/sm_makati/7YwlbAPcTOA_00865.jpg,sm_makati,train,video:7YwlbAPcTOA
video/sm_makati/7YwlbAPcTOA_00887.jpg,sm_makati,train,video:7YwlbAPcTOA
video/sm_makati/7YwlbAPcTOA_00909.jpg,sm_makati,train,video:7YwlbAPcTOA
video/sm_makati/7YwlbAPcTOA_00931.jpg,sm_makati,train,video:7YwlbAPcTOA
video/sm_makati/7YwlbAPcTOA_00953.jpg,sm_makati,train,video:7YwlbAPcTOA
video/sm_makati/GgRp0i2yKAw_00011.jpg,sm_makati,train,video:GgRp0i2yKAw
video/sm_makati/GgRp0i2yKAw_00033.jpg,sm_makati,train,video:GgRp0i2yKAw
video/sm_makati/GgRp0i2yKAw_00055.jpg,sm_makati,train,video:GgRp0i2yKAw
video/sm_makati/GgRp0i2yKAw_00077.jpg,sm_makati,train,video:GgRp0i2yKAw
video/sm_makati/GgRp0i2yKAw_00100.jpg,sm_makati,train,video:GgRp0i2yKAw
video/sm_makati/GgRp0i2yKAw_00122.jpg,sm_makati,train,video:GgRp0i2yKAw
video/sm_makati/GgRp0i2yKAw_00144.jpg,sm_makati,train,video:GgRp0i2yKAw
video/sm_makati/GgRp0i2yKAw_00166.jpg,sm_makati,train,video:GgRp0i2yKAw
video/sm_makati/GgRp0i2yKAw_00189.jpg,sm_makati,train,video:GgRp0i2yKAw
video/sm_makati/GgRp0i2yKAw_00211.jpg,sm_makati,train,video:GgRp0i2yKAw
video/sm_makati/GgRp0i2yKAw_00233.jpg,sm_makati,train,video:GgRp0i2yKAw
video/sm_makati/GgRp0i2yKAw_00255.jpg,sm_makati,train,video:GgRp0i2yKAw
video/sm_makati/GgRp0i2yKAw_00278.jpg,sm_makati,train,video:GgRp0i2yKAw
video/sm_makati/GgRp0i2yKAw_00300.jpg,sm_makati,train,video:GgRp0i2yKAw
video/sm_makati/GgRp0i2yKAw_00322.jpg,sm_makati,train,video:GgRp0i2yKAw
video/sm_makati/GgRp0i2yKAw_00344.jpg,sm_makati,train,video:GgRp0i2yKAw
video/sm_makati/GgRp0i2yKAw_00367.jpg,sm_makati,train,video:GgRp0i2yKAw
video/sm_makati/GgRp0i2yKAw_00389.jpg,sm_makati,train,video:GgRp0i2yKAw
video/sm_makati/GgRp0i2yKAw_00411.jpg,sm_makati,train,video:GgRp0i2yKAw
video/sm_makati/GgRp0i2yKAw_00433.jpg,sm_makati,train,video:GgRp0i2yKAw
video/sm_makati/GgRp0i2yKAw_00456.jpg,sm_makati,train,video:GgRp0i2yKAw
video/sm_makati/GgRp0i2yKAw_00478.jpg,sm_makati,train,video:GgRp0i2yKAw
video/sm_makati/GgRp0i2yKAw_00500.jpg,sm_makati,train,video:GgRp0i2yKAw
video/sm_makati/GgRp0i2yKAw_00522.jpg,sm_makati,train,video:GgRp0i2yKAw
video/sm_makati/GgRp0i2yKAw_00544.jpg,sm_makati,train,video:GgRp0i2yKAw
video/sm_makati/GgRp0i2yKAw_00567.jpg,sm_makati,train,video:GgRp0i2yKAw
video/sm_makati/GgRp0i2yKAw_00589.jpg,sm_makati,train,video:GgRp0i2yKAw
video/sm_makati/GgRp0i2yKAw_00611.jpg,sm_makati,train,video:GgRp0i2yKAw
video/sm_makati/GgRp0i2yKAw_00633.jpg,sm_makati,train,video:GgRp0i2yKAw
video/sm_makati/GgRp0i2yKAw_00656.jpg,sm_makati,train,video:GgRp0i2yKAw
video/sm_makati/GgRp0i2yKAw_00678.jpg,sm_makati,train,video:GgRp0i2yKAw
video/sm_makati/GgRp0i2yKAw_00700.jpg,sm_makati,train,video:GgRp0i2yKAw
video/sm_makati/GgRp0i2yKAw_00722.jpg,sm_makati,train,video:GgRp0i2yKAw
video/sm_makati/GgRp0i2yKAw_00745.jpg,sm_makati,train,video:GgRp0i2yKAw
video/sm_makati/GgRp0i2yKAw_00767.jpg,sm_makati,train,video:GgRp0i2yKAw
video/sm_makati/GgRp0i2yKAw_00789.jpg,sm_makati,train,video:GgRp0i2yKAw
video/sm_makati/GgRp0i2yKAw_00811.jpg,sm_makati,train,video:GgRp0i2yKAw
video/sm_makati/GgRp0i2yKAw_00834.jpg,sm_makati,train,video:GgRp0i2yKAw
video/sm_makati/GgRp0i2yKAw_00856.jpg,sm_makati,train,video:GgRp0i2yKAw
video/sm_makati/GgRp0i2yKAw_00878.jpg,sm_makati,train,video:GgRp0i2yKAw
video/sm_makati/GgRp0i2yKAw_00900.jpg,sm_makati,train,video:GgRp0i2yKAw
video/sm_makati/GgRp0i2yKAw_00923.jpg,sm_makati,train,video:GgRp0i2yKAw
video/sm_makati/GgRp0i2yKAw_00945.jpg,sm_makati,train,video:GgRp0i2yKAw
video/sm_makati/GgRp0i2yKAw_00967.jpg,sm_makati,train,video:GgRp0i2yKAw
video/sm_makati/INjdjwlm6Fo_00025.jpg,sm_makati,train,video:INjdjwlm6Fo
video/sm_makati/INjdjwlm6Fo_00043.jpg,sm_makati,train,video:INjdjwlm6Fo
video/sm_makati/INjdjwlm6Fo_00060.jpg,sm_makati,train,video:INjdjwlm6Fo
video/sm_makati/INjdjwlm6Fo_00077.jpg,sm_makati,train,video:INjdjwlm6Fo
video/sm_makati/INjdjwlm6Fo_00094.jpg,sm_makati,train,video:INjdjwlm6Fo
video/sm_makati/INjdjwlm6Fo_00111.jpg,sm_makati,train,video:INjdjwlm6Fo
video/sm_makati/INjdjwlm6Fo_00129.jpg,sm_makati,train,video:INjdjwlm6Fo
video/sm_makati/INjdjwlm6Fo_00146.jpg,sm_makati,train,video:INjdjwlm6Fo
video/sm_makati/INjdjwlm6Fo_00163.jpg,sm_makati,train,video:INjdjwlm6Fo
video/sm_makati/INjdjwlm6Fo_00180.jpg,sm_makati,train,video:INjdjwlm6Fo
video/sm_makati/INjdjwlm6Fo_00198.jpg,sm_makati,train,video:INjdjwlm6Fo
video/sm_makati/INjdjwlm6Fo_00215.jpg,sm_makati,train,video:INjdjwlm6Fo
video/sm_makati/INjdjwlm6Fo_00232.jpg,sm_makati,train,video:INjdjwlm6Fo
video/sm_makati/INjdjwlm6Fo_00249.jpg,sm_makati,train,video:INjdjwlm6Fo
video/sm_makati/INjdjwlm6Fo_00266.jpg,sm_makati,train,video:INjdjwlm6Fo
video/sm_makati/INjdjwlm6Fo_00284.jpg,sm_makati,train,video:INjdjwlm6Fo
video/sm_makati/INjdjwlm6Fo_00301.jpg,sm_makati,train,video:INjdjwlm6Fo
video/sm_makati/INjdjwlm6Fo_00318.jpg,sm_makati,train,video:INjdjwlm6Fo
video/sm_makati/INjdjwlm6Fo_00335.jpg,sm_makati,train,video:INjdjwlm6Fo
video/sm_makati/INjdjwlm6Fo_00353.jpg,sm_makati,train,video:INjdjwlm6Fo
video/sm_makati/INjdjwlm6Fo_00370.jpg,sm_makati,train,video:INjdjwlm6Fo
video/sm_makati/INjdjwlm6Fo_00387.jpg,sm_makati,train,video:INjdjwlm6Fo
video/sm_makati/INjdjwlm6Fo_00404.jpg,sm_makati,train,video:INjdjwlm6Fo
video/sm_makati/INjdjwlm6Fo_00421.jpg,sm_makati,train,video:INjdjwlm6Fo
video/sm_makati/INjdjwlm6Fo_00439.jpg,sm_makati,train,video:INjdjwlm6Fo
video/sm_makati/INjdjwlm6Fo_00456.jpg,sm_makati,train,video:INjdjwlm6Fo
video/sm_makati/INjdjwlm6Fo_00473.jpg,sm_makati,train,video:INjdjwlm6Fo
video/sm_makati/INjdjwlm6Fo_00490.jpg,sm_makati,train,video:INjdjwlm6Fo
video/sm_makati/INjdjwlm6Fo_00508.jpg,sm_makati,train,video:INjdjwlm6Fo
video/sm_makati/INjdjwlm6Fo_00525.jpg,sm_makati,train,video:INjdjwlm6Fo
video/sm_makati/INjdjwlm6Fo_00542.jpg,sm_makati,train,video:INjdjwlm6Fo
video/sm_makati/INjdjwlm6Fo_00559.jpg,sm_makati,train,video:INjdjwlm6Fo
video/sm_makati/INjdjwlm6Fo_00576.jpg,sm_makati,train,video:INjdjwlm6Fo
video/sm_makati/INjdjwlm6Fo_00594.jpg,sm_makati,train,video:INjdjwlm6Fo
video/sm_makati/INjdjwlm6Fo_00611.jpg,sm_makati,train,video:INjdjwlm6Fo
video/sm_makati/INjdjwlm6Fo_00628.jpg,sm_makati,train,video:INjdjwlm6Fo
video/sm_makati/INjdjwlm6Fo_00645.jpg,sm_makati,train,video:INjdjwlm6Fo
video/sm_makati/INjdjwlm6Fo_00663.jpg,sm_makati,train,video:INjdjwlm6Fo
video/sm_makati/INjdjwlm6Fo_00680.jpg,sm_makati,train,video:INjdjwlm6Fo
video/sm_makati/INjdjwlm6Fo_00697.jpg,sm_makati,train,video:INjdjwlm6Fo
video/sm_makati/INjdjwlm6Fo_00714.jpg,sm_makati,train,video:INjdjwlm6Fo
video/sm_makati/INjdjwlm6Fo_00731.jpg,sm_makati,train,video:INjdjwlm6Fo
video/sm_makati/INjdjwlm6Fo_00749.jpg,sm_makati,train,video:INjdjwlm6Fo
video/sm_makati/INjdjwlm6Fo_00766.jpg,sm_makati,train,video:INjdjwlm6Fo
video/sm_makati/I_G6UAx2w9k_00008.jpg,sm_makati,train,video:I_G6UAx2w9k
video/sm_makati/I_G6UAx2w9k_00025.jpg,sm_makati,train,video:I_G6UAx2w9k
video/sm_makati/I_G6UAx2w9k_00042.jpg,sm_makati,train,video:I_G6UAx2w9k
video/sm_makati/I_G6UAx2w9k_00059.jpg,sm_makati,train,video:I_G6UAx2w9k
video/sm_makati/I_G6UAx2w9k_00075.jpg,sm_makati,train,video:I_G6UAx2w9k
video/sm_makati/I_G6UAx2w9k_00092.jpg,sm_makati,train,video:I_G6UAx2w9k
video/sm_makati/I_G6UAx2w9k_00109.jpg,sm_makati,train,video:I_G6UAx2w9k
video/sm_makati/I_G6UAx2w9k_00126.jpg,sm_makati,train,video:I_G6UAx2w9k
video/sm_makati/I_G6UAx2w9k_00143.jpg,sm_makati,train,video:I_G6UAx2w9k
video/sm_makati/I_G6UAx2w9k_00160.jpg,sm_makati,train,video:I_G6UAx2w9k
video/sm_makati/I_G6UAx2w9k_00177.jpg,sm_makati,train,video:I_G6UAx2w9k
video/sm_makati/I_G6UAx2w9k_00193.jpg,sm_makati,train,video:I_G6UAx2w9k
video/sm_makati/I_G6UAx2w9k_00210.jpg,sm_makati,train,video:I_G6UAx2w9k
video/sm_makati/I_G6UAx2w9k_00227.jpg,sm_makati,train,video:I_G6UAx2w9k
video/sm_makati/I_G6UAx2w9k_00244.jpg,sm_makati,train,video:I_G6UAx2w9k
video/sm_makati/I_G6UAx2w9k_00261.jpg,sm_makati,train,video:I_G6UAx2w9k
video/sm_makati/I_G6UAx2w9k_00278.jpg,sm_makati,train,video:I_G6UAx2w9k
video/sm_makati/I_G6UAx2w9k_00295.jpg,sm_makati,train,video:I_G6UAx2w9k
video/sm_makati/I_G6UAx2w9k_00312.jpg,sm_makati,train,video:I_G6UAx2w9k
video/sm_makati/I_G6UAx2w9k_00328.jpg,sm_makati,train,video:I_G6UAx2w9k
video/sm_makati/I_G6UAx2w9k_00345.jpg,sm_makati,train,video:I_G6UAx2w9k
video/sm_makati/I_G6UAx2w9k_00362.jpg,sm_makati,train,video:I_G6UAx2w9k
video/sm_makati/I_G6UAx2w9k_00379.jpg,sm_makati,train,video:I_G6UAx2w9k
video/sm_makati/I_G6UAx2w9k_00396.jpg,sm_makati,train,video:I_G6UAx2w9k
video/sm_makati/I_G6UAx2w9k_00413.jpg,sm_makati,train,video:I_G6UAx2w9k
video/sm_makati/I_G6UAx2w9k_00430.jpg,sm_makati,train,video:I_G6UAx2w9k
video/sm_makati/I_G6UAx2w9k_00446.jpg,sm_makati,train,video:I_G6UAx2w9k
video/sm_makati/I_G6UAx2w9k_00463.jpg,sm_makati,train,video:I_G6UAx2w9k
video/sm_makati/I_G6UAx2w9k_00480.jpg,sm_makati,train,video:I_G6UAx2w9k
video/sm_makati/I_G6UAx2w9k_00497.jpg,sm_makati,train,video:I_G6UAx2w9k
video/sm_makati/I_G6UAx2w9k_00514.jpg,sm_makati,train,video:I_G6UAx2w9k
video/sm_makati/I_G6UAx2w9k_00531.jpg,sm_makati,train,video:I_G6UAx2w9k
video/sm_makati/I_G6UAx2w9k_00548.jpg,sm_makati,train,video:I_G6UAx2w9k
video/sm_makati/I_G6UAx2w9k_00565.jpg,sm_makati,train,video:I_G6UAx2w9k
video/sm_makati/I_G6UAx2w9k_00581.jpg,sm_makati,train,video:I_G6UAx2w9k
video/sm_makati/I_G6UAx2w9k_00598.jpg,sm_makati,train,video:I_G6UAx2w9k
video/sm_makati/I_G6UAx2w9k_00615.jpg,sm_makati,train,video:I_G6UAx2w9k
video/sm_makati/I_G6UAx2w9k_00632.jpg,sm_makati,train,video:I_G6UAx2w9k
video/sm_makati/I_G6UAx2w9k_00649.jpg,sm_makati,train,video:I_G6UAx2w9k
video/sm_makati/I_G6UAx2w9k_00666.jpg,sm_makati,train,video:I_G6UAx2w9k
video/sm_makati/I_G6UAx2w9k_00683.jpg,sm_makati,train,video:I_G6UAx2w9k
video/sm_makati/I_G6UAx2w9k_00699.jpg,sm_makati,train,video:I_G6UAx2w9k
video/sm_makati/I_G6UAx2w9k_00716.jpg,sm_makati,train,video:I_G6UAx2w9k
video/sm_makati/I_G6UAx2w9k_00733.jpg,sm_makati,train,video:I_G6UAx2w9k
video/sm_makati/IuBPj-q8Y4I_00022.jpg,sm_makati,train,video:IuBPj-q8Y4I
video/sm_makati/IuBPj-q8Y4I_00037.jpg,sm_makati,train,video:IuBPj-q8Y4I
video/sm_makati/IuBPj-q8Y4I_00052.jpg,sm_makati,train,video:IuBPj-q8Y4I
video/sm_makati/IuBPj-q8Y4I_00068.jpg,sm_makati,train,video:IuBPj-q8Y4I
video/sm_makati/IuBPj-q8Y4I_00083.jpg,sm_makati,train,video:IuBPj-q8Y4I
video/sm_makati/IuBPj-q8Y4I_00098.jpg,sm_makati,train,video:IuBPj-q8Y4I
video/sm_makati/IuBPj-q8Y4I_00113.jpg,sm_makati,train,video:IuBPj-q8Y4I
video/sm_makati/IuBPj-q8Y4I_00128.jpg,sm_makati,train,video:IuBPj-q8Y4I
video/sm_makati/IuBPj-q8Y4I_00143.jpg,sm_makati,train,video:IuBPj-q8Y4I
video/sm_makati/IuBPj-q8Y4I_00158.jpg,sm_makati,train,video:IuBPj-q8Y4I
video/sm_makati/IuBPj-q8Y4I_00173.jpg,sm_makati,train,video:IuBPj-q8Y4I
video/sm_makati/IuBPj-q8Y4I_00188.jpg,sm_makati,train,video:IuBPj-q8Y4I
video/sm_makati/IuBPj-q8Y4I_00204.jpg,sm_makati,train,video:IuBPj-q8Y4I
video/sm_makati/IuBPj-q8Y4I_00219.jpg,sm_makati,train,video:IuBPj-q8Y4I
video/sm_makati/IuBPj-q8Y4I_00234.jpg,sm_makati,train,video:IuBPj-q8Y4I
video/sm_makati/IuBPj-q8Y4I_00249.jpg,sm_makati,train,video:IuBPj-q8Y4I
video/sm_makati/IuBPj-q8Y4I_00264.jpg,sm_makati,train,video:IuBPj-q8Y4I
video/sm_makati/IuBPj-q8Y4I_00279.jpg,sm_makati,train,video:IuBPj-q8Y4I
video/sm_makati/IuBPj-q8Y4I_00294.jpg,sm_makati,train,video:IuBPj-q8Y4I
video/sm_makati/IuBPj-q8Y4I_00309.jpg,sm_makati,train,video:IuBPj-q8Y4I
video/sm_makati/IuBPj-q8Y4I_00324.jpg,sm_makati,train,video:IuBPj-q8Y4I
video/sm_makati/IuBPj-q8Y4I_00339.jpg,sm_makati,train,video:IuBPj-q8Y4I
video/sm_makati/IuBPj-q8Y4I_00355.jpg,sm_makati,train,video:IuBPj-q8Y4I
video/sm_makati/IuBPj-q8Y4I_00370.jpg,sm_makati,train,video:IuBPj-q8Y4I
video/sm_makati/IuBPj-q8Y4I_00385.jpg,sm_makati,train,video:IuBPj-q8Y4I
video/sm_makati/IuBPj-q8Y4I_00400.jpg,sm_makati,train,video:IuBPj-q8Y4I
video/sm_makati/IuBPj-q8Y4I_00415.jpg,sm_makati,train,video:IuBPj-q8Y4I
video/sm_makati/IuBPj-q8Y4I_00430.jpg,sm_makati,train,video:IuBPj-q8Y4I
video/sm_makati/IuBPj-q8Y4I_00445.jpg,sm_makati,train,video:IuBPj-q8Y4I
video/sm_makati/IuBPj-q8Y4I_00460.jpg,sm_makati,train,video:IuBPj-q8Y4I
video/sm_makati/IuBPj-q8Y4I_00475.jpg,sm_makati,train,video:IuBPj-q8Y4I
video/sm_makati/IuBPj-q8Y4I_00491.jpg,sm_makati,train,video:IuBPj-q8Y4I
video/sm_makati/IuBPj-q8Y4I_00506.jpg,sm_makati,train,video:IuBPj-q8Y4I
video/sm_makati/IuBPj-q8Y4I_00521.jpg,sm_makati,train,video:IuBPj-q8Y4I
video/sm_makati/IuBPj-q8Y4I_00536.jpg,sm_makati,train,video:IuBPj-q8Y4I
video/sm_makati/IuBPj-q8Y4I_00551.jpg,sm_makati,train,video:IuBPj-q8Y4I
video/sm_makati/IuBPj-q8Y4I_00566.jpg,sm_makati,train,video:IuBPj-q8Y4I
video/sm_makati/IuBPj-q8Y4I_00581.jpg,sm_makati,train,video:IuBPj-q8Y4I
video/sm_makati/IuBPj-q8Y4I_00596.jpg,sm_makati,train,video:IuBPj-q8Y4I
video/sm_makati/IuBPj-q8Y4I_00611.jpg,sm_makati,train,video:IuBPj-q8Y4I
video/sm_makati/IuBPj-q8Y4I_00627.jpg,sm_makati,train,video:IuBPj-q8Y4I
video/sm_makati/IuBPj-q8Y4I_00642.jpg,sm_makati,train,video:IuBPj-q8Y4I
video/sm_makati/IuBPj-q8Y4I_00657.jpg,sm_makati,train,video:IuBPj-q8Y4I
video/sm_makati/Jb4Vkis-7-I_00015.jpg,sm_makati,val,video:Jb4Vkis-7-I
video/sm_makati/Jb4Vkis-7-I_00045.jpg,sm_makati,val,video:Jb4Vkis-7-I
video/sm_makati/Jb4Vkis-7-I_00107.jpg,sm_makati,val,video:Jb4Vkis-7-I
video/sm_makati/Jb4Vkis-7-I_00137.jpg,sm_makati,val,video:Jb4Vkis-7-I
video/sm_makati/Jb4Vkis-7-I_00168.jpg,sm_makati,val,video:Jb4Vkis-7-I
video/sm_makati/Jb4Vkis-7-I_00198.jpg,sm_makati,val,video:Jb4Vkis-7-I
video/sm_makati/Jb4Vkis-7-I_00229.jpg,sm_makati,val,video:Jb4Vkis-7-I
video/sm_makati/Jb4Vkis-7-I_00260.jpg,sm_makati,val,video:Jb4Vkis-7-I
video/sm_makati/Jb4Vkis-7-I_00290.jpg,sm_makati,val,video:Jb4Vkis-7-I
video/sm_makati/Jb4Vkis-7-I_00321.jpg,sm_makati,val,video:Jb4Vkis-7-I
video/sm_makati/Jb4Vkis-7-I_00351.jpg,sm_makati,val,video:Jb4Vkis-7-I
video/sm_makati/Jb4Vkis-7-I_00382.jpg,sm_makati,val,video:Jb4Vkis-7-I
video/sm_makati/Jb4Vkis-7-I_00413.jpg,sm_makati,val,video:Jb4Vkis-7-I
video/sm_makati/Jb4Vkis-7-I_00443.jpg,sm_makati,val,video:Jb4Vkis-7-I
video/sm_makati/Jb4Vkis-7-I_00474.jpg,sm_makati,val,video:Jb4Vkis-7-I
video/sm_makati/Jb4Vkis-7-I_00504.jpg,sm_makati,val,video:Jb4Vkis-7-I
video/sm_makati/Jb4Vkis-7-I_00535.jpg,sm_makati,val,video:Jb4Vkis-7-I
video/sm_makati/Jb4Vkis-7-I_00566.jpg,sm_makati,val,video:Jb4Vkis-7-I
video/sm_makati/Jb4Vkis-7-I_00596.jpg,sm_makati,val,video:Jb4Vkis-7-I
video/sm_makati/Jb4Vkis-7-I_00627.jpg,sm_makati,val,video:Jb4Vkis-7-I
video/sm_makati/Jb4Vkis-7-I_00657.jpg,sm_makati,val,video:Jb4Vkis-7-I
video/sm_makati/Jb4Vkis-7-I_00719.jpg,sm_makati,val,video:Jb4Vkis-7-I
video/sm_makati/Jb4Vkis-7-I_00810.jpg,sm_makati,val,video:Jb4Vkis-7-I
video/sm_makati/Jb4Vkis-7-I_00841.jpg,sm_makati,val,video:Jb4Vkis-7-I
video/sm_makati/Jb4Vkis-7-I_00872.jpg,sm_makati,val,video:Jb4Vkis-7-I
video/sm_makati/Jb4Vkis-7-I_00902.jpg,sm_makati,val,video:Jb4Vkis-7-I
video/sm_makati/Jb4Vkis-7-I_00933.jpg,sm_makati,val,video:Jb4Vkis-7-I
video/sm_makati/Jb4Vkis-7-I_00963.jpg,sm_makati,val,video:Jb4Vkis-7-I
video/sm_makati/PbfzMEizIoc_00029.jpg,sm_makati,test,video:PbfzMEizIoc
video/sm_makati/PbfzMEizIoc_00052.jpg,sm_makati,test,video:PbfzMEizIoc
video/sm_makati/PbfzMEizIoc_00074.jpg,sm_makati,test,video:PbfzMEizIoc
video/sm_makati/PbfzMEizIoc_00097.jpg,sm_makati,test,video:PbfzMEizIoc
video/sm_makati/PbfzMEizIoc_00099.jpg,sm_makati,test,video:PbfzMEizIoc
video/sm_makati/PbfzMEizIoc_00117.jpg,sm_makati,test,video:PbfzMEizIoc
video/sm_makati/PbfzMEizIoc_00142.jpg,sm_makati,test,video:PbfzMEizIoc
video/sm_makati/PbfzMEizIoc_00169.jpg,sm_makati,test,video:PbfzMEizIoc
video/sm_makati/PbfzMEizIoc_00190.jpg,sm_makati,test,video:PbfzMEizIoc
video/sm_makati/PbfzMEizIoc_00210.jpg,sm_makati,test,video:PbfzMEizIoc
video/sm_makati/PbfzMEizIoc_00242.jpg,sm_makati,test,video:PbfzMEizIoc
video/sm_makati/PbfzMEizIoc_00262.jpg,sm_makati,test,video:PbfzMEizIoc
video/sm_makati/PbfzMEizIoc_00280.jpg,sm_makati,test,video:PbfzMEizIoc
video/sm_makati/PbfzMEizIoc_00292.jpg,sm_makati,test,video:PbfzMEizIoc
video/sm_makati/PbfzMEizIoc_00314.jpg,sm_makati,test,video:PbfzMEizIoc
video/sm_makati/PbfzMEizIoc_00335.jpg,sm_makati,test,video:PbfzMEizIoc
video/sm_makati/PbfzMEizIoc_00355.jpg,sm_makati,test,video:PbfzMEizIoc
video/sm_makati/PbfzMEizIoc_00371.jpg,sm_makati,test,video:PbfzMEizIoc
video/sm_makati/PbfzMEizIoc_00378.jpg,sm_makati,test,video:PbfzMEizIoc
video/sm_makati/PbfzMEizIoc_00400.jpg,sm_makati,test,video:PbfzMEizIoc
video/sm_makati/PbfzMEizIoc_00423.jpg,sm_makati,test,video:PbfzMEizIoc
video/sm_makati/PbfzMEizIoc_00443.jpg,sm_makati,test,video:PbfzMEizIoc
video/sm_makati/PbfzMEizIoc_00462.jpg,sm_makati,test,video:PbfzMEizIoc
video/sm_makati/PbfzMEizIoc_00464.jpg,sm_makati,test,video:PbfzMEizIoc
video/sm_makati/PbfzMEizIoc_00486.jpg,sm_makati,test,video:PbfzMEizIoc
video/sm_makati/PbfzMEizIoc_00509.jpg,sm_makati,test,video:PbfzMEizIoc
video/sm_makati/PbfzMEizIoc_00532.jpg,sm_makati,test,video:PbfzMEizIoc
video/sm_makati/PbfzMEizIoc_00552.jpg,sm_makati,test,video:PbfzMEizIoc
video/sm_makati/PbfzMEizIoc_00573.jpg,sm_makati,test,video:PbfzMEizIoc
video/sm_makati/PbfzMEizIoc_00595.jpg,sm_makati,test,video:PbfzMEizIoc
video/sm_makati/PbfzMEizIoc_00618.jpg,sm_makati,test,video:PbfzMEizIoc
video/sm_makati/PbfzMEizIoc_00640.jpg,sm_makati,test,video:PbfzMEizIoc
video/sm_makati/PbfzMEizIoc_00643.jpg,sm_makati,test,video:PbfzMEizIoc
video/sm_makati/PbfzMEizIoc_00661.jpg,sm_makati,test,video:PbfzMEizIoc
video/sm_makati/PbfzMEizIoc_00681.jpg,sm_makati,test,video:PbfzMEizIoc
video/sm_makati/PbfzMEizIoc_00704.jpg,sm_makati,test,video:PbfzMEizIoc
video/sm_makati/PbfzMEizIoc_00727.jpg,sm_makati,test,video:PbfzMEizIoc
video/sm_makati/PbfzMEizIoc_00733.jpg,sm_makati,test,video:PbfzMEizIoc
video/sm_makati/PbfzMEizIoc_00749.jpg,sm_makati,test,video:PbfzMEizIoc
video/sm_makati/PbfzMEizIoc_00770.jpg,sm_makati,test,video:PbfzMEizIoc
video/sm_makati/PbfzMEizIoc_00790.jpg,sm_makati,test,video:PbfzMEizIoc
video/sm_makati/PbfzMEizIoc_00813.jpg,sm_makati,test,video:PbfzMEizIoc
video/sm_makati/PbfzMEizIoc_00824.jpg,sm_makati,test,video:PbfzMEizIoc
video/sm_makati/PbfzMEizIoc_00840.jpg,sm_makati,test,video:PbfzMEizIoc
video/sm_makati/PbfzMEizIoc_00860.jpg,sm_makati,test,video:PbfzMEizIoc
video/sm_makati/PbfzMEizIoc_00881.jpg,sm_makati,test,video:PbfzMEizIoc
video/sm_makati/PbfzMEizIoc_00908.jpg,sm_makati,test,video:PbfzMEizIoc
video/sm_makati/PbfzMEizIoc_00915.jpg,sm_makati,test,video:PbfzMEizIoc
video/sm_makati/PbfzMEizIoc_00933.jpg,sm_makati,test,video:PbfzMEizIoc
video/sm_makati/PbfzMEizIoc_00967.jpg,sm_makati,test,video:PbfzMEizIoc
video/sm_makati/PbfzMEizIoc_00987.jpg,sm_makati,test,video:PbfzMEizIoc
video/sm_makati/PbfzMEizIoc_01005.jpg,sm_makati,test,video:PbfzMEizIoc
video/sm_makati/PbfzMEizIoc_01016.jpg,sm_makati,test,video:PbfzMEizIoc
video/sm_makati/PbfzMEizIoc_01039.jpg,sm_makati,test,video:PbfzMEizIoc
video/sm_makati/PbfzMEizIoc_01060.jpg,sm_makati,test,video:PbfzMEizIoc
video/sm_makati/PbfzMEizIoc_01080.jpg,sm_makati,test,video:PbfzMEizIoc
video/sm_makati/PbfzMEizIoc_01096.jpg,sm_makati,test,video:PbfzMEizIoc
video/sm_makati/PbfzMEizIoc_01103.jpg,sm_makati,test,video:PbfzMEizIoc
video/sm_makati/PbfzMEizIoc_01125.jpg,sm_makati,test,video:PbfzMEizIoc
video/sm_makati/PbfzMEizIoc_01148.jpg,sm_makati,test,video:PbfzMEizIoc
video/sm_makati/PbfzMEizIoc_01168.jpg,sm_makati,test,video:PbfzMEizIoc
video/sm_makati/PbfzMEizIoc_01186.jpg,sm_makati,test,video:PbfzMEizIoc
video/sm_makati/PbfzMEizIoc_01193.jpg,sm_makati,test,video:PbfzMEizIoc
video/sm_makati/PbfzMEizIoc_01220.jpg,sm_makati,test,video:PbfzMEizIoc
video/sm_makati/PbfzMEizIoc_01252.jpg,sm_makati,test,video:PbfzMEizIoc
video/sm_makati/PbfzMEizIoc_01275.jpg,sm_makati,test,video:PbfzMEizIoc
video/sm_makati/PbfzMEizIoc_01277.jpg,sm_makati,test,video:PbfzMEizIoc
video/sm_makati/PbfzMEizIoc_01295.jpg,sm_makati,test,video:PbfzMEizIoc
video/sm_makati/PbfzMEizIoc_01325.jpg,sm_makati,test,video:PbfzMEizIoc
video/sm_makati/PbfzMEizIoc_01352.jpg,sm_makati,test,video:PbfzMEizIoc
video/sm_makati/PbfzMEizIoc_01368.jpg,sm_makati,test,video:PbfzMEizIoc
video/sm_makati/PbfzMEizIoc_01386.jpg,sm_makati,test,video:PbfzMEizIoc
video/sm_makati/PbfzMEizIoc_01424.jpg,sm_makati,test,video:PbfzMEizIoc
video/sm_makati/PbfzMEizIoc_01451.jpg,sm_makati,test,video:PbfzMEizIoc
video/sm_makati/PbfzMEizIoc_01458.jpg,sm_makati,test,video:PbfzMEizIoc
video/sm_makati/PbfzMEizIoc_01476.jpg,sm_makati,test,video:PbfzMEizIoc
video/sm_makati/PbfzMEizIoc_01519.jpg,sm_makati,test,video:PbfzMEizIoc
video/sm_makati/PbfzMEizIoc_01542.jpg,sm_makati,test,video:PbfzMEizIoc
video/sm_makati/PbfzMEizIoc_01549.jpg,sm_makati,test,video:PbfzMEizIoc
video/sm_makati/PbfzMEizIoc_01565.jpg,sm_makati,test,video:PbfzMEizIoc
video/sm_makati/PbfzMEizIoc_01585.jpg,sm_makati,test,video:PbfzMEizIoc
video/sm_makati/PbfzMEizIoc_01621.jpg,sm_makati,test,video:PbfzMEizIoc
video/sm_makati/PbfzMEizIoc_01642.jpg,sm_makati,test,video:PbfzMEizIoc
video/sm_makati/PbfzMEizIoc_01657.jpg,sm_makati,test,video:PbfzMEizIoc
video/sm_makati/PbfzMEizIoc_01664.jpg,sm_makati,test,video:PbfzMEizIoc
video/sm_makati/PbfzMEizIoc_01694.jpg,sm_makati,test,video:PbfzMEizIoc
video/sm_makati/PbfzMEizIoc_01723.jpg,sm_makati,test,video:PbfzMEizIoc
video/sm_makati/PbfzMEizIoc_01746.jpg,sm_makati,test,video:PbfzMEizIoc
video/sm_makati/PbfzMEizIoc_01748.jpg,sm_makati,test,video:PbfzMEizIoc
video/sm_makati/PbfzMEizIoc_01768.jpg,sm_makati,test,video:PbfzMEizIoc
video/sm_makati/PbfzMEizIoc_01791.jpg,sm_makati,test,video:PbfzMEizIoc
video/sm_makati/PbfzMEizIoc_01814.jpg,sm_makati,test,video:PbfzMEizIoc
video/sm_makati/PbfzMEizIoc_01836.jpg,sm_makati,test,video:PbfzMEizIoc
video/sm_makati/PbfzMEizIoc_01839.jpg,sm_makati,test,video:PbfzMEizIoc
video/sm_makati/PbfzMEizIoc_01857.jpg,sm_makati,test,video:PbfzMEizIoc
video/sm_makati/PbfzMEizIoc_01877.jpg,sm_makati,test,video:PbfzMEizIoc
video/sm_makati/PbfzMEizIoc_01900.jpg,sm_makati,test,video:PbfzMEizIoc
video/sm_makati/PbfzMEizIoc_01922.jpg,sm_makati,test,video:PbfzMEizIoc
video/sm_makati/PbfzMEizIoc_01929.jpg,sm_makati,test,video:PbfzMEizIoc
video/sm_makati/PbfzMEizIoc_01950.jpg,sm_makati,test,video:PbfzMEizIoc
video/sm_makati/PbfzMEizIoc_01972.jpg,sm_makati,test,video:PbfzMEizIoc
video/sm_makati/PbfzMEizIoc_01999.jpg,sm_makati,test,video:PbfzMEizIoc
video/sm_makati/PbfzMEizIoc_02020.jpg,sm_makati,test,video:PbfzMEizIoc
video/sm_makati/PbfzMEizIoc_02031.jpg,sm_makati,test,video:PbfzMEizIoc
video/sm_makati/PbfzMEizIoc_02054.jpg,sm_makati,test,video:PbfzMEizIoc
video/sm_makati/PbfzMEizIoc_02077.jpg,sm_makati,test,video:PbfzMEizIoc
video/sm_makati/PbfzMEizIoc_02099.jpg,sm_makati,test,video:PbfzMEizIoc
video/sm_makati/PbfzMEizIoc_02110.jpg,sm_makati,test,video:PbfzMEizIoc
video/sm_makati/PbfzMEizIoc_02126.jpg,sm_makati,test,video:PbfzMEizIoc
video/sm_makati/PbfzMEizIoc_02149.jpg,sm_makati,test,video:PbfzMEizIoc
video/sm_makati/PbfzMEizIoc_02172.jpg,sm_makati,test,video:PbfzMEizIoc
video/sm_makati/PbfzMEizIoc_02194.jpg,sm_makati,test,video:PbfzMEizIoc
video/sm_makati/PbfzMEizIoc_02201.jpg,sm_makati,test,video:PbfzMEizIoc
video/sm_makati/PbfzMEizIoc_02217.jpg,sm_makati,test,video:PbfzMEizIoc
video/sm_makati/PbfzMEizIoc_02237.jpg,sm_makati,test,video:PbfzMEizIoc
video/sm_makati/PbfzMEizIoc_02258.jpg,sm_makati,test,video:PbfzMEizIoc
video/sm_makati/PbfzMEizIoc_02280.jpg,sm_makati,test,video:PbfzMEizIoc
video/sm_makati/PbfzMEizIoc_02292.jpg,sm_makati,test,video:PbfzMEizIoc
video/sm_makati/PbfzMEizIoc_02303.jpg,sm_makati,test,video:PbfzMEizIoc
video/sm_makati/PbfzMEizIoc_02328.jpg,sm_makati,test,video:PbfzMEizIoc
video/sm_makati/PbfzMEizIoc_02348.jpg,sm_makati,test,video:PbfzMEizIoc
video/sm_makati/PbfzMEizIoc_02371.jpg,sm_makati,test,video:PbfzMEizIoc
video/sm_makati/PbfzMEizIoc_02382.jpg,sm_makati,test,video:PbfzMEizIoc
video/sm_makati/PbfzMEizIoc_02394.jpg,sm_makati,test,video:PbfzMEizIoc
video/sm_makati/PbfzMEizIoc_02416.jpg,sm_makati,test,video:PbfzMEizIoc
video/sm_makati/PbfzMEizIoc_02437.jpg,sm_makati,test,video:PbfzMEizIoc
video/sm_makati/PbfzMEizIoc_02457.jpg,sm_makati,test,video:PbfzMEizIoc
video/sm_makati/PbfzMEizIoc_02473.jpg,sm_makati,test,video:PbfzMEizIoc
video/sm_makati/PbfzMEizIoc_02480.jpg,sm_makati,test,video:PbfzMEizIoc
video/sm_makati/PbfzMEizIoc_02502.jpg,sm_makati,test,video:PbfzMEizIoc
video/sm_makati/PbfzMEizIoc_02530.jpg,sm_makati,test,video:PbfzMEizIoc
video/sm_makati/PbfzMEizIoc_02552.jpg,sm_makati,test,video:PbfzMEizIoc
video/sm_makati/PbfzMEizIoc_02563.jpg,sm_makati,test,video:PbfzMEizIoc
video/sm_makati/PbfzMEizIoc_02575.jpg,sm_makati,test,video:PbfzMEizIoc
video/sm_makati/PbfzMEizIoc_02602.jpg,sm_makati,test,video:PbfzMEizIoc
video/sm_makati/PbfzMEizIoc_02629.jpg,sm_makati,test,video:PbfzMEizIoc
video/sm_makati/PbfzMEizIoc_02654.jpg,sm_makati,test,video:PbfzMEizIoc
video/sm_makati/PbfzMEizIoc_02674.jpg,sm_makati,test,video:PbfzMEizIoc
video/sm_makati/PbfzMEizIoc_02702.jpg,sm_makati,test,video:PbfzMEizIoc
video/sm_makati/T01LbSgKTWw_00013.jpg,sm_makati,train,video:T01LbSgKTWw
video/sm_makati/T01LbSgKTWw_00040.jpg,sm_makati,train,video:T01LbSgKTWw
video/sm_makati/T01LbSgKTWw_00068.jpg,sm_makati,train,video:T01LbSgKTWw
video/sm_makati/T01LbSgKTWw_00095.jpg,sm_makati,train,video:T01LbSgKTWw
video/sm_makati/T01LbSgKTWw_00122.jpg,sm_makati,train,video:T01LbSgKTWw
video/sm_makati/T01LbSgKTWw_00149.jpg,sm_makati,train,video:T01LbSgKTWw
video/sm_makati/T01LbSgKTWw_00176.jpg,sm_makati,train,video:T01LbSgKTWw
video/sm_makati/T01LbSgKTWw_00203.jpg,sm_makati,train,video:T01LbSgKTWw
video/sm_makati/T01LbSgKTWw_00231.jpg,sm_makati,train,video:T01LbSgKTWw
video/sm_makati/T01LbSgKTWw_00258.jpg,sm_makati,train,video:T01LbSgKTWw
video/sm_makati/T01LbSgKTWw_00285.jpg,sm_makati,train,video:T01LbSgKTWw
video/sm_makati/T01LbSgKTWw_00312.jpg,sm_makati,train,video:T01LbSgKTWw
video/sm_makati/T01LbSgKTWw_00339.jpg,sm_makati,train,video:T01LbSgKTWw
video/sm_makati/T01LbSgKTWw_00367.jpg,sm_makati,train,video:T01LbSgKTWw
video/sm_makati/T01LbSgKTWw_00394.jpg,sm_makati,train,video:T01LbSgKTWw
video/sm_makati/T01LbSgKTWw_00421.jpg,sm_makati,train,video:T01LbSgKTWw
video/sm_makati/T01LbSgKTWw_00448.jpg,sm_makati,train,video:T01LbSgKTWw
video/sm_makati/T01LbSgKTWw_00475.jpg,sm_makati,train,video:T01LbSgKTWw
video/sm_makati/T01LbSgKTWw_00503.jpg,sm_makati,train,video:T01LbSgKTWw
video/sm_makati/T01LbSgKTWw_00530.jpg,sm_makati,train,video:T01LbSgKTWw
video/sm_makati/T01LbSgKTWw_00557.jpg,sm_makati,train,video:T01LbSgKTWw
video/sm_makati/T01LbSgKTWw_00584.jpg,sm_makati,train,video:T01LbSgKTWw
video/sm_makati/T01LbSgKTWw_00612.jpg,sm_makati,train,video:T01LbSgKTWw
video/sm_makati/T01LbSgKTWw_00639.jpg,sm_makati,train,video:T01LbSgKTWw
video/sm_makati/T01LbSgKTWw_00666.jpg,sm_makati,train,video:T01LbSgKTWw
video/sm_makati/T01LbSgKTWw_00693.jpg,sm_makati,train,video:T01LbSgKTWw
video/sm_makati/T01LbSgKTWw_00720.jpg,sm_makati,train,video:T01LbSgKTWw
video/sm_makati/T01LbSgKTWw_00748.jpg,sm_makati,train,video:T01LbSgKTWw
video/sm_makati/T01LbSgKTWw_00775.jpg,sm_makati,train,video:T01LbSgKTWw
video/sm_makati/T01LbSgKTWw_00802.jpg,sm_makati,train,video:T01LbSgKTWw
video/sm_makati/T01LbSgKTWw_00829.jpg,sm_makati,train,video:T01LbSgKTWw
video/sm_makati/T01LbSgKTWw_00856.jpg,sm_makati,train,video:T01LbSgKTWw
video/sm_makati/T01LbSgKTWw_00884.jpg,sm_makati,train,video:T01LbSgKTWw
video/sm_makati/T01LbSgKTWw_00911.jpg,sm_makati,train,video:T01LbSgKTWw
video/sm_makati/T01LbSgKTWw_00938.jpg,sm_makati,train,video:T01LbSgKTWw
video/sm_makati/T01LbSgKTWw_00965.jpg,sm_makati,train,video:T01LbSgKTWw
video/sm_makati/T01LbSgKTWw_00992.jpg,sm_makati,train,video:T01LbSgKTWw
video/sm_makati/T01LbSgKTWw_01020.jpg,sm_makati,train,video:T01LbSgKTWw
video/sm_makati/T01LbSgKTWw_01047.jpg,sm_makati,train,video:T01LbSgKTWw
video/sm_makati/T01LbSgKTWw_01074.jpg,sm_makati,train,video:T01LbSgKTWw
video/sm_makati/T01LbSgKTWw_01101.jpg,sm_makati,train,video:T01LbSgKTWw
video/sm_makati/T01LbSgKTWw_01128.jpg,sm_makati,train,video:T01LbSgKTWw
video/sm_makati/T01LbSgKTWw_01156.jpg,sm_makati,train,video:T01LbSgKTWw
video/sm_makati/T01LbSgKTWw_01183.jpg,sm_makati,train,video:T01LbSgKTWw
video/sm_makati/T01LbSgKTWw_01210.jpg,sm_makati,train,video:T01LbSgKTWw
video/sm_makati/URdJaXgCoqA_00002.jpg,sm_makati,train,video:URdJaXgCoqA
video/sm_makati/URdJaXgCoqA_00004.jpg,sm_makati,train,video:URdJaXgCoqA
video/sm_makati/URdJaXgCoqA_00006.jpg,sm_makati,train,video:URdJaXgCoqA
video/sm_makati/URdJaXgCoqA_00014.jpg,sm_makati,train,video:URdJaXgCoqA
video/sm_makati/URdJaXgCoqA_00019.jpg,sm_makati,train,video:URdJaXgCoqA
video/sm_makati/URdJaXgCoqA_00045.jpg,sm_makati,train,video:URdJaXgCoqA
video/sm_makati/URdJaXgCoqA_00051.jpg,sm_makati,train,video:URdJaXgCoqA
video/sm_makati/URdJaXgCoqA_00054.jpg,sm_makati,train,video:URdJaXgCoqA
video/sm_makati/URdJaXgCoqA_00056.jpg,sm_makati,train,video:URdJaXgCoqA
video/sm_makati/URdJaXgCoqA_00062.jpg,sm_makati,train,video:URdJaXgCoqA
video/sm_makati/URdJaXgCoqA_00067.jpg,sm_makati,train,video:URdJaXgCoqA
video/sm_makati/URdJaXgCoqA_00074.jpg,sm_makati,train,video:URdJaXgCoqA
video/sm_makati/URdJaXgCoqA_00080.jpg,sm_makati,train,video:URdJaXgCoqA
video/sm_makati/URdJaXgCoqA_00085.jpg,sm_makati,train,video:URdJaXgCoqA
video/sm_makati/URdJaXgCoqA_00092.jpg,sm_makati,train,video:URdJaXgCoqA
video/sm_makati/URdJaXgCoqA_00093.jpg,sm_makati,train,video:URdJaXgCoqA
video/sm_makati/URdJaXgCoqA_00103.jpg,sm_makati,train,video:URdJaXgCoqA
video/sm_makati/URdJaXgCoqA_00110.jpg,sm_makati,train,video:URdJaXgCoqA
video/sm_makati/URdJaXgCoqA_00135.jpg,sm_makati,train,video:URdJaXgCoqA
video/sm_makati/URdJaXgCoqA_00163.jpg,sm_makati,train,video:URdJaXgCoqA
video/sm_makati/URdJaXgCoqA_00176.jpg,sm_makati,train,video:URdJaXgCoqA
video/sm_makati/URdJaXgCoqA_00180.jpg,sm_makati,train,video:URdJaXgCoqA
video/sm_makati/URdJaXgCoqA_00184.jpg,sm_makati,train,video:URdJaXgCoqA
video/sm_makati/URdJaXgCoqA_00189.jpg,sm_makati,train,video:URdJaXgCoqA
video/sm_makati/URdJaXgCoqA_00193.jpg,sm_makati,train,video:URdJaXgCoqA
video/sm_makati/URdJaXgCoqA_00200.jpg,sm_makati,train,video:URdJaXgCoqA
video/sm_makati/URdJaXgCoqA_00210.jpg,sm_makati,train,video:URdJaXgCoqA
video/sm_makati/URdJaXgCoqA_00226.jpg,sm_makati,train,video:URdJaXgCoqA
video/sm_makati/URdJaXgCoqA_00232.jpg,sm_makati,train,video:URdJaXgCoqA
video/sm_makati/URdJaXgCoqA_00253.jpg,sm_makati,train,video:URdJaXgCoqA
video/sm_makati/URdJaXgCoqA_00257.jpg,sm_makati,train,video:URdJaXgCoqA
video/sm_makati/URdJaXgCoqA_00258.jpg,sm_makati,train,video:URdJaXgCoqA
video/sm_makati/WRiLDasXs1s_00014.jpg,sm_makati,val,video:WRiLDasXs1s
video/sm_makati/WRiLDasXs1s_00044.jpg,sm_makati,val,video:WRiLDasXs1s
video/sm_makati/WRiLDasXs1s_00074.jpg,sm_makati,val,video:WRiLDasXs1s
video/sm_makati/WRiLDasXs1s_00104.jpg,sm_makati,val,video:WRiLDasXs1s
video/sm_makati/WRiLDasXs1s_00134.jpg,sm_makati,val,video:WRiLDasXs1s
video/sm_makati/WRiLDasXs1s_00164.jpg,sm_makati,val,video:WRiLDasXs1s
video/sm_makati/WRiLDasXs1s_00194.jpg,sm_makati,val,video:WRiLDasXs1s
video/sm_makati/WRiLDasXs1s_00224.jpg,sm_makati,val,video:WRiLDasXs1s
video/sm_makati/WRiLDasXs1s_00254.jpg,sm_makati,val,video:WRiLDasXs1s
video/sm_makati/WRiLDasXs1s_00284.jpg,sm_makati,val,video:WRiLDasXs1s
video/sm_makati/WRiLDasXs1s_00314.jpg,sm_makati,val,video:WRiLDasXs1s
video/sm_makati/WRiLDasXs1s_00344.jpg,sm_makati,val,video:WRiLDasXs1s
video/sm_makati/WRiLDasXs1s_00374.jpg,sm_makati,val,video:WRiLDasXs1s
video/sm_makati/WRiLDasXs1s_00404.jpg,sm_makati,val,video:WRiLDasXs1s
video/sm_makati/WRiLDasXs1s_00434.jpg,sm_makati,val,video:WRiLDasXs1s
video/sm_makati/WRiLDasXs1s_00463.jpg,sm_makati,val,video:WRiLDasXs1s
video/sm_makati/WRiLDasXs1s_00493.jpg,sm_makati,val,video:WRiLDasXs1s
video/sm_makati/WRiLDasXs1s_00523.jpg,sm_makati,val,video:WRiLDasXs1s
video/sm_makati/WRiLDasXs1s_00553.jpg,sm_makati,val,video:WRiLDasXs1s
video/sm_makati/WRiLDasXs1s_00583.jpg,sm_makati,val,video:WRiLDasXs1s
video/sm_makati/WRiLDasXs1s_00613.jpg,sm_makati,val,video:WRiLDasXs1s
video/sm_makati/WRiLDasXs1s_00643.jpg,sm_makati,val,video:WRiLDasXs1s
video/sm_makati/WRiLDasXs1s_00673.jpg,sm_makati,val,video:WRiLDasXs1s
video/sm_makati/WRiLDasXs1s_00703.jpg,sm_makati,val,video:WRiLDasXs1s
video/sm_makati/WRiLDasXs1s_00733.jpg,sm_makati,val,video:WRiLDasXs1s
video/sm_makati/WRiLDasXs1s_00763.jpg,sm_makati,val,video:WRiLDasXs1s
video/sm_makati/WRiLDasXs1s_00793.jpg,sm_makati,val,video:WRiLDasXs1s
video/sm_makati/WRiLDasXs1s_00823.jpg,sm_makati,val,video:WRiLDasXs1s
video/sm_makati/WRiLDasXs1s_00853.jpg,sm_makati,val,video:WRiLDasXs1s
video/sm_makati/WRiLDasXs1s_00883.jpg,sm_makati,val,video:WRiLDasXs1s
video/sm_makati/WRiLDasXs1s_00912.jpg,sm_makati,val,video:WRiLDasXs1s
video/sm_makati/WRiLDasXs1s_00942.jpg,sm_makati,val,video:WRiLDasXs1s
video/sm_makati/WRiLDasXs1s_00972.jpg,sm_makati,val,video:WRiLDasXs1s
video/sm_makati/WRiLDasXs1s_01002.jpg,sm_makati,val,video:WRiLDasXs1s
video/sm_makati/WRiLDasXs1s_01032.jpg,sm_makati,val,video:WRiLDasXs1s
video/sm_makati/WRiLDasXs1s_01062.jpg,sm_makati,val,video:WRiLDasXs1s
video/sm_makati/WRiLDasXs1s_01092.jpg,sm_makati,val,video:WRiLDasXs1s
video/sm_makati/WRiLDasXs1s_01122.jpg,sm_makati,val,video:WRiLDasXs1s
video/sm_makati/_N1pqnmIB64_00013.jpg,sm_makati,train,video:_N1pqnmIB64
video/sm_makati/_N1pqnmIB64_00066.jpg,sm_makati,train,video:_N1pqnmIB64
video/sm_makati/_N1pqnmIB64_00093.jpg,sm_makati,train,video:_N1pqnmIB64
video/sm_makati/_N1pqnmIB64_00119.jpg,sm_makati,train,video:_N1pqnmIB64
video/sm_makati/_N1pqnmIB64_00146.jpg,sm_makati,train,video:_N1pqnmIB64
video/sm_makati/_N1pqnmIB64_00172.jpg,sm_makati,train,video:_N1pqnmIB64
video/sm_makati/_N1pqnmIB64_00199.jpg,sm_makati,train,video:_N1pqnmIB64
video/sm_makati/_N1pqnmIB64_00225.jpg,sm_makati,train,video:_N1pqnmIB64
video/sm_makati/_N1pqnmIB64_00252.jpg,sm_makati,train,video:_N1pqnmIB64
video/sm_makati/_N1pqnmIB64_00279.jpg,sm_makati,train,video:_N1pqnmIB64
video/sm_makati/_N1pqnmIB64_00305.jpg,sm_makati,train,video:_N1pqnmIB64
video/sm_makati/_N1pqnmIB64_00332.jpg,sm_makati,train,video:_N1pqnmIB64
video/sm_makati/_N1pqnmIB64_00358.jpg,sm_makati,train,video:_N1pqnmIB64
video/sm_makati/_N1pqnmIB64_00385.jpg,sm_makati,train,video:_N1pqnmIB64
video/sm_makati/_N1pqnmIB64_00411.jpg,sm_makati,train,video:_N1pqnmIB64
video/sm_makati/_N1pqnmIB64_00438.jpg,sm_makati,train,video:_N1pqnmIB64
video/sm_makati/_N1pqnmIB64_00465.jpg,sm_makati,train,video:_N1pqnmIB64
video/sm_makati/_N1pqnmIB64_00491.jpg,sm_makati,train,video:_N1pqnmIB64
video/sm_makati/_N1pqnmIB64_00518.jpg,sm_makati,train,video:_N1pqnmIB64
video/sm_makati/_N1pqnmIB64_00544.jpg,sm_makati,train,video:_N1pqnmIB64
video/sm_makati/_N1pqnmIB64_00571.jpg,sm_makati,train,video:_N1pqnmIB64
video/sm_makati/_N1pqnmIB64_00598.jpg,sm_makati,train,video:_N1pqnmIB64
video/sm_makati/_N1pqnmIB64_00624.jpg,sm_makati,train,video:_N1pqnmIB64
video/sm_makati/_N1pqnmIB64_00651.jpg,sm_makati,train,video:_N1pqnmIB64
video/sm_makati/_N1pqnmIB64_00677.jpg,sm_makati,train,video:_N1pqnmIB64
video/sm_makati/_N1pqnmIB64_00704.jpg,sm_makati,train,video:_N1pqnmIB64
video/sm_makati/_N1pqnmIB64_00730.jpg,sm_makati,train,video:_N1pqnmIB64
video/sm_makati/_N1pqnmIB64_00757.jpg,sm_makati,train,video:_N1pqnmIB64
video/sm_makati/_N1pqnmIB64_00784.jpg,sm_makati,train,video:_N1pqnmIB64
video/sm_makati/_N1pqnmIB64_00810.jpg,sm_makati,train,video:_N1pqnmIB64
video/sm_makati/_N1pqnmIB64_00837.jpg,sm_makati,train,video:_N1pqnmIB64
video/sm_makati/_N1pqnmIB64_00863.jpg,sm_makati,train,video:_N1pqnmIB64
video/sm_makati/_N1pqnmIB64_00890.jpg,sm_makati,train,video:_N1pqnmIB64
video/sm_makati/_N1pqnmIB64_00916.jpg,sm_makati,train,video:_N1pqnmIB64
video/sm_makati/_N1pqnmIB64_00943.jpg,sm_makati,train,video:_N1pqnmIB64
video/sm_makati/_N1pqnmIB64_00970.jpg,sm_makati,train,video:_N1pqnmIB64
video/sm_makati/_N1pqnmIB64_00996.jpg,sm_makati,train,video:_N1pqnmIB64
video/sm_makati/_N1pqnmIB64_01023.jpg,sm_makati,train,video:_N1pqnmIB64
video/sm_makati/_N1pqnmIB64_01049.jpg,sm_makati,train,video:_N1pqnmIB64
video/sm_makati/_N1pqnmIB64_01076.jpg,sm_makati,train,video:_N1pqnmIB64
video/sm_makati/_N1pqnmIB64_01102.jpg,sm_makati,train,video:_N1pqnmIB64
video/sm_makati/_N1pqnmIB64_01129.jpg,sm_makati,train,video:_N1pqnmIB64
video/sm_makati/_N1pqnmIB64_01156.jpg,sm_makati,train,video:_N1pqnmIB64
video/sm_makati/kjd6VMUwSGg_00252.jpg,sm_makati,test,video:kjd6VMUwSGg
video/sm_makati/kjd6VMUwSGg_00291.jpg,sm_makati,test,video:kjd6VMUwSGg
video/sm_makati/kjd6VMUwSGg_00330.jpg,sm_makati,test,video:kjd6VMUwSGg
video/sm_makati/kjd6VMUwSGg_00369.jpg,sm_makati,test,video:kjd6VMUwSGg
video/sm_makati/kjd6VMUwSGg_00408.jpg,sm_makati,test,video:kjd6VMUwSGg
video/sm_makati/kjd6VMUwSGg_00446.jpg,sm_makati,test,video:kjd6VMUwSGg
video/sm_makati/kjd6VMUwSGg_00485.jpg,sm_makati,test,video:kjd6VMUwSGg
video/sm_makati/kjd6VMUwSGg_00524.jpg,sm_makati,test,video:kjd6VMUwSGg
video/sm_makati/kjd6VMUwSGg_00563.jpg,sm_makati,test,video:kjd6VMUwSGg
video/sm_makati/kjd6VMUwSGg_00602.jpg,sm_makati,test,video:kjd6VMUwSGg
video/sm_makati/kjd6VMUwSGg_00641.jpg,sm_makati,test,video:kjd6VMUwSGg
video/sm_makati/kjd6VMUwSGg_00680.jpg,sm_makati,test,video:kjd6VMUwSGg
video/sm_makati/kjd6VMUwSGg_00719.jpg,sm_makati,test,video:kjd6VMUwSGg
video/sm_makati/kjd6VMUwSGg_00757.jpg,sm_makati,test,video:kjd6VMUwSGg
video/sm_makati/kjd6VMUwSGg_00796.jpg,sm_makati,test,video:kjd6VMUwSGg
video/sm_makati/kjd6VMUwSGg_00835.jpg,sm_makati,test,video:kjd6VMUwSGg
video/sm_makati/kjd6VMUwSGg_00874.jpg,sm_makati,test,video:kjd6VMUwSGg
video/sm_makati/kjd6VMUwSGg_00913.jpg,sm_makati,test,video:kjd6VMUwSGg
video/sm_makati/kjd6VMUwSGg_00952.jpg,sm_makati,test,video:kjd6VMUwSGg
video/sm_makati/kjd6VMUwSGg_00991.jpg,sm_makati,test,video:kjd6VMUwSGg
video/sm_makati/kjd6VMUwSGg_01029.jpg,sm_makati,test,video:kjd6VMUwSGg
video/sm_makati/kjd6VMUwSGg_01068.jpg,sm_makati,test,video:kjd6VMUwSGg
video/sm_makati/kjd6VMUwSGg_01107.jpg,sm_makati,test,video:kjd6VMUwSGg
video/sm_makati/kjd6VMUwSGg_01146.jpg,sm_makati,test,video:kjd6VMUwSGg
video/sm_makati/kjd6VMUwSGg_01185.jpg,sm_makati,test,video:kjd6VMUwSGg
video/sm_makati/kjd6VMUwSGg_01224.jpg,sm_makati,test,video:kjd6VMUwSGg
video/sm_makati/kjd6VMUwSGg_01263.jpg,sm_makati,test,video:kjd6VMUwSGg
video/sm_makati/kjd6VMUwSGg_01302.jpg,sm_makati,test,video:kjd6VMUwSGg
video/sm_makati/kjd6VMUwSGg_01340.jpg,sm_makati,test,video:kjd6VMUwSGg
video/sm_makati/kjd6VMUwSGg_01379.jpg,sm_makati,test,video:kjd6VMUwSGg
video/sm_makati/kjd6VMUwSGg_01418.jpg,sm_makati,test,video:kjd6VMUwSGg
video/sm_makati/kjd6VMUwSGg_01457.jpg,sm_makati,test,video:kjd6VMUwSGg
video/sm_makati/kjd6VMUwSGg_01496.jpg,sm_makati,test,video:kjd6VMUwSGg
video/sm_makati/kjd6VMUwSGg_01535.jpg,sm_makati,test,video:kjd6VMUwSGg
video/sm_makati/kjd6VMUwSGg_01574.jpg,sm_makati,test,video:kjd6VMUwSGg
video/sm_makati/kjd6VMUwSGg_01612.jpg,sm_makati,test,video:kjd6VMUwSGg
video/sm_makati/nSYGFuBlX0s_00000.jpg,sm_makati,train,video:nSYGFuBlX0s
video/sm_makati/nSYGFuBlX0s_00001.jpg,sm_makati,train,video:nSYGFuBlX0s
video/sm_makati/nSYGFuBlX0s_00002.jpg,sm_makati,train,video:nSYGFuBlX0s
video/sm_makati/nSYGFuBlX0s_00003.jpg,sm_makati,train,video:nSYGFuBlX0s
video/sm_makati/nSYGFuBlX0s_00004.jpg,sm_makati,train,video:nSYGFuBlX0s
video/sm_makati/nSYGFuBlX0s_00005.jpg,sm_makati,train,video:nSYGFuBlX0s
video/sm_makati/nSYGFuBlX0s_00006.jpg,sm_makati,train,video:nSYGFuBlX0s
video/sm_makati/nSYGFuBlX0s_00007.jpg,sm_makati,train,video:nSYGFuBlX0s
video/sm_makati/nSYGFuBlX0s_00008.jpg,sm_makati,train,video:nSYGFuBlX0s
video/sm_makati/nSYGFuBlX0s_00009.jpg,sm_makati,train,video:nSYGFuBlX0s
video/sm_makati/nSYGFuBlX0s_00010.jpg,sm_makati,train,video:nSYGFuBlX0s
video/sm_makati/nSYGFuBlX0s_00011.jpg,sm_makati,train,video:nSYGFuBlX0s
video/sm_makati/nSYGFuBlX0s_00012.jpg,sm_makati,train,video:nSYGFuBlX0s
video/sm_makati/nSYGFuBlX0s_00013.jpg,sm_makati,train,video:nSYGFuBlX0s
video/sm_makati/nSYGFuBlX0s_00014.jpg,sm_makati,train,video:nSYGFuBlX0s
video/sm_makati/nSYGFuBlX0s_00015.jpg,sm_makati,train,video:nSYGFuBlX0s
video/sm_makati/nSYGFuBlX0s_00016.jpg,sm_makati,train,video:nSYGFuBlX0s
video/sm_makati/nSYGFuBlX0s_00017.jpg,sm_makati,train,video:nSYGFuBlX0s
video/sm_makati/nSYGFuBlX0s_00018.jpg,sm_makati,train,video:nSYGFuBlX0s
video/sm_makati/nSYGFuBlX0s_00019.jpg,sm_makati,train,video:nSYGFuBlX0s
video/sm_makati/nSYGFuBlX0s_00020.jpg,sm_makati,train,video:nSYGFuBlX0s
video/sm_makati/nSYGFuBlX0s_00021.jpg,sm_makati,train,video:nSYGFuBlX0s
video/sm_makati/nSYGFuBlX0s_00022.jpg,sm_makati,train,video:nSYGFuBlX0s
video/sm_makati/nSYGFuBlX0s_00023.jpg,sm_makati,train,video:nSYGFuBlX0s
video/sm_makati/nSYGFuBlX0s_00024.jpg,sm_makati,train,video:nSYGFuBlX0s
video/sm_makati/nSYGFuBlX0s_00025.jpg,sm_makati,train,video:nSYGFuBlX0s
video/sm_makati/nSYGFuBlX0s_00026.jpg,sm_makati,train,video:nSYGFuBlX0s
video/sm_makati/nSYGFuBlX0s_00027.jpg,sm_makati,train,video:nSYGFuBlX0s
video/sm_makati/nSYGFuBlX0s_00028.jpg,sm_makati,train,video:nSYGFuBlX0s
video/sm_makati/nSYGFuBlX0s_00029.jpg,sm_makati,train,video:nSYGFuBlX0s
video/sm_makati/nSYGFuBlX0s_00030.jpg,sm_makati,train,video:nSYGFuBlX0s
video/sm_makati/nSYGFuBlX0s_00031.jpg,sm_makati,train,video:nSYGFuBlX0s
video/sm_makati/nSYGFuBlX0s_00032.jpg,sm_makati,train,video:nSYGFuBlX0s
video/sm_makati/nSYGFuBlX0s_00033.jpg,sm_makati,train,video:nSYGFuBlX0s
video/sm_makati/nSYGFuBlX0s_00034.jpg,sm_makati,train,video:nSYGFuBlX0s
video/sm_makati/nSYGFuBlX0s_00035.jpg,sm_makati,train,video:nSYGFuBlX0s
video/sm_makati/nSYGFuBlX0s_00036.jpg,sm_makati,train,video:nSYGFuBlX0s
video/sm_makati/nSYGFuBlX0s_00037.jpg,sm_makati,train,video:nSYGFuBlX0s
video/sm_makati/nSYGFuBlX0s_00038.jpg,sm_makati,train,video:nSYGFuBlX0s
video/sm_makati/nSYGFuBlX0s_00039.jpg,sm_makati,train,video:nSYGFuBlX0s
video/sm_makati/nSYGFuBlX0s_00040.jpg,sm_makati,train,video:nSYGFuBlX0s
video/sm_makati/nSYGFuBlX0s_00041.jpg,sm_makati,train,video:nSYGFuBlX0s
video/sm_makati/nSYGFuBlX0s_00042.jpg,sm_makati,train,video:nSYGFuBlX0s
video/sm_makati/nSYGFuBlX0s_00043.jpg,sm_makati,train,video:nSYGFuBlX0s
video/sm_makati/nSYGFuBlX0s_00044.jpg,sm_makati,train,video:nSYGFuBlX0s
video/sm_makati/nSYGFuBlX0s_00045.jpg,sm_makati,train,video:nSYGFuBlX0s
video/sm_makati/nSYGFuBlX0s_00046.jpg,sm_makati,train,video:nSYGFuBlX0s
video/sm_makati/nSYGFuBlX0s_00047.jpg,sm_makati,train,video:nSYGFuBlX0s
video/sm_makati/nSYGFuBlX0s_00048.jpg,sm_makati,train,video:nSYGFuBlX0s
video/sm_makati/nSYGFuBlX0s_00049.jpg,sm_makati,train,video:nSYGFuBlX0s
video/sm_makati/nSYGFuBlX0s_00050.jpg,sm_makati,train,video:nSYGFuBlX0s
video/sm_makati/nSYGFuBlX0s_00051.jpg,sm_makati,train,video:nSYGFuBlX0s
video/sm_makati/nSYGFuBlX0s_00052.jpg,sm_makati,train,video:nSYGFuBlX0s
video/sm_makati/nSYGFuBlX0s_00053.jpg,sm_makati,train,video:nSYGFuBlX0s
video/sm_makati/nSYGFuBlX0s_00054.jpg,sm_makati,train,video:nSYGFuBlX0s
video/sm_makati/nSYGFuBlX0s_00055.jpg,sm_makati,train,video:nSYGFuBlX0s
video/sm_makati/nSYGFuBlX0s_00056.jpg,sm_makati,train,video:nSYGFuBlX0s
video/sm_makati/nSYGFuBlX0s_00057.jpg,sm_makati,train,video:nSYGFuBlX0s
video/sm_makati/nSYGFuBlX0s_00058.jpg,sm_makati,train,video:nSYGFuBlX0s
video/sm_makati/nSYGFuBlX0s_00059.jpg,sm_makati,train,video:nSYGFuBlX0s
video/sm_makati/nSYGFuBlX0s_00060.jpg,sm_makati,train,video:nSYGFuBlX0s
video/sm_makati/nSYGFuBlX0s_00061.jpg,sm_makati,train,video:nSYGFuBlX0s
video/sm_makati/nSYGFuBlX0s_00062.jpg,sm_makati,train,video:nSYGFuBlX0s
video/sm_makati/nSYGFuBlX0s_00063.jpg,sm_makati,train,video:nSYGFuBlX0s
video/sm_makati/nSYGFuBlX0s_00064.jpg,sm_makati,train,video:nSYGFuBlX0s
video/sm_makati/nSYGFuBlX0s_00065.jpg,sm_makati,train,video:nSYGFuBlX0s
video/sm_makati/nSYGFuBlX0s_00066.jpg,sm_makati,train,video:nSYGFuBlX0s
video/sm_makati/nSYGFuBlX0s_00067.jpg,sm_makati,train,video:nSYGFuBlX0s
video/sm_makati/nSYGFuBlX0s_00068.jpg,sm_makati,train,video:nSYGFuBlX0s
video/sm_makati/nSYGFuBlX0s_00069.jpg,sm_makati,train,video:nSYGFuBlX0s
video/sm_makati/nSYGFuBlX0s_00070.jpg,sm_makati,train,video:nSYGFuBlX0s
video/sm_makati/nSYGFuBlX0s_00071.jpg,sm_makati,train,video:nSYGFuBlX0s
video/sm_makati/nSYGFuBlX0s_00072.jpg,sm_makati,train,video:nSYGFuBlX0s
video/sm_makati/nSYGFuBlX0s_00073.jpg,sm_makati,train,video:nSYGFuBlX0s
video/sm_makati/nSYGFuBlX0s_00074.jpg,sm_makati,train,video:nSYGFuBlX0s
video/sm_makati/nSYGFuBlX0s_00075.jpg,sm_makati,train,video:nSYGFuBlX0s
video/sm_makati/nSYGFuBlX0s_00076.jpg,sm_makati,train,video:nSYGFuBlX0s
video/sm_makati/nSYGFuBlX0s_00077.jpg,sm_makati,train,video:nSYGFuBlX0s
video/sm_makati/nSYGFuBlX0s_00078.jpg,sm_makati,train,video:nSYGFuBlX0s
video/sm_makati/nSYGFuBlX0s_00079.jpg,sm_makati,train,video:nSYGFuBlX0s
video/sm_makati/nSYGFuBlX0s_00080.jpg,sm_makati,train,video:nSYGFuBlX0s
video/sm_makati/nSYGFuBlX0s_00081.jpg,sm_makati,train,video:nSYGFuBlX0s
video/sm_makati/nSYGFuBlX0s_00082.jpg,sm_makati,train,video:nSYGFuBlX0s
video/sm_makati/nSYGFuBlX0s_00083.jpg,sm_makati,train,video:nSYGFuBlX0s
video/sm_makati/nSYGFuBlX0s_00084.jpg,sm_makati,train,video:nSYGFuBlX0s
video/sm_makati/nSYGFuBlX0s_00085.jpg,sm_makati,train,video:nSYGFuBlX0s
video/sm_makati/nSYGFuBlX0s_00086.jpg,sm_makati,train,video:nSYGFuBlX0s
video/sm_makati/nSYGFuBlX0s_00087.jpg,sm_makati,train,video:nSYGFuBlX0s
video/sm_makati/nSYGFuBlX0s_00088.jpg,sm_makati,train,video:nSYGFuBlX0s
video/sm_makati/nSYGFuBlX0s_00089.jpg,sm_makati,train,video:nSYGFuBlX0s
video/sm_makati/nSYGFuBlX0s_00090.jpg,sm_makati,train,video:nSYGFuBlX0s
video/sm_makati/nSYGFuBlX0s_00091.jpg,sm_makati,train,video:nSYGFuBlX0s
video/sm_makati/nSYGFuBlX0s_00092.jpg,sm_makati,train,video:nSYGFuBlX0s
video/sm_makati/nSYGFuBlX0s_00093.jpg,sm_makati,train,video:nSYGFuBlX0s
video/sm_makati/nSYGFuBlX0s_00094.jpg,sm_makati,train,video:nSYGFuBlX0s
video/sm_makati/nSYGFuBlX0s_00095.jpg,sm_makati,train,video:nSYGFuBlX0s
video/sm_makati/nSYGFuBlX0s_00096.jpg,sm_makati,train,video:nSYGFuBlX0s
video/sm_makati/nSYGFuBlX0s_00097.jpg,sm_makati,train,video:nSYGFuBlX0s
video/sm_makati/nSYGFuBlX0s_00098.jpg,sm_makati,train,video:nSYGFuBlX0s
video/sm_makati/nSYGFuBlX0s_00100.jpg,sm_makati,train,video:nSYGFuBlX0s
video/sm_makati/nSYGFuBlX0s_00101.jpg,sm_makati,train,video:nSYGFuBlX0s
video/sm_makati/nSYGFuBlX0s_00102.jpg,sm_makati,train,video:nSYGFuBlX0s
video/sm_makati/nSYGFuBlX0s_00103.jpg,sm_makati,train,video:nSYGFuBlX0s
video/sm_makati/nSYGFuBlX0s_00104.jpg,sm_makati,train,video:nSYGFuBlX0s
video/sm_makati/nSYGFuBlX0s_00105.jpg,sm_makati,train,video:nSYGFuBlX0s
video/sm_makati/nSYGFuBlX0s_00106.jpg,sm_makati,train,video:nSYGFuBlX0s
video/sm_makati/nSYGFuBlX0s_00107.jpg,sm_makati,train,video:nSYGFuBlX0s
video/sm_makati/nSYGFuBlX0s_00108.jpg,sm_makati,train,video:nSYGFuBlX0s
video/sm_makati/nSYGFuBlX0s_00109.jpg,sm_makati,train,video:nSYGFuBlX0s
video/sm_makati/nSYGFuBlX0s_00110.jpg,sm_makati,train,video:nSYGFuBlX0s
video/sm_makati/nSYGFuBlX0s_00111.jpg,sm_makati,train,video:nSYGFuBlX0s
video/sm_makati/nSYGFuBlX0s_00112.jpg,sm_makati,train,video:nSYGFuBlX0s
video/sm_makati/nSYGFuBlX0s_00113.jpg,sm_makati,train,video:nSYGFuBlX0s
video/sm_makati/nSYGFuBlX0s_00114.jpg,sm_makati,train,video:nSYGFuBlX0s
video/sm_makati/nSYGFuBlX0s_00115.jpg,sm_makati,train,video:nSYGFuBlX0s
video/sm_makati/nSYGFuBlX0s_00116.jpg,sm_makati,train,video:nSYGFuBlX0s
video/sm_makati/pQQWVeRQt1w_00006.jpg,sm_makati,train,video:pQQWVeRQt1w
video/sm_makati/pQQWVeRQt1w_00007.jpg,sm_makati,train,video:pQQWVeRQt1w
video/sm_makati/pQQWVeRQt1w_00008.jpg,sm_makati,train,video:pQQWVeRQt1w
video/sm_makati/pQQWVeRQt1w_00010.jpg,sm_makati,train,video:pQQWVeRQt1w
video/sm_makati/pQQWVeRQt1w_00011.jpg,sm_makati,train,video:pQQWVeRQt1w
video/sm_makati/pQQWVeRQt1w_00013.jpg,sm_makati,train,video:pQQWVeRQt1w
video/sm_makati/pQQWVeRQt1w_00015.jpg,sm_makati,train,video:pQQWVeRQt1w
video/sm_makati/pQQWVeRQt1w_00016.jpg,sm_makati,train,video:pQQWVeRQt1w
video/sm_makati/pQQWVeRQt1w_00020.jpg,sm_makati,train,video:pQQWVeRQt1w
video/sm_makati/pQQWVeRQt1w_00021.jpg,sm_makati,train,video:pQQWVeRQt1w
video/sm_makati/pQQWVeRQt1w_00022.jpg,sm_makati,train,video:pQQWVeRQt1w
video/sm_makati/pQQWVeRQt1w_00026.jpg,sm_makati,train,video:pQQWVeRQt1w
video/sm_makati/pQQWVeRQt1w_00028.jpg,sm_makati,train,video:pQQWVeRQt1w
video/sm_makati/pQQWVeRQt1w_00030.jpg,sm_makati,train,video:pQQWVeRQt1w
video/sm_makati/pQQWVeRQt1w_00034.jpg,sm_makati,train,video:pQQWVeRQt1w
video/sm_makati/qmEd6Q1P6Vs_00022.jpg,sm_makati,val,video:qmEd6Q1P6Vs
video/sm_makati/qmEd6Q1P6Vs_00068.jpg,sm_makati,val,video:qmEd6Q1P6Vs
video/sm_makati/qmEd6Q1P6Vs_00114.jpg,sm_makati,val,video:qmEd6Q1P6Vs
video/sm_makati/qmEd6Q1P6Vs_00159.jpg,sm_makati,val,video:qmEd6Q1P6Vs
video/sm_makati/qmEd6Q1P6Vs_00205.jpg,sm_makati,val,video:qmEd6Q1P6Vs
video/sm_makati/qmEd6Q1P6Vs_00250.jpg,sm_makati,val,video:qmEd6Q1P6Vs
video/sm_makati/qmEd6Q1P6Vs_00296.jpg,sm_makati,val,video:qmEd6Q1P6Vs
video/sm_makati/qmEd6Q1P6Vs_00342.jpg,sm_makati,val,video:qmEd6Q1P6Vs
video/sm_makati/qmEd6Q1P6Vs_00387.jpg,sm_makati,val,video:qmEd6Q1P6Vs
video/sm_makati/qmEd6Q1P6Vs_00433.jpg,sm_makati,val,video:qmEd6Q1P6Vs
video/sm_makati/qmEd6Q1P6Vs_00478.jpg,sm_makati,val,video:qmEd6Q1P6Vs
video/sm_makati/qmEd6Q1P6Vs_00524.jpg,sm_makati,val,video:qmEd6Q1P6Vs
video/sm_makati/qmEd6Q1P6Vs_00570.jpg,sm_makati,val,video:qmEd6Q1P6Vs
video/sm_makati/qmEd6Q1P6Vs_00615.jpg,sm_makati,val,video:qmEd6Q1P6Vs
video/sm_makati/qmEd6Q1P6Vs_00661.jpg,sm_makati,val,video:qmEd6Q1P6Vs
video/sm_makati/qmEd6Q1P6Vs_00706.jpg,sm_makati,val,video:qmEd6Q1P6Vs
video/sm_makati/qmEd6Q1P6Vs_00752.jpg,sm_makati,val,video:qmEd6Q1P6Vs
video/sm_makati/qmEd6Q1P6Vs_00798.jpg,sm_makati,val,video:qmEd6Q1P6Vs
video/sm_makati/qmEd6Q1P6Vs_00843.jpg,sm_makati,val,video:qmEd6Q1P6Vs
video/sm_makati/qmEd6Q1P6Vs_00889.jpg,sm_makati,val,video:qmEd6Q1P6Vs
video/sm_makati/qmEd6Q1P6Vs_00934.jpg,sm_makati,val,video:qmEd6Q1P6Vs
video/sm_makati/qmEd6Q1P6Vs_00980.jpg,sm_makati,val,video:qmEd6Q1P6Vs
video/sm_makati/qmEd6Q1P6Vs_01071.jpg,sm_makati,val,video:qmEd6Q1P6Vs
video/sm_makati/qmEd6Q1P6Vs_01117.jpg,sm_makati,val,video:qmEd6Q1P6Vs
video/sm_makati/qmEd6Q1P6Vs_01162.jpg,sm_makati,val,video:qmEd6Q1P6Vs
video/sm_makati/qmEd6Q1P6Vs_01208.jpg,sm_makati,val,video:qmEd6Q1P6Vs
video/sm_makati/qmEd6Q1P6Vs_01253.jpg,sm_makati,val,video:qmEd6Q1P6Vs
video/sm_makati/qmEd6Q1P6Vs_01299.jpg,sm_makati,val,video:qmEd6Q1P6Vs
video/sm_makati/qmEd6Q1P6Vs_01345.jpg,sm_makati,val,video:qmEd6Q1P6Vs
video/sm_makati/qmEd6Q1P6Vs_01390.jpg,sm_makati,val,video:qmEd6Q1P6Vs
video/sm_makati/qmEd6Q1P6Vs_01436.jpg,sm_makati,val,video:qmEd6Q1P6Vs
video/sm_makati/qmEd6Q1P6Vs_01481.jpg,sm_makati,val,video:qmEd6Q1P6Vs
video/sm_makati/qmEd6Q1P6Vs_01527.jpg,sm_makati,val,video:qmEd6Q1P6Vs
video/sm_makati/qmEd6Q1P6Vs_01573.jpg,sm_makati,val,video:qmEd6Q1P6Vs
video/sm_makati/qmEd6Q1P6Vs_01618.jpg,sm_makati,val,video:qmEd6Q1P6Vs
video/sm_makati/qmEd6Q1P6Vs_01664.jpg,sm_makati,val,video:qmEd6Q1P6Vs
video/sm_makati/qmEd6Q1P6Vs_01709.jpg,sm_makati,val,video:qmEd6Q1P6Vs
video/sm_makati/qmEd6Q1P6Vs_01755.jpg,sm_makati,val,video:qmEd6Q1P6Vs
video/sm_makati/qmEd6Q1P6Vs_01801.jpg,sm_makati,val,video:qmEd6Q1P6Vs
video/sm_makati/qmEd6Q1P6Vs_01846.jpg,sm_makati,val,video:qmEd6Q1P6Vs
video/sm_makati/qmEd6Q1P6Vs_01892.jpg,sm_makati,val,video:qmEd6Q1P6Vs
video/sm_makati/tge16fd2bE0_00087.jpg,sm_makati,val,video:tge16fd2bE0
video/sm_makati/tge16fd2bE0_00121.jpg,sm_makati,val,video:tge16fd2bE0
video/sm_makati/tge16fd2bE0_00156.jpg,sm_makati,val,video:tge16fd2bE0
video/sm_makati/tge16fd2bE0_00191.jpg,sm_makati,val,video:tge16fd2bE0
video/sm_makati/tge16fd2bE0_00226.jpg,sm_makati,val,video:tge16fd2bE0
video/sm_makati/tge16fd2bE0_00261.jpg,sm_makati,val,video:tge16fd2bE0
video/sm_makati/tge16fd2bE0_00295.jpg,sm_makati,val,video:tge16fd2bE0
video/sm_makati/tge16fd2bE0_00330.jpg,sm_makati,val,video:tge16fd2bE0
video/sm_makati/tge16fd2bE0_00365.jpg,sm_makati,val,video:tge16fd2bE0
video/sm_makati/tge16fd2bE0_00400.jpg,sm_makati,val,video:tge16fd2bE0
video/sm_makati/tge16fd2bE0_00435.jpg,sm_makati,val,video:tge16fd2bE0
video/sm_makati/tge16fd2bE0_00470.jpg,sm_makati,val,video:tge16fd2bE0
video/sm_makati/tge16fd2bE0_00504.jpg,sm_makati,val,video:tge16fd2bE0
video/sm_makati/tge16fd2bE0_00539.jpg,sm_makati,val,video:tge16fd2bE0
video/sm_makati/tge16fd2bE0_00574.jpg,sm_makati,val,video:tge16fd2bE0
video/sm_makati/tge16fd2bE0_00609.jpg,sm_makati,val,video:tge16fd2bE0
video/sm_makati/tge16fd2bE0_00644.jpg,sm_makati,val,video:tge16fd2bE0
video/sm_makati/tge16fd2bE0_00679.jpg,sm_makati,val,video:tge16fd2bE0
video/sm_makati/tge16fd2bE0_00713.jpg,sm_makati,val,video:tge16fd2bE0
video/sm_makati/tge16fd2bE0_00748.jpg,sm_makati,val,video:tge16fd2bE0
video/sm_makati/tge16fd2bE0_00783.jpg,sm_makati,val,video:tge16fd2bE0
video/sm_makati/tge16fd2bE0_00818.jpg,sm_makati,val,video:tge16fd2bE0
video/sm_makati/tge16fd2bE0_00853.jpg,sm_makati,val,video:tge16fd2bE0
video/sm_makati/tge16fd2bE0_00887.jpg,sm_makati,val,video:tge16fd2bE0
video/sm_makati/tge16fd2bE0_00922.jpg,sm_makati,val,video:tge16fd2bE0
video/sm_makati/tge16fd2bE0_00957.jpg,sm_makati,val,video:tge16fd2bE0
video/sm_makati/tge16fd2bE0_00992.jpg,sm_makati,val,video:tge16fd2bE0
video/sm_makati/tge16fd2bE0_01027.jpg,sm_makati,val,video:tge16fd2bE0
video/sm_makati/tge16fd2bE0_01062.jpg,sm_makati,val,video:tge16fd2bE0
video/sm_makati/tge16fd2bE0_01096.jpg,sm_makati,val,video:tge16fd2bE0
video/sm_makati/tge16fd2bE0_01131.jpg,sm_makati,val,video:tge16fd2bE0
video/sm_makati/tge16fd2bE0_01166.jpg,sm_makati,val,video:tge16fd2bE0
video/sm_makati/tge16fd2bE0_01201.jpg,sm_makati,val,video:tge16fd2bE0
video/sm_makati/tge16fd2bE0_01236.jpg,sm_makati,val,video:tge16fd2bE0
video/sm_makati/tge16fd2bE0_01271.jpg,sm_makati,val,video:tge16fd2bE0
video/sm_makati/tge16fd2bE0_01305.jpg,sm_makati,val,video:tge16fd2bE0
video/sm_makati/tge16fd2bE0_01340.jpg,sm_makati,val,video:tge16fd2bE0
video/sm_makati/tge16fd2bE0_01375.jpg,sm_makati,val,video:tge16fd2bE0
video/sm_makati/tge16fd2bE0_01410.jpg,sm_makati,val,video:tge16fd2bE0
video/sm_makati/tge16fd2bE0_01445.jpg,sm_makati,val,video:tge16fd2bE0
video/sm_makati/tge16fd2bE0_01479.jpg,sm_makati,val,video:tge16fd2bE0
video/sm_makati/tge16fd2bE0_01514.jpg,sm_makati,val,video:tge16fd2bE0
video/sm_makati/tge16fd2bE0_01549.jpg,sm_makati,val,video:tge16fd2bE0
video/sm_makati/v-kF9bfF_tI_00020.jpg,sm_makati,train,video:v-kF9bfF_tI
video/sm_makati/v-kF9bfF_tI_00061.jpg,sm_makati,train,video:v-kF9bfF_tI
video/sm_makati/v-kF9bfF_tI_00184.jpg,sm_makati,train,video:v-kF9bfF_tI
video/sm_makati/v-kF9bfF_tI_00225.jpg,sm_makati,train,video:v-kF9bfF_tI
video/sm_makati/v-kF9bfF_tI_00266.jpg,sm_makati,train,video:v-kF9bfF_tI
video/sm_makati/v-kF9bfF_tI_00307.jpg,sm_makati,train,video:v-kF9bfF_tI
video/sm_makati/v-kF9bfF_tI_00348.jpg,sm_makati,train,video:v-kF9bfF_tI
video/sm_makati/v-kF9bfF_tI_00389.jpg,sm_makati,train,video:v-kF9bfF_tI
video/sm_makati/v-kF9bfF_tI_00430.jpg,sm_makati,train,video:v-kF9bfF_tI
video/sm_makati/v-kF9bfF_tI_00471.jpg,sm_makati,train,video:v-kF9bfF_tI
video/sm_makati/v-kF9bfF_tI_00512.jpg,sm_makati,train,video:v-kF9bfF_tI
video/sm_makati/v-kF9bfF_tI_00553.jpg,sm_makati,train,video:v-kF9bfF_tI
video/sm_makati/v-kF9bfF_tI_00594.jpg,sm_makati,train,video:v-kF9bfF_tI
video/sm_makati/v-kF9bfF_tI_00635.jpg,sm_makati,train,video:v-kF9bfF_tI
video/sm_makati/v-kF9bfF_tI_00676.jpg,sm_makati,train,video:v-kF9bfF_tI
video/sm_makati/v-kF9bfF_tI_00717.jpg,sm_makati,train,video:v-kF9bfF_tI
video/sm_makati/v-kF9bfF_tI_00758.jpg,sm_makati,train,video:v-kF9bfF_tI
video/sm_makati/v-kF9bfF_tI_00799.jpg,sm_makati,train,video:v-kF9bfF_tI
video/sm_makati/v-kF9bfF_tI_00840.jpg,sm_makati,train,video:v-kF9bfF_tI
video/sm_makati/v-kF9bfF_tI_00881.jpg,sm_makati,train,video:v-kF9bfF_tI
video/sm_makati/v-kF9bfF_tI_00921.jpg,sm_makati,train,video:v-kF9bfF_tI
video/sm_makati/v-kF9bfF_tI_00962.jpg,sm_makati,train,video:v-kF9bfF_tI
video/sm_makati/v-kF9bfF_tI_01003.jpg,sm_makati,train,video:v-kF9bfF_tI
video/sm_makati/v-kF9bfF_tI_01044.jpg,sm_makati,train,video:v-kF9bfF_tI
video/sm_makati/v-kF9bfF_tI_01085.jpg,sm_makati,train,video:v-kF9bfF_tI
video/sm_makati/v-kF9bfF_tI_01126.jpg,sm_makati,train,video:v-kF9bfF_tI
video/sm_makati/v-kF9bfF_tI_01167.jpg,sm_makati,train,video:v-kF9bfF_tI
video/sm_makati/v-kF9bfF_tI_01208.jpg,sm_makati,train,video:v-kF9bfF_tI
video/sm_makati/v-kF9bfF_tI_01249.jpg,sm_makati,train,video:v-kF9bfF_tI
video/sm_makati/v-kF9bfF_tI_01290.jpg,sm_makati,train,video:v-kF9bfF_tI
video/sm_makati/v-kF9bfF_tI_01331.jpg,sm_makati,train,video:v-kF9bfF_tI
video/sm_makati/v-kF9bfF_tI_01372.jpg,sm_makati,train,video:v-kF9bfF_tI
video/sm_makati/v-kF9bfF_tI_01413.jpg,sm_makati,train,video:v-kF9bfF_tI
video/sm_makati/v-kF9bfF_tI_01454.jpg,sm_makati,train,video:v-kF9bfF_tI
video/sm_makati/v-kF9bfF_tI_01495.jpg,sm_makati,train,video:v-kF9bfF_tI
video/sm_makati/v-kF9bfF_tI_01536.jpg,sm_makati,train,video:v-kF9bfF_tI
video/sm_makati/v-kF9bfF_tI_01577.jpg,sm_makati,train,video:v-kF9bfF_tI
video/sm_makati/v-kF9bfF_tI_01618.jpg,sm_makati,train,video:v-kF9bfF_tI
video/sm_makati/v-kF9bfF_tI_01659.jpg,sm_makati,train,video:v-kF9bfF_tI
video/sm_makati/v-kF9bfF_tI_01700.jpg,sm_makati,train,video:v-kF9bfF_tI
video/sm_makati/v-kF9bfF_tI_01741.jpg,sm_makati,train,video:v-kF9bfF_tI
video/sm_makati/v-kF9bfF_tI_01782.jpg,sm_makati,train,video:v-kF9bfF_tI
video/st_john_bosco_parish/0dX0rk8aNzQ_00023.jpg,st_john_bosco_parish,train,video:0dX0rk8aNzQ
video/st_john_bosco_parish/0dX0rk8aNzQ_00030.jpg,st_john_bosco_parish,train,video:0dX0rk8aNzQ
video/st_john_bosco_parish/0dX0rk8aNzQ_00037.jpg,st_john_bosco_parish,train,video:0dX0rk8aNzQ
video/st_john_bosco_parish/0dX0rk8aNzQ_00043.jpg,st_john_bosco_parish,train,video:0dX0rk8aNzQ
video/st_john_bosco_parish/0dX0rk8aNzQ_00050.jpg,st_john_bosco_parish,train,video:0dX0rk8aNzQ
video/st_john_bosco_parish/0dX0rk8aNzQ_00057.jpg,st_john_bosco_parish,train,video:0dX0rk8aNzQ
video/st_john_bosco_parish/0dX0rk8aNzQ_00064.jpg,st_john_bosco_parish,train,video:0dX0rk8aNzQ
video/st_john_bosco_parish/0dX0rk8aNzQ_00071.jpg,st_john_bosco_parish,train,video:0dX0rk8aNzQ
video/st_john_bosco_parish/0dX0rk8aNzQ_00077.jpg,st_john_bosco_parish,train,video:0dX0rk8aNzQ
video/st_john_bosco_parish/0dX0rk8aNzQ_00084.jpg,st_john_bosco_parish,train,video:0dX0rk8aNzQ
video/st_john_bosco_parish/0dX0rk8aNzQ_00091.jpg,st_john_bosco_parish,train,video:0dX0rk8aNzQ
video/st_john_bosco_parish/0dX0rk8aNzQ_00098.jpg,st_john_bosco_parish,train,video:0dX0rk8aNzQ
video/st_john_bosco_parish/0dX0rk8aNzQ_00104.jpg,st_john_bosco_parish,train,video:0dX0rk8aNzQ
video/st_john_bosco_parish/0dX0rk8aNzQ_00111.jpg,st_john_bosco_parish,train,video:0dX0rk8aNzQ
video/st_john_bosco_parish/0dX0rk8aNzQ_00118.jpg,st_john_bosco_parish,train,video:0dX0rk8aNzQ
video/st_john_bosco_parish/0dX0rk8aNzQ_00125.jpg,st_john_bosco_parish,train,video:0dX0rk8aNzQ
video/st_john_bosco_parish/0dX0rk8aNzQ_00131.jpg,st_john_bosco_parish,train,video:0dX0rk8aNzQ
video/st_john_bosco_parish/0dX0rk8aNzQ_00138.jpg,st_john_bosco_parish,train,video:0dX0rk8aNzQ
video/st_john_bosco_parish/0dX0rk8aNzQ_00145.jpg,st_john_bosco_parish,train,video:0dX0rk8aNzQ
video/st_john_bosco_parish/0dX0rk8aNzQ_00152.jpg,st_john_bosco_parish,train,video:0dX0rk8aNzQ
video/st_john_bosco_parish/0dX0rk8aNzQ_00159.jpg,st_john_bosco_parish,train,video:0dX0rk8aNzQ
video/st_john_bosco_parish/0dX0rk8aNzQ_00165.jpg,st_john_bosco_parish,train,video:0dX0rk8aNzQ
video/st_john_bosco_parish/0dX0rk8aNzQ_00172.jpg,st_john_bosco_parish,train,video:0dX0rk8aNzQ
video/st_john_bosco_parish/0dX0rk8aNzQ_00179.jpg,st_john_bosco_parish,train,video:0dX0rk8aNzQ
video/st_john_bosco_parish/0dX0rk8aNzQ_00186.jpg,st_john_bosco_parish,train,video:0dX0rk8aNzQ
video/st_john_bosco_parish/0dX0rk8aNzQ_00192.jpg,st_john_bosco_parish,train,video:0dX0rk8aNzQ
video/st_john_bosco_parish/0dX0rk8aNzQ_00199.jpg,st_john_bosco_parish,train,video:0dX0rk8aNzQ
video/st_john_bosco_parish/EuqTZWUJgBw_00001.jpg,st_john_bosco_parish,test,video:EuqTZWUJgBw
video/st_john_bosco_parish/EuqTZWUJgBw_00004.jpg,st_john_bosco_parish,test,video:EuqTZWUJgBw
video/st_john_bosco_parish/EuqTZWUJgBw_00007.jpg,st_john_bosco_parish,test,video:EuqTZWUJgBw
video/st_john_bosco_parish/EuqTZWUJgBw_00010.jpg,st_john_bosco_parish,test,video:EuqTZWUJgBw
video/st_john_bosco_parish/EuqTZWUJgBw_00013.jpg,st_john_bosco_parish,test,video:EuqTZWUJgBw
video/st_john_bosco_parish/EuqTZWUJgBw_00016.jpg,st_john_bosco_parish,test,video:EuqTZWUJgBw
video/st_john_bosco_parish/Fg4qdIgjosM_00004.jpg,st_john_bosco_parish,train,video:Fg4qdIgjosM
video/st_john_bosco_parish/Fg4qdIgjosM_00013.jpg,st_john_bosco_parish,train,video:Fg4qdIgjosM
video/st_john_bosco_parish/Fg4qdIgjosM_00023.jpg,st_john_bosco_parish,train,video:Fg4qdIgjosM
video/st_john_bosco_parish/Fg4qdIgjosM_00032.jpg,st_john_bosco_parish,train,video:Fg4qdIgjosM
video/st_john_bosco_parish/Fg4qdIgjosM_00041.jpg,st_john_bosco_parish,train,video:Fg4qdIgjosM
video/st_john_bosco_parish/Fg4qdIgjosM_00051.jpg,st_john_bosco_parish,train,video:Fg4qdIgjosM
video/st_john_bosco_parish/Fg4qdIgjosM_00060.jpg,st_john_bosco_parish,train,video:Fg4qdIgjosM
video/st_john_bosco_parish/Fg4qdIgjosM_00079.jpg,st_john_bosco_parish,train,video:Fg4qdIgjosM
video/st_john_bosco_parish/Fg4qdIgjosM_00088.jpg,st_john_bosco_parish,train,video:Fg4qdIgjosM
video/st_john_bosco_parish/Fg4qdIgjosM_00097.jpg,st_john_bosco_parish,train,video:Fg4qdIgjosM
video/st_john_bosco_parish/Fg4qdIgjosM_00106.jpg,st_john_bosco_parish,train,video:Fg4qdIgjosM
video/st_john_bosco_parish/Fg4qdIgjosM_00116.jpg,st_john_bosco_parish,train,video:Fg4qdIgjosM
video/st_john_bosco_parish/Fg4qdIgjosM_00125.jpg,st_john_bosco_parish,train,video:Fg4qdIgjosM
video/st_john_bosco_parish/Fg4qdIgjosM_00134.jpg,st_john_bosco_parish,train,video:Fg4qdIgjosM
video/st_john_bosco_parish/Fg4qdIgjosM_00144.jpg,st_john_bosco_parish,train,video:Fg4qdIgjosM
video/st_john_bosco_parish/Fg4qdIgjosM_00153.jpg,st_john_bosco_parish,train,video:Fg4qdIgjosM
video/st_john_bosco_parish/Fg4qdIgjosM_00162.jpg,st_john_bosco_parish,train,video:Fg4qdIgjosM
video/st_john_bosco_parish/Fg4qdIgjosM_00172.jpg,st_john_bosco_parish,train,video:Fg4qdIgjosM
video/st_john_bosco_parish/Fg4qdIgjosM_00181.jpg,st_john_bosco_parish,train,video:Fg4qdIgjosM
video/st_john_bosco_parish/Fg4qdIgjosM_00190.jpg,st_john_bosco_parish,train,video:Fg4qdIgjosM
video/st_john_bosco_parish/Fg4qdIgjosM_00199.jpg,st_john_bosco_parish,train,video:Fg4qdIgjosM
video/st_john_bosco_parish/Fg4qdIgjosM_00209.jpg,st_john_bosco_parish,train,video:Fg4qdIgjosM
video/st_john_bosco_parish/Fg4qdIgjosM_00227.jpg,st_john_bosco_parish,train,video:Fg4qdIgjosM
video/st_john_bosco_parish/Fg4qdIgjosM_00237.jpg,st_john_bosco_parish,train,video:Fg4qdIgjosM
video/st_john_bosco_parish/Fg4qdIgjosM_00246.jpg,st_john_bosco_parish,train,video:Fg4qdIgjosM
video/st_john_bosco_parish/Fg4qdIgjosM_00255.jpg,st_john_bosco_parish,train,video:Fg4qdIgjosM
video/st_john_bosco_parish/Fg4qdIgjosM_00265.jpg,st_john_bosco_parish,train,video:Fg4qdIgjosM
video/st_john_bosco_parish/Fg4qdIgjosM_00274.jpg,st_john_bosco_parish,train,video:Fg4qdIgjosM
video/st_john_bosco_parish/NavSpN-ziuM_00001.jpg,st_john_bosco_parish,val,video:NavSpN-ziuM
video/st_john_bosco_parish/NavSpN-ziuM_00005.jpg,st_john_bosco_parish,val,video:NavSpN-ziuM
video/st_john_bosco_parish/NavSpN-ziuM_00008.jpg,st_john_bosco_parish,val,video:NavSpN-ziuM
video/st_john_bosco_parish/NavSpN-ziuM_00012.jpg,st_john_bosco_parish,val,video:NavSpN-ziuM
video/st_john_bosco_parish/NavSpN-ziuM_00015.jpg,st_john_bosco_parish,val,video:NavSpN-ziuM
video/st_john_bosco_parish/NavSpN-ziuM_00019.jpg,st_john_bosco_parish,val,video:NavSpN-ziuM
video/st_john_bosco_parish/NavSpN-ziuM_00022.jpg,st_john_bosco_parish,val,video:NavSpN-ziuM
video/st_john_bosco_parish/NavSpN-ziuM_00026.jpg,st_john_bosco_parish,val,video:NavSpN-ziuM
video/st_john_bosco_parish/NavSpN-ziuM_00029.jpg,st_john_bosco_parish,val,video:NavSpN-ziuM
video/st_john_bosco_parish/NavSpN-ziuM_00032.jpg,st_john_bosco_parish,val,video:NavSpN-ziuM
video/st_john_bosco_parish/NavSpN-ziuM_00036.jpg,st_john_bosco_parish,val,video:NavSpN-ziuM
video/st_john_bosco_parish/NavSpN-ziuM_00039.jpg,st_john_bosco_parish,val,video:NavSpN-ziuM
video/st_john_bosco_parish/NavSpN-ziuM_00046.jpg,st_john_bosco_parish,val,video:NavSpN-ziuM
video/st_john_bosco_parish/NavSpN-ziuM_00050.jpg,st_john_bosco_parish,val,video:NavSpN-ziuM
video/st_john_bosco_parish/NavSpN-ziuM_00053.jpg,st_john_bosco_parish,val,video:NavSpN-ziuM
video/st_john_bosco_parish/NavSpN-ziuM_00102.jpg,st_john_bosco_parish,val,video:NavSpN-ziuM
video/st_john_bosco_parish/Svw6AHvVzDo_00001.jpg,st_john_bosco_parish,train,video:Svw6AHvVzDo
video/st_john_bosco_parish/Svw6AHvVzDo_00004.jpg,st_john_bosco_parish,train,video:Svw6AHvVzDo
video/st_john_bosco_parish/Svw6AHvVzDo_00007.jpg,st_john_bosco_parish,train,video:Svw6AHvVzDo
video/st_john_bosco_parish/Svw6AHvVzDo_00010.jpg,st_john_bosco_parish,train,video:Svw6AHvVzDo
video/st_john_bosco_parish/Svw6AHvVzDo_00013.jpg,st_john_bosco_parish,train,video:Svw6AHvVzDo
video/st_john_bosco_parish/Svw6AHvVzDo_00016.jpg,st_john_bosco_parish,train,video:Svw6AHvVzDo
video/st_john_bosco_parish/Svw6AHvVzDo_00019.jpg,st_john_bosco_parish,train,video:Svw6AHvVzDo
video/st_john_bosco_parish/Svw6AHvVzDo_00022.jpg,st_john_bosco_parish,train,video:Svw6AHvVzDo
video/st_john_bosco_parish/Svw6AHvVzDo_00025.jpg,st_john_bosco_parish,train,video:Svw6AHvVzDo
video/st_john_bosco_parish/Svw6AHvVzDo_00028.jpg,st_john_bosco_parish,train,video:Svw6AHvVzDo
video/st_john_bosco_parish/Svw6AHvVzDo_00031.jpg,st_john_bosco_parish,train,video:Svw6AHvVzDo
video/st_john_bosco_parish/Svw6AHvVzDo_00034.jpg,st_john_bosco_parish,train,video:Svw6AHvVzDo
video/st_john_bosco_parish/Svw6AHvVzDo_00037.jpg,st_john_bosco_parish,train,video:Svw6AHvVzDo
video/st_john_bosco_parish/Svw6AHvVzDo_00040.jpg,st_john_bosco_parish,train,video:Svw6AHvVzDo
video/st_john_bosco_parish/Svw6AHvVzDo_00043.jpg,st_john_bosco_parish,train,video:Svw6AHvVzDo
video/st_john_bosco_parish/Svw6AHvVzDo_00046.jpg,st_john_bosco_parish,train,video:Svw6AHvVzDo
video/st_john_bosco_parish/Svw6AHvVzDo_00049.jpg,st_john_bosco_parish,train,video:Svw6AHvVzDo
video/st_john_bosco_parish/Svw6AHvVzDo_00052.jpg,st_john_bosco_parish,train,video:Svw6AHvVzDo
video/st_john_bosco_parish/Svw6AHvVzDo_00055.jpg,st_john_bosco_parish,train,video:Svw6AHvVzDo
video/st_john_bosco_parish/Svw6AHvVzDo_00058.jpg,st_john_bosco_parish,train,video:Svw6AHvVzDo
video/st_john_bosco_parish/Svw6AHvVzDo_00061.jpg,st_john_bosco_parish,train,video:Svw6AHvVzDo
video/st_john_bosco_parish/Svw6AHvVzDo_00064.jpg,st_john_bosco_parish,train,video:Svw6AHvVzDo
video/st_john_bosco_parish/Svw6AHvVzDo_00067.jpg,st_john_bosco_parish,train,video:Svw6AHvVzDo
video/st_john_bosco_parish/Svw6AHvVzDo_00070.jpg,st_john_bosco_parish,train,video:Svw6AHvVzDo
video/st_john_bosco_parish/Svw6AHvVzDo_00073.jpg,st_john_bosco_parish,train,video:Svw6AHvVzDo
video/st_john_bosco_parish/Svw6AHvVzDo_00076.jpg,st_john_bosco_parish,train,video:Svw6AHvVzDo
video/st_john_bosco_parish/Svw6AHvVzDo_00079.jpg,st_john_bosco_parish,train,video:Svw6AHvVzDo
video/the_landmark_makati/5Xm-rqXW9TE_00006.jpg,the_landmark_makati,val,video:5Xm-rqXW9TE
video/the_landmark_makati/5Xm-rqXW9TE_00019.jpg,the_landmark_makati,val,video:5Xm-rqXW9TE
video/the_landmark_makati/5Xm-rqXW9TE_00032.jpg,the_landmark_makati,val,video:5Xm-rqXW9TE
video/the_landmark_makati/5Xm-rqXW9TE_00045.jpg,the_landmark_makati,val,video:5Xm-rqXW9TE
video/the_landmark_makati/5Xm-rqXW9TE_00059.jpg,the_landmark_makati,val,video:5Xm-rqXW9TE
video/the_landmark_makati/5Xm-rqXW9TE_00072.jpg,the_landmark_makati,val,video:5Xm-rqXW9TE
video/the_landmark_makati/5Xm-rqXW9TE_00085.jpg,the_landmark_makati,val,video:5Xm-rqXW9TE
video/the_landmark_makati/5Xm-rqXW9TE_00098.jpg,the_landmark_makati,val,video:5Xm-rqXW9TE
video/the_landmark_makati/5Xm-rqXW9TE_00111.jpg,the_landmark_makati,val,video:5Xm-rqXW9TE
video/the_landmark_makati/5Xm-rqXW9TE_00124.jpg,the_landmark_makati,val,video:5Xm-rqXW9TE
video/the_landmark_makati/5Xm-rqXW9TE_00137.jpg,the_landmark_makati,val,video:5Xm-rqXW9TE
video/the_landmark_makati/5Xm-rqXW9TE_00151.jpg,the_landmark_makati,val,video:5Xm-rqXW9TE
video/the_landmark_makati/5Xm-rqXW9TE_00164.jpg,the_landmark_makati,val,video:5Xm-rqXW9TE
video/the_landmark_makati/5Xm-rqXW9TE_00177.jpg,the_landmark_makati,val,video:5Xm-rqXW9TE
video/the_landmark_makati/5Xm-rqXW9TE_00190.jpg,the_landmark_makati,val,video:5Xm-rqXW9TE
video/the_landmark_makati/5Xm-rqXW9TE_00203.jpg,the_landmark_makati,val,video:5Xm-rqXW9TE
video/the_landmark_makati/5Xm-rqXW9TE_00216.jpg,the_landmark_makati,val,video:5Xm-rqXW9TE
video/the_landmark_makati/5Xm-rqXW9TE_00229.jpg,the_landmark_makati,val,video:5Xm-rqXW9TE
video/the_landmark_makati/5Xm-rqXW9TE_00242.jpg,the_landmark_makati,val,video:5Xm-rqXW9TE
video/the_landmark_makati/5Xm-rqXW9TE_00256.jpg,the_landmark_makati,val,video:5Xm-rqXW9TE
video/the_landmark_makati/5Xm-rqXW9TE_00269.jpg,the_landmark_makati,val,video:5Xm-rqXW9TE
video/the_landmark_makati/5Xm-rqXW9TE_00282.jpg,the_landmark_makati,val,video:5Xm-rqXW9TE
video/the_landmark_makati/5Xm-rqXW9TE_00295.jpg,the_landmark_makati,val,video:5Xm-rqXW9TE
video/the_landmark_makati/5Xm-rqXW9TE_00308.jpg,the_landmark_makati,val,video:5Xm-rqXW9TE
video/the_landmark_makati/5Xm-rqXW9TE_00492.jpg,the_landmark_makati,val,video:5Xm-rqXW9TE
video/the_landmark_makati/5Xm-rqXW9TE_00505.jpg,the_landmark_makati,val,video:5Xm-rqXW9TE
video/the_landmark_makati/5Xm-rqXW9TE_00518.jpg,the_landmark_makati,val,video:5Xm-rqXW9TE
video/the_landmark_makati/5Xm-rqXW9TE_00531.jpg,the_landmark_makati,val,video:5Xm-rqXW9TE
video/the_landmark_makati/5Xm-rqXW9TE_00545.jpg,the_landmark_makati,val,video:5Xm-rqXW9TE
video/the_landmark_makati/5Xm-rqXW9TE_00558.jpg,the_landmark_makati,val,video:5Xm-rqXW9TE
video/the_landmark_makati/5Xm-rqXW9TE_00571.jpg,the_landmark_makati,val,video:5Xm-rqXW9TE
video/the_landmark_makati/5Xm-rqXW9TE_00584.jpg,the_landmark_makati,val,video:5Xm-rqXW9TE
video/the_landmark_makati/A3ETNsGKlts_00012.jpg,the_landmark_makati,test,video:A3ETNsGKlts
video/the_landmark_makati/A3ETNsGKlts_00036.jpg,the_landmark_makati,test,video:A3ETNsGKlts
video/the_landmark_makati/A3ETNsGKlts_00085.jpg,the_landmark_makati,test,video:A3ETNsGKlts
video/the_landmark_makati/A3ETNsGKlts_00109.jpg,the_landmark_makati,test,video:A3ETNsGKlts
video/the_landmark_makati/A3ETNsGKlts_00133.jpg,the_landmark_makati,test,video:A3ETNsGKlts
video/the_landmark_makati/A3ETNsGKlts_00158.jpg,the_landmark_makati,test,video:A3ETNsGKlts
video/the_landmark_makati/A3ETNsGKlts_00182.jpg,the_landmark_makati,test,video:A3ETNsGKlts
video/the_landmark_makati/A3ETNsGKlts_00207.jpg,the_landmark_makati,test,video:A3ETNsGKlts
video/the_landmark_makati/A3ETNsGKlts_00231.jpg,the_landmark_makati,test,video:A3ETNsGKlts
video/the_landmark_makati/A3ETNsGKlts_00255.jpg,the_landmark_makati,test,video:A3ETNsGKlts
video/the_landmark_makati/A3ETNsGKlts_00280.jpg,the_landmark_makati,test,video:A3ETNsGKlts
video/the_landmark_makati/A3ETNsGKlts_00304.jpg,the_landmark_makati,test,video:A3ETNsGKlts
video/the_landmark_makati/A3ETNsGKlts_00328.jpg,the_landmark_makati,test,video:A3ETNsGKlts
video/the_landmark_makati/A3ETNsGKlts_00353.jpg,the_landmark_makati,test,video:A3ETNsGKlts
video/the_landmark_makati/A3ETNsGKlts_00377.jpg,the_landmark_makati,test,video:A3ETNsGKlts
video/the_landmark_makati/A3ETNsGKlts_00401.jpg,the_landmark_makati,test,video:A3ETNsGKlts
video/the_landmark_makati/A3ETNsGKlts_00426.jpg,the_landmark_makati,test,video:A3ETNsGKlts
video/the_landmark_makati/A3ETNsGKlts_00450.jpg,the_landmark_makati,test,video:A3ETNsGKlts
video/the_landmark_makati/A3ETNsGKlts_00474.jpg,the_landmark_makati,test,video:A3ETNsGKlts
video/the_landmark_makati/A3ETNsGKlts_00523.jpg,the_landmark_makati,test,video:A3ETNsGKlts
video/the_landmark_makati/A3ETNsGKlts_00548.jpg,the_landmark_makati,test,video:A3ETNsGKlts
video/the_landmark_makati/A3ETNsGKlts_00572.jpg,the_landmark_makati,test,video:A3ETNsGKlts
video/the_landmark_makati/A3ETNsGKlts_00596.jpg,the_landmark_makati,test,video:A3ETNsGKlts
video/the_landmark_makati/A3ETNsGKlts_00621.jpg,the_landmark_makati,test,video:A3ETNsGKlts
video/the_landmark_makati/A3ETNsGKlts_00645.jpg,the_landmark_makati,test,video:A3ETNsGKlts
video/the_landmark_makati/A3ETNsGKlts_00669.jpg,the_landmark_makati,test,video:A3ETNsGKlts
video/the_landmark_makati/A3ETNsGKlts_00694.jpg,the_landmark_makati,test,video:A3ETNsGKlts
video/the_landmark_makati/A3ETNsGKlts_00718.jpg,the_landmark_makati,test,video:A3ETNsGKlts
video/the_landmark_makati/A3ETNsGKlts_00742.jpg,the_landmark_makati,test,video:A3ETNsGKlts
video/the_landmark_makati/A3ETNsGKlts_00767.jpg,the_landmark_makati,test,video:A3ETNsGKlts
video/the_landmark_makati/A3ETNsGKlts_00791.jpg,the_landmark_makati,test,video:A3ETNsGKlts
video/the_landmark_makati/A3ETNsGKlts_00815.jpg,the_landmark_makati,test,video:A3ETNsGKlts
video/the_landmark_makati/A3ETNsGKlts_00840.jpg,the_landmark_makati,test,video:A3ETNsGKlts
video/the_landmark_makati/A3ETNsGKlts_00864.jpg,the_landmark_makati,test,video:A3ETNsGKlts
video/the_landmark_makati/A3ETNsGKlts_00888.jpg,the_landmark_makati,test,video:A3ETNsGKlts
video/the_landmark_makati/A3ETNsGKlts_00913.jpg,the_landmark_makati,test,video:A3ETNsGKlts
video/the_landmark_makati/A3ETNsGKlts_00937.jpg,the_landmark_makati,test,video:A3ETNsGKlts
video/the_landmark_makati/A3ETNsGKlts_00962.jpg,the_landmark_makati,test,video:A3ETNsGKlts
video/the_landmark_makati/A3ETNsGKlts_00986.jpg,the_landmark_makati,test,video:A3ETNsGKlts
video/the_landmark_makati/A3ETNsGKlts_01010.jpg,the_landmark_makati,test,video:A3ETNsGKlts
video/the_landmark_makati/A3ETNsGKlts_01035.jpg,the_landmark_makati,test,video:A3ETNsGKlts
video/the_landmark_makati/A3ETNsGKlts_01059.jpg,the_landmark_makati,test,video:A3ETNsGKlts
video/the_landmark_makati/A3ETNsGKlts_01083.jpg,the_landmark_makati,test,video:A3ETNsGKlts
video/the_landmark_makati/F22oc8LrHss_00171.jpg,the_landmark_makati,test,video:F22oc8LrHss
video/the_landmark_makati/F22oc8LrHss_00189.jpg,the_landmark_makati,test,video:F22oc8LrHss
video/the_landmark_makati/F22oc8LrHss_00225.jpg,the_landmark_makati,test,video:F22oc8LrHss
video/the_landmark_makati/F22oc8LrHss_00243.jpg,the_landmark_makati,test,video:F22oc8LrHss
video/the_landmark_makati/F22oc8LrHss_00261.jpg,the_landmark_makati,test,video:F22oc8LrHss
video/the_landmark_makati/F22oc8LrHss_00279.jpg,the_landmark_makati,test,video:F22oc8LrHss
video/the_landmark_makati/F22oc8LrHss_00297.jpg,the_landmark_makati,test,video:F22oc8LrHss
video/the_landmark_makati/F22oc8LrHss_00315.jpg,the_landmark_makati,test,video:F22oc8LrHss
video/the_landmark_makati/F22oc8LrHss_00333.jpg,the_landmark_makati,test,video:F22oc8LrHss
video/the_landmark_makati/F22oc8LrHss_00351.jpg,the_landmark_makati,test,video:F22oc8LrHss
video/the_landmark_makati/F22oc8LrHss_00369.jpg,the_landmark_makati,test,video:F22oc8LrHss
video/the_landmark_makati/F22oc8LrHss_00387.jpg,the_landmark_makati,test,video:F22oc8LrHss
video/the_landmark_makati/F22oc8LrHss_00405.jpg,the_landmark_makati,test,video:F22oc8LrHss
video/the_landmark_makati/F22oc8LrHss_00423.jpg,the_landmark_makati,test,video:F22oc8LrHss
video/the_landmark_makati/F22oc8LrHss_00441.jpg,the_landmark_makati,test,video:F22oc8LrHss
video/the_landmark_makati/F22oc8LrHss_00459.jpg,the_landmark_makati,test,video:F22oc8LrHss
video/the_landmark_makati/F22oc8LrHss_00477.jpg,the_landmark_makati,test,video:F22oc8LrHss
video/the_landmark_makati/F22oc8LrHss_00495.jpg,the_landmark_makati,test,video:F22oc8LrHss
video/the_landmark_makati/F22oc8LrHss_00513.jpg,the_landmark_makati,test,video:F22oc8LrHss
video/the_landmark_makati/F22oc8LrHss_00531.jpg,the_landmark_makati,test,video:F22oc8LrHss
video/the_landmark_makati/F22oc8LrHss_00549.jpg,the_landmark_makati,test,video:F22oc8LrHss
video/the_landmark_makati/F22oc8LrHss_00567.jpg,the_landmark_makati,test,video:F22oc8LrHss
video/the_landmark_makati/F22oc8LrHss_00585.jpg,the_landmark_makati,test,video:F22oc8LrHss
video/the_landmark_makati/F22oc8LrHss_00603.jpg,the_landmark_makati,test,video:F22oc8LrHss
video/the_landmark_makati/F22oc8LrHss_00621.jpg,the_landmark_makati,test,video:F22oc8LrHss
video/the_landmark_makati/F22oc8LrHss_00639.jpg,the_landmark_makati,test,video:F22oc8LrHss
video/the_landmark_makati/F22oc8LrHss_00657.jpg,the_landmark_makati,test,video:F22oc8LrHss
video/the_landmark_makati/F22oc8LrHss_00675.jpg,the_landmark_makati,test,video:F22oc8LrHss
video/the_landmark_makati/F22oc8LrHss_00693.jpg,the_landmark_makati,test,video:F22oc8LrHss
video/the_landmark_makati/F22oc8LrHss_00711.jpg,the_landmark_makati,test,video:F22oc8LrHss
video/the_landmark_makati/F22oc8LrHss_00729.jpg,the_landmark_makati,test,video:F22oc8LrHss
video/the_landmark_makati/OW6wDbEefPA_00181.jpg,the_landmark_makati,train,video:OW6wDbEefPA
video/the_landmark_makati/OW6wDbEefPA_00193.jpg,the_landmark_makati,train,video:OW6wDbEefPA
video/the_landmark_makati/OW6wDbEefPA_00206.jpg,the_landmark_makati,train,video:OW6wDbEefPA
video/the_landmark_makati/OW6wDbEefPA_00218.jpg,the_landmark_makati,train,video:OW6wDbEefPA
video/the_landmark_makati/OW6wDbEefPA_00231.jpg,the_landmark_makati,train,video:OW6wDbEefPA
video/the_landmark_makati/OW6wDbEefPA_00243.jpg,the_landmark_makati,train,video:OW6wDbEefPA
video/the_landmark_makati/OW6wDbEefPA_00256.jpg,the_landmark_makati,train,video:OW6wDbEefPA
video/the_landmark_makati/OW6wDbEefPA_00268.jpg,the_landmark_makati,train,video:OW6wDbEefPA
video/the_landmark_makati/OW6wDbEefPA_00280.jpg,the_landmark_makati,train,video:OW6wDbEefPA
video/the_landmark_makati/OW6wDbEefPA_00293.jpg,the_landmark_makati,train,video:OW6wDbEefPA
video/the_landmark_makati/OW6wDbEefPA_00305.jpg,the_landmark_makati,train,video:OW6wDbEefPA
video/the_landmark_makati/OW6wDbEefPA_00318.jpg,the_landmark_makati,train,video:OW6wDbEefPA
video/the_landmark_makati/OW6wDbEefPA_00330.jpg,the_landmark_makati,train,video:OW6wDbEefPA
video/the_landmark_makati/OW6wDbEefPA_00343.jpg,the_landmark_makati,train,video:OW6wDbEefPA
video/the_landmark_makati/OW6wDbEefPA_00355.jpg,the_landmark_makati,train,video:OW6wDbEefPA
video/the_landmark_makati/OW6wDbEefPA_00368.jpg,the_landmark_makati,train,video:OW6wDbEefPA
video/the_landmark_makati/OW6wDbEefPA_00380.jpg,the_landmark_makati,train,video:OW6wDbEefPA
video/the_landmark_makati/OW6wDbEefPA_00393.jpg,the_landmark_makati,train,video:OW6wDbEefPA
video/the_landmark_makati/OW6wDbEefPA_00405.jpg,the_landmark_makati,train,video:OW6wDbEefPA
video/the_landmark_makati/OW6wDbEefPA_00418.jpg,the_landmark_makati,train,video:OW6wDbEefPA
video/the_landmark_makati/OW6wDbEefPA_00430.jpg,the_landmark_makati,train,video:OW6wDbEefPA
video/the_landmark_makati/OW6wDbEefPA_00443.jpg,the_landmark_makati,train,video:OW6wDbEefPA
video/the_landmark_makati/OW6wDbEefPA_00455.jpg,the_landmark_makati,train,video:OW6wDbEefPA
video/the_landmark_makati/OW6wDbEefPA_00468.jpg,the_landmark_makati,train,video:OW6wDbEefPA
video/the_landmark_makati/OW6wDbEefPA_00480.jpg,the_landmark_makati,train,video:OW6wDbEefPA
video/the_landmark_makati/OW6wDbEefPA_00493.jpg,the_landmark_makati,train,video:OW6wDbEefPA
video/the_landmark_makati/OW6wDbEefPA_00505.jpg,the_landmark_makati,train,video:OW6wDbEefPA
video/the_landmark_makati/OW6wDbEefPA_00518.jpg,the_landmark_makati,train,video:OW6wDbEefPA
video/the_landmark_makati/OW6wDbEefPA_00530.jpg,the_landmark_makati,train,video:OW6wDbEefPA
video/the_landmark_makati/OW6wDbEefPA_00543.jpg,the_landmark_makati,train,video:OW6wDbEefPA
video/the_landmark_makati/OW6wDbEefPA_00555.jpg,the_landmark_makati,train,video:OW6wDbEefPA
video/the_landmark_makati/QIf8bcLAbsY_00007.jpg,the_landmark_makati,train,video:QIf8bcLAbsY
video/the_landmark_makati/QIf8bcLAbsY_00022.jpg,the_landmark_makati,train,video:QIf8bcLAbsY
video/the_landmark_makati/QIf8bcLAbsY_00037.jpg,the_landmark_makati,train,video:QIf8bcLAbsY
video/the_landmark_makati/QIf8bcLAbsY_00053.jpg,the_landmark_makati,train,video:QIf8bcLAbsY
video/the_landmark_makati/QIf8bcLAbsY_00068.jpg,the_landmark_makati,train,video:QIf8bcLAbsY
video/the_landmark_makati/QIf8bcLAbsY_00083.jpg,the_landmark_makati,train,video:QIf8bcLAbsY
video/the_landmark_makati/QIf8bcLAbsY_00098.jpg,the_landmark_makati,train,video:QIf8bcLAbsY
video/the_landmark_makati/QIf8bcLAbsY_00113.jpg,the_landmark_makati,train,video:QIf8bcLAbsY
video/the_landmark_makati/QIf8bcLAbsY_00128.jpg,the_landmark_makati,train,video:QIf8bcLAbsY
video/the_landmark_makati/QIf8bcLAbsY_00143.jpg,the_landmark_makati,train,video:QIf8bcLAbsY
video/the_landmark_makati/QIf8bcLAbsY_00159.jpg,the_landmark_makati,train,video:QIf8bcLAbsY
video/the_landmark_makati/QIf8bcLAbsY_00174.jpg,the_landmark_makati,train,video:QIf8bcLAbsY
video/the_landmark_makati/QIf8bcLAbsY_00189.jpg,the_landmark_makati,train,video:QIf8bcLAbsY
video/the_landmark_makati/QIf8bcLAbsY_00204.jpg,the_landmark_makati,train,video:QIf8bcLAbsY
video/the_landmark_makati/QIf8bcLAbsY_00219.jpg,the_landmark_makati,train,video:QIf8bcLAbsY
video/the_landmark_makati/QIf8bcLAbsY_00234.jpg,the_landmark_makati,train,video:QIf8bcLAbsY
video/the_landmark_makati/QIf8bcLAbsY_00250.jpg,the_landmark_makati,train,video:QIf8bcLAbsY
video/the_landmark_makati/QIf8bcLAbsY_00265.jpg,the_landmark_makati,train,video:QIf8bcLAbsY
video/the_landmark_makati/QIf8bcLAbsY_00280.jpg,the_landmark_makati,train,video:QIf8bcLAbsY
video/the_landmark_makati/QIf8bcLAbsY_00295.jpg,the_landmark_makati,train,video:QIf8bcLAbsY
video/the_landmark_makati/QIf8bcLAbsY_00310.jpg,the_landmark_makati,train,video:QIf8bcLAbsY
video/the_landmark_makati/QIf8bcLAbsY_00325.jpg,the_landmark_makati,train,video:QIf8bcLAbsY
video/the_landmark_makati/QIf8bcLAbsY_00341.jpg,the_landmark_makati,train,video:QIf8bcLAbsY
video/the_landmark_makati/QIf8bcLAbsY_00356.jpg,the_landmark_makati,train,video:QIf8bcLAbsY
video/the_landmark_makati/QIf8bcLAbsY_00371.jpg,the_landmark_makati,train,video:QIf8bcLAbsY
video/the_landmark_makati/QIf8bcLAbsY_00386.jpg,the_landmark_makati,train,video:QIf8bcLAbsY
video/the_landmark_makati/QIf8bcLAbsY_00401.jpg,the_landmark_makati,train,video:QIf8bcLAbsY
video/the_landmark_makati/QIf8bcLAbsY_00416.jpg,the_landmark_makati,train,video:QIf8bcLAbsY
video/the_landmark_makati/QIf8bcLAbsY_00431.jpg,the_landmark_makati,train,video:QIf8bcLAbsY
video/the_landmark_makati/QIf8bcLAbsY_00447.jpg,the_landmark_makati,train,video:QIf8bcLAbsY
video/the_landmark_makati/QIf8bcLAbsY_00462.jpg,the_landmark_makati,train,video:QIf8bcLAbsY
video/the_landmark_makati/QIf8bcLAbsY_00477.jpg,the_landmark_makati,train,video:QIf8bcLAbsY
video/the_landmark_makati/QIf8bcLAbsY_00492.jpg,the_landmark_makati,train,video:QIf8bcLAbsY
video/the_landmark_makati/QIf8bcLAbsY_00507.jpg,the_landmark_makati,train,video:QIf8bcLAbsY
video/the_landmark_makati/QIf8bcLAbsY_00522.jpg,the_landmark_makati,train,video:QIf8bcLAbsY
video/the_landmark_makati/QIf8bcLAbsY_00538.jpg,the_landmark_makati,train,video:QIf8bcLAbsY
video/the_landmark_makati/QIf8bcLAbsY_00553.jpg,the_landmark_makati,train,video:QIf8bcLAbsY
video/the_landmark_makati/QIf8bcLAbsY_00568.jpg,the_landmark_makati,train,video:QIf8bcLAbsY
video/the_landmark_makati/QIf8bcLAbsY_00583.jpg,the_landmark_makati,train,video:QIf8bcLAbsY
video/the_landmark_makati/QIf8bcLAbsY_00598.jpg,the_landmark_makati,train,video:QIf8bcLAbsY
video/the_landmark_makati/QIf8bcLAbsY_00613.jpg,the_landmark_makati,train,video:QIf8bcLAbsY
video/the_landmark_makati/QIf8bcLAbsY_00628.jpg,the_landmark_makati,train,video:QIf8bcLAbsY
video/the_landmark_makati/QIf8bcLAbsY_00644.jpg,the_landmark_makati,train,video:QIf8bcLAbsY
video/the_landmark_makati/QIf8bcLAbsY_00659.jpg,the_landmark_makati,train,video:QIf8bcLAbsY
video/the_landmark_makati/QIf8bcLAbsY_00674.jpg,the_landmark_makati,train,video:QIf8bcLAbsY
video/the_landmark_makati/Uj68fZJGJSY_00008.jpg,the_landmark_makati,train,video:Uj68fZJGJSY
video/the_landmark_makati/Uj68fZJGJSY_00026.jpg,the_landmark_makati,train,video:Uj68fZJGJSY
video/the_landmark_makati/Uj68fZJGJSY_00043.jpg,the_landmark_makati,train,video:Uj68fZJGJSY
video/the_landmark_makati/Uj68fZJGJSY_00060.jpg,the_landmark_makati,train,video:Uj68fZJGJSY
video/the_landmark_makati/Uj68fZJGJSY_00078.jpg,the_landmark_makati,train,video:Uj68fZJGJSY
video/the_landmark_makati/Uj68fZJGJSY_00095.jpg,the_landmark_makati,train,video:Uj68fZJGJSY
video/the_landmark_makati/Uj68fZJGJSY_00112.jpg,the_landmark_makati,train,video:Uj68fZJGJSY
video/the_landmark_makati/Uj68fZJGJSY_00130.jpg,the_landmark_makati,train,video:Uj68fZJGJSY
video/the_landmark_makati/Uj68fZJGJSY_00147.jpg,the_landmark_makati,train,video:Uj68fZJGJSY
video/the_landmark_makati/Uj68fZJGJSY_00165.jpg,the_landmark_makati,train,video:Uj68fZJGJSY
video/the_landmark_makati/Uj68fZJGJSY_00182.jpg,the_landmark_makati,train,video:Uj68fZJGJSY
video/the_landmark_makati/Uj68fZJGJSY_00199.jpg,the_landmark_makati,train,video:Uj68fZJGJSY
video/the_landmark_makati/Uj68fZJGJSY_00217.jpg,the_landmark_makati,train,video:Uj68fZJGJSY
video/the_landmark_makati/Uj68fZJGJSY_00234.jpg,the_landmark_makati,train,video:Uj68fZJGJSY
video/the_landmark_makati/Uj68fZJGJSY_00251.jpg,the_landmark_makati,train,video:Uj68fZJGJSY
video/the_landmark_makati/Uj68fZJGJSY_00269.jpg,the_landmark_makati,train,video:Uj68fZJGJSY
video/the_landmark_makati/Uj68fZJGJSY_00286.jpg,the_landmark_makati,train,video:Uj68fZJGJSY
video/the_landmark_makati/Uj68fZJGJSY_00304.jpg,the_landmark_makati,train,video:Uj68fZJGJSY
video/the_landmark_makati/Uj68fZJGJSY_00321.jpg,the_landmark_makati,train,video:Uj68fZJGJSY
video/the_landmark_makati/Uj68fZJGJSY_00338.jpg,the_landmark_makati,train,video:Uj68fZJGJSY
video/the_landmark_makati/Uj68fZJGJSY_00356.jpg,the_landmark_makati,train,video:Uj68fZJGJSY
video/the_landmark_makati/Uj68fZJGJSY_00373.jpg,the_landmark_makati,train,video:Uj68fZJGJSY
video/the_landmark_makati/Uj68fZJGJSY_00391.jpg,the_landmark_makati,train,video:Uj68fZJGJSY
video/the_landmark_makati/Uj68fZJGJSY_00408.jpg,the_landmark_makati,train,video:Uj68fZJGJSY
video/the_landmark_makati/Uj68fZJGJSY_00425.jpg,the_landmark_makati,train,video:Uj68fZJGJSY
video/the_landmark_makati/Uj68fZJGJSY_00443.jpg,the_landmark_makati,train,video:Uj68fZJGJSY
video/the_landmark_makati/Uj68fZJGJSY_00460.jpg,the_landmark_makati,train,video:Uj68fZJGJSY
video/the_landmark_makati/Uj68fZJGJSY_00477.jpg,the_landmark_makati,train,video:Uj68fZJGJSY
video/the_landmark_makati/Uj68fZJGJSY_00495.jpg,the_landmark_makati,train,video:Uj68fZJGJSY
video/the_landmark_makati/Uj68fZJGJSY_00512.jpg,the_landmark_makati,train,video:Uj68fZJGJSY
video/the_landmark_makati/Uj68fZJGJSY_00530.jpg,the_landmark_makati,train,video:Uj68fZJGJSY
video/the_landmark_makati/Uj68fZJGJSY_00547.jpg,the_landmark_makati,train,video:Uj68fZJGJSY
video/the_landmark_makati/Uj68fZJGJSY_00564.jpg,the_landmark_makati,train,video:Uj68fZJGJSY
video/the_landmark_makati/Uj68fZJGJSY_00582.jpg,the_landmark_makati,train,video:Uj68fZJGJSY
video/the_landmark_makati/Uj68fZJGJSY_00599.jpg,the_landmark_makati,train,video:Uj68fZJGJSY
video/the_landmark_makati/Uj68fZJGJSY_00616.jpg,the_landmark_makati,train,video:Uj68fZJGJSY
video/the_landmark_makati/Uj68fZJGJSY_00634.jpg,the_landmark_makati,train,video:Uj68fZJGJSY
video/the_landmark_makati/Uj68fZJGJSY_00651.jpg,the_landmark_makati,train,video:Uj68fZJGJSY
video/the_landmark_makati/Uj68fZJGJSY_00669.jpg,the_landmark_makati,train,video:Uj68fZJGJSY
video/the_landmark_makati/Uj68fZJGJSY_00686.jpg,the_landmark_makati,train,video:Uj68fZJGJSY
video/the_landmark_makati/Uj68fZJGJSY_00703.jpg,the_landmark_makati,train,video:Uj68fZJGJSY
video/the_landmark_makati/Uj68fZJGJSY_00721.jpg,the_landmark_makati,train,video:Uj68fZJGJSY
video/the_landmark_makati/Uj68fZJGJSY_00738.jpg,the_landmark_makati,train,video:Uj68fZJGJSY
video/the_landmark_makati/Uj68fZJGJSY_00755.jpg,the_landmark_makati,train,video:Uj68fZJGJSY
video/the_landmark_makati/Uj68fZJGJSY_00773.jpg,the_landmark_makati,train,video:Uj68fZJGJSY
video/the_landmark_makati/a6rF776BUcI_00052.jpg,the_landmark_makati,val,video:a6rF776BUcI
video/the_landmark_makati/a6rF776BUcI_00086.jpg,the_landmark_makati,val,video:a6rF776BUcI
video/the_landmark_makati/a6rF776BUcI_00121.jpg,the_landmark_makati,val,video:a6rF776BUcI
video/the_landmark_makati/a6rF776BUcI_00156.jpg,the_landmark_makati,val,video:a6rF776BUcI
video/the_landmark_makati/a6rF776BUcI_00190.jpg,the_landmark_makati,val,video:a6rF776BUcI
video/the_landmark_makati/a6rF776BUcI_00225.jpg,the_landmark_makati,val,video:a6rF776BUcI
video/the_landmark_makati/a6rF776BUcI_00260.jpg,the_landmark_makati,val,video:a6rF776BUcI
video/the_landmark_makati/a6rF776BUcI_00294.jpg,the_landmark_makati,val,video:a6rF776BUcI
video/the_landmark_makati/a6rF776BUcI_00329.jpg,the_landmark_makati,val,video:a6rF776BUcI
video/the_landmark_makati/a6rF776BUcI_00364.jpg,the_landmark_makati,val,video:a6rF776BUcI
video/the_landmark_makati/a6rF776BUcI_00398.jpg,the_landmark_makati,val,video:a6rF776BUcI
video/the_landmark_makati/a6rF776BUcI_00433.jpg,the_landmark_makati,val,video:a6rF776BUcI
video/the_landmark_makati/a6rF776BUcI_00468.jpg,the_landmark_makati,val,video:a6rF776BUcI
video/the_landmark_makati/a6rF776BUcI_00502.jpg,the_landmark_makati,val,video:a6rF776BUcI
video/the_landmark_makati/a6rF776BUcI_00537.jpg,the_landmark_makati,val,video:a6rF776BUcI
video/the_landmark_makati/a6rF776BUcI_00572.jpg,the_landmark_makati,val,video:a6rF776BUcI
video/the_landmark_makati/a6rF776BUcI_00607.jpg,the_landmark_makati,val,video:a6rF776BUcI
video/the_landmark_makati/a6rF776BUcI_00641.jpg,the_landmark_makati,val,video:a6rF776BUcI
video/the_landmark_makati/a6rF776BUcI_00676.jpg,the_landmark_makati,val,video:a6rF776BUcI
video/the_landmark_makati/a6rF776BUcI_00711.jpg,the_landmark_makati,val,video:a6rF776BUcI
video/the_landmark_makati/a6rF776BUcI_00745.jpg,the_landmark_makati,val,video:a6rF776BUcI
video/the_landmark_makati/a6rF776BUcI_00780.jpg,the_landmark_makati,val,video:a6rF776BUcI
video/the_landmark_makati/a6rF776BUcI_00815.jpg,the_landmark_makati,val,video:a6rF776BUcI
video/the_landmark_makati/a6rF776BUcI_00849.jpg,the_landmark_makati,val,video:a6rF776BUcI
video/the_landmark_makati/a6rF776BUcI_00884.jpg,the_landmark_makati,val,video:a6rF776BUcI
video/the_landmark_makati/a6rF776BUcI_00919.jpg,the_landmark_makati,val,video:a6rF776BUcI
video/the_landmark_makati/a6rF776BUcI_00953.jpg,the_landmark_makati,val,video:a6rF776BUcI
video/the_landmark_makati/a6rF776BUcI_00988.jpg,the_landmark_makati,val,video:a6rF776BUcI
video/the_landmark_makati/a6rF776BUcI_01023.jpg,the_landmark_makati,val,video:a6rF776BUcI
video/the_landmark_makati/a6rF776BUcI_01058.jpg,the_landmark_makati,val,video:a6rF776BUcI
video/the_landmark_makati/a6rF776BUcI_01092.jpg,the_landmark_makati,val,video:a6rF776BUcI
video/the_landmark_makati/a6rF776BUcI_01127.jpg,the_landmark_makati,val,video:a6rF776BUcI
video/the_landmark_makati/a6rF776BUcI_01162.jpg,the_landmark_makati,val,video:a6rF776BUcI
video/the_landmark_makati/a6rF776BUcI_01196.jpg,the_landmark_makati,val,video:a6rF776BUcI
video/the_landmark_makati/a6rF776BUcI_01231.jpg,the_landmark_makati,val,video:a6rF776BUcI
video/the_landmark_makati/a6rF776BUcI_01266.jpg,the_landmark_makati,val,video:a6rF776BUcI
video/the_landmark_makati/a6rF776BUcI_01300.jpg,the_landmark_makati,val,video:a6rF776BUcI
video/the_landmark_makati/a6rF776BUcI_01335.jpg,the_landmark_makati,val,video:a6rF776BUcI
video/the_landmark_makati/a6rF776BUcI_01370.jpg,the_landmark_makati,val,video:a6rF776BUcI
video/the_landmark_makati/a6rF776BUcI_01404.jpg,the_landmark_makati,val,video:a6rF776BUcI
video/the_landmark_makati/a6rF776BUcI_01439.jpg,the_landmark_makati,val,video:a6rF776BUcI
video/the_landmark_makati/a6rF776BUcI_01474.jpg,the_landmark_makati,val,video:a6rF776BUcI
video/the_landmark_makati/a6rF776BUcI_01508.jpg,the_landmark_makati,val,video:a6rF776BUcI
video/the_landmark_makati/eORcLF8e4DY_00001.jpg,the_landmark_makati,train,video:eORcLF8e4DY
video/the_landmark_makati/eORcLF8e4DY_00004.jpg,the_landmark_makati,train,video:eORcLF8e4DY
video/the_landmark_makati/eORcLF8e4DY_00007.jpg,the_landmark_makati,train,video:eORcLF8e4DY
video/the_landmark_makati/eORcLF8e4DY_00010.jpg,the_landmark_makati,train,video:eORcLF8e4DY
video/the_landmark_makati/eORcLF8e4DY_00013.jpg,the_landmark_makati,train,video:eORcLF8e4DY
video/the_landmark_makati/eORcLF8e4DY_00016.jpg,the_landmark_makati,train,video:eORcLF8e4DY
video/the_landmark_makati/eORcLF8e4DY_00019.jpg,the_landmark_makati,train,video:eORcLF8e4DY
video/the_landmark_makati/eORcLF8e4DY_00022.jpg,the_landmark_makati,train,video:eORcLF8e4DY
video/the_landmark_makati/eORcLF8e4DY_00025.jpg,the_landmark_makati,train,video:eORcLF8e4DY
video/the_landmark_makati/eORcLF8e4DY_00028.jpg,the_landmark_makati,train,video:eORcLF8e4DY
video/the_landmark_makati/eORcLF8e4DY_00031.jpg,the_landmark_makati,train,video:eORcLF8e4DY
video/the_landmark_makati/eORcLF8e4DY_00034.jpg,the_landmark_makati,train,video:eORcLF8e4DY
video/the_landmark_makati/eORcLF8e4DY_00037.jpg,the_landmark_makati,train,video:eORcLF8e4DY
video/the_landmark_makati/eORcLF8e4DY_00040.jpg,the_landmark_makati,train,video:eORcLF8e4DY
video/the_landmark_makati/eORcLF8e4DY_00043.jpg,the_landmark_makati,train,video:eORcLF8e4DY
video/the_landmark_makati/eORcLF8e4DY_00046.jpg,the_landmark_makati,train,video:eORcLF8e4DY
video/the_landmark_makati/eORcLF8e4DY_00049.jpg,the_landmark_makati,train,video:eORcLF8e4DY
video/the_landmark_makati/eORcLF8e4DY_00052.jpg,the_landmark_makati,train,video:eORcLF8e4DY
video/the_landmark_makati/eORcLF8e4DY_00055.jpg,the_landmark_makati,train,video:eORcLF8e4DY
video/the_landmark_makati/eORcLF8e4DY_00058.jpg,the_landmark_makati,train,video:eORcLF8e4DY
video/the_landmark_makati/eORcLF8e4DY_00061.jpg,the_landmark_makati,train,video:eORcLF8e4DY
video/the_landmark_makati/eORcLF8e4DY_00064.jpg,the_landmark_makati,train,video:eORcLF8e4DY
video/the_landmark_makati/eORcLF8e4DY_00067.jpg,the_landmark_makati,train,video:eORcLF8e4DY
video/the_landmark_makati/eORcLF8e4DY_00070.jpg,the_landmark_makati,train,video:eORcLF8e4DY
video/the_landmark_makati/eORcLF8e4DY_00073.jpg,the_landmark_makati,train,video:eORcLF8e4DY
video/the_landmark_makati/eORcLF8e4DY_00076.jpg,the_landmark_makati,train,video:eORcLF8e4DY
video/the_landmark_makati/eORcLF8e4DY_00079.jpg,the_landmark_makati,train,video:eORcLF8e4DY
video/the_landmark_makati/eORcLF8e4DY_00082.jpg,the_landmark_makati,train,video:eORcLF8e4DY
video/the_landmark_makati/eORcLF8e4DY_00085.jpg,the_landmark_makati,train,video:eORcLF8e4DY
video/the_landmark_makati/eORcLF8e4DY_00088.jpg,the_landmark_makati,train,video:eORcLF8e4DY
video/the_landmark_makati/eORcLF8e4DY_00091.jpg,the_landmark_makati,train,video:eORcLF8e4DY
video/the_landmark_makati/eORcLF8e4DY_00094.jpg,the_landmark_makati,train,video:eORcLF8e4DY
video/the_landmark_makati/eORcLF8e4DY_00097.jpg,the_landmark_makati,train,video:eORcLF8e4DY
video/the_landmark_makati/eORcLF8e4DY_00100.jpg,the_landmark_makati,train,video:eORcLF8e4DY
video/the_landmark_makati/eORcLF8e4DY_00103.jpg,the_landmark_makati,train,video:eORcLF8e4DY
video/the_landmark_makati/eORcLF8e4DY_00106.jpg,the_landmark_makati,train,video:eORcLF8e4DY
video/the_landmark_makati/eORcLF8e4DY_00109.jpg,the_landmark_makati,train,video:eORcLF8e4DY
video/the_landmark_makati/eORcLF8e4DY_00112.jpg,the_landmark_makati,train,video:eORcLF8e4DY
video/the_landmark_makati/eORcLF8e4DY_00115.jpg,the_landmark_makati,train,video:eORcLF8e4DY
video/the_landmark_makati/eORcLF8e4DY_00118.jpg,the_landmark_makati,train,video:eORcLF8e4DY
video/the_landmark_makati/mlY7Iqn2LMU_00021.jpg,the_landmark_makati,train,video:mlY7Iqn2LMU
video/the_landmark_makati/mlY7Iqn2LMU_00063.jpg,the_landmark_makati,train,video:mlY7Iqn2LMU
video/the_landmark_makati/mlY7Iqn2LMU_00106.jpg,the_landmark_makati,train,video:mlY7Iqn2LMU
video/the_landmark_makati/mlY7Iqn2LMU_00148.jpg,the_landmark_makati,train,video:mlY7Iqn2LMU
video/the_landmark_makati/mlY7Iqn2LMU_00191.jpg,the_landmark_makati,train,video:mlY7Iqn2LMU
video/the_landmark_makati/mlY7Iqn2LMU_00233.jpg,the_landmark_makati,train,video:mlY7Iqn2LMU
video/the_landmark_makati/mlY7Iqn2LMU_00276.jpg,the_landmark_makati,train,video:mlY7Iqn2LMU
video/the_landmark_makati/mlY7Iqn2LMU_00319.jpg,the_landmark_makati,train,video:mlY7Iqn2LMU
video/the_landmark_makati/mlY7Iqn2LMU_00361.jpg,the_landmark_makati,train,video:mlY7Iqn2LMU
video/the_landmark_makati/mlY7Iqn2LMU_00404.jpg,the_landmark_makati,train,video:mlY7Iqn2LMU
video/the_landmark_makati/mlY7Iqn2LMU_00446.jpg,the_landmark_makati,train,video:mlY7Iqn2LMU
video/the_landmark_makati/mlY7Iqn2LMU_00489.jpg,the_landmark_makati,train,video:mlY7Iqn2LMU
video/the_landmark_makati/mlY7Iqn2LMU_00531.jpg,the_landmark_makati,train,video:mlY7Iqn2LMU
video/the_landmark_makati/mlY7Iqn2LMU_00574.jpg,the_landmark_makati,train,video:mlY7Iqn2LMU
video/the_landmark_makati/mlY7Iqn2LMU_00616.jpg,the_landmark_makati,train,video:mlY7Iqn2LMU
video/the_landmark_makati/mlY7Iqn2LMU_00659.jpg,the_landmark_makati,train,video:mlY7Iqn2LMU
video/the_landmark_makati/mlY7Iqn2LMU_00701.jpg,the_landmark_makati,train,video:mlY7Iqn2LMU
video/the_landmark_makati/mlY7Iqn2LMU_00744.jpg,the_landmark_makati,train,video:mlY7Iqn2LMU
video/the_landmark_makati/mlY7Iqn2LMU_00786.jpg,the_landmark_makati,train,video:mlY7Iqn2LMU
video/the_landmark_makati/mlY7Iqn2LMU_00829.jpg,the_landmark_makati,train,video:mlY7Iqn2LMU
video/the_landmark_makati/mlY7Iqn2LMU_00871.jpg,the_landmark_makati,train,video:mlY7Iqn2LMU
video/the_landmark_makati/mlY7Iqn2LMU_00914.jpg,the_landmark_makati,train,video:mlY7Iqn2LMU
video/the_landmark_makati/mlY7Iqn2LMU_00956.jpg,the_landmark_makati,train,video:mlY7Iqn2LMU
video/the_landmark_makati/mlY7Iqn2LMU_00999.jpg,the_landmark_makati,train,video:mlY7Iqn2LMU
video/the_landmark_makati/mlY7Iqn2LMU_01042.jpg,the_landmark_makati,train,video:mlY7Iqn2LMU
video/the_landmark_makati/mlY7Iqn2LMU_01084.jpg,the_landmark_makati,train,video:mlY7Iqn2LMU
video/the_landmark_makati/mlY7Iqn2LMU_01127.jpg,the_landmark_makati,train,video:mlY7Iqn2LMU
video/the_landmark_makati/mlY7Iqn2LMU_01169.jpg,the_landmark_makati,train,video:mlY7Iqn2LMU
video/the_landmark_makati/mlY7Iqn2LMU_01212.jpg,the_landmark_makati,train,video:mlY7Iqn2LMU
video/the_landmark_makati/mlY7Iqn2LMU_01254.jpg,the_landmark_makati,train,video:mlY7Iqn2LMU
video/the_landmark_makati/mlY7Iqn2LMU_01297.jpg,the_landmark_makati,train,video:mlY7Iqn2LMU
video/the_landmark_makati/mlY7Iqn2LMU_01339.jpg,the_landmark_makati,train,video:mlY7Iqn2LMU
video/the_landmark_makati/mlY7Iqn2LMU_01382.jpg,the_landmark_makati,train,video:mlY7Iqn2LMU
video/the_landmark_makati/mlY7Iqn2LMU_01424.jpg,the_landmark_makati,train,video:mlY7Iqn2LMU
video/the_landmark_makati/mlY7Iqn2LMU_01467.jpg,the_landmark_makati,train,video:mlY7Iqn2LMU
video/the_landmark_makati/mlY7Iqn2LMU_01509.jpg,the_landmark_makati,train,video:mlY7Iqn2LMU
video/the_landmark_makati/mlY7Iqn2LMU_01552.jpg,the_landmark_makati,train,video:mlY7Iqn2LMU
video/the_landmark_makati/mlY7Iqn2LMU_01594.jpg,the_landmark_makati,train,video:mlY7Iqn2LMU
video/the_landmark_makati/mlY7Iqn2LMU_01637.jpg,the_landmark_makati,train,video:mlY7Iqn2LMU
video/the_landmark_makati/mlY7Iqn2LMU_01680.jpg,the_landmark_makati,train,video:mlY7Iqn2LMU
video/the_landmark_makati/mlY7Iqn2LMU_01722.jpg,the_landmark_makati,train,video:mlY7Iqn2LMU
video/the_landmark_makati/mlY7Iqn2LMU_01765.jpg,the_landmark_makati,train,video:mlY7Iqn2LMU
video/the_landmark_makati/mlY7Iqn2LMU_01807.jpg,the_landmark_makati,train,video:mlY7Iqn2LMU
video/the_landmark_makati/mlY7Iqn2LMU_01850.jpg,the_landmark_makati,train,video:mlY7Iqn2LMU
video/the_landmark_makati/ry38dx75RVU_00015.jpg,the_landmark_makati,train,video:ry38dx75RVU
video/the_landmark_makati/ry38dx75RVU_00047.jpg,the_landmark_makati,train,video:ry38dx75RVU
video/the_landmark_makati/ry38dx75RVU_00110.jpg,the_landmark_makati,train,video:ry38dx75RVU
video/the_landmark_makati/ry38dx75RVU_00142.jpg,the_landmark_makati,train,video:ry38dx75RVU
video/the_landmark_makati/ry38dx75RVU_00173.jpg,the_landmark_makati,train,video:ry38dx75RVU
video/the_landmark_makati/ry38dx75RVU_00205.jpg,the_landmark_makati,train,video:ry38dx75RVU
video/the_landmark_makati/ry38dx75RVU_00237.jpg,the_landmark_makati,train,video:ry38dx75RVU
video/the_landmark_makati/ry38dx75RVU_00268.jpg,the_landmark_makati,train,video:ry38dx75RVU
video/the_landmark_makati/ry38dx75RVU_00300.jpg,the_landmark_makati,train,video:ry38dx75RVU
video/the_landmark_makati/ry38dx75RVU_00332.jpg,the_landmark_makati,train,video:ry38dx75RVU
video/the_landmark_makati/ry38dx75RVU_00363.jpg,the_landmark_makati,train,video:ry38dx75RVU
video/the_landmark_makati/ry38dx75RVU_00395.jpg,the_landmark_makati,train,video:ry38dx75RVU
video/the_landmark_makati/ry38dx75RVU_00426.jpg,the_landmark_makati,train,video:ry38dx75RVU
video/the_landmark_makati/ry38dx75RVU_00458.jpg,the_landmark_makati,train,video:ry38dx75RVU
video/the_landmark_makati/ry38dx75RVU_00490.jpg,the_landmark_makati,train,video:ry38dx75RVU
video/the_landmark_makati/ry38dx75RVU_00521.jpg,the_landmark_makati,train,video:ry38dx75RVU
video/the_landmark_makati/ry38dx75RVU_00553.jpg,the_landmark_makati,train,video:ry38dx75RVU
video/the_landmark_makati/ry38dx75RVU_00585.jpg,the_landmark_makati,train,video:ry38dx75RVU
video/the_landmark_makati/ry38dx75RVU_00616.jpg,the_landmark_makati,train,video:ry38dx75RVU
video/the_landmark_makati/ry38dx75RVU_00648.jpg,the_landmark_makati,train,video:ry38dx75RVU
video/the_landmark_makati/ry38dx75RVU_00679.jpg,the_landmark_makati,train,video:ry38dx75RVU
video/the_landmark_makati/ry38dx75RVU_00711.jpg,the_landmark_makati,train,video:ry38dx75RVU
video/the_landmark_makati/ry38dx75RVU_00743.jpg,the_landmark_makati,train,video:ry38dx75RVU
video/the_landmark_makati/ry38dx75RVU_00774.jpg,the_landmark_makati,train,video:ry38dx75RVU
video/the_landmark_makati/ry38dx75RVU_00806.jpg,the_landmark_makati,train,video:ry38dx75RVU
video/the_landmark_makati/ry38dx75RVU_00837.jpg,the_landmark_makati,train,video:ry38dx75RVU
video/the_landmark_makati/ry38dx75RVU_00869.jpg,the_landmark_makati,train,video:ry38dx75RVU
video/the_landmark_makati/ry38dx75RVU_00901.jpg,the_landmark_makati,train,video:ry38dx75RVU
video/the_landmark_makati/ry38dx75RVU_00932.jpg,the_landmark_makati,train,video:ry38dx75RVU
video/the_landmark_makati/ry38dx75RVU_00964.jpg,the_landmark_makati,train,video:ry38dx75RVU
video/the_landmark_makati/ry38dx75RVU_00996.jpg,the_landmark_makati,train,video:ry38dx75RVU
video/the_landmark_makati/ry38dx75RVU_01027.jpg,the_landmark_makati,train,video:ry38dx75RVU
video/the_landmark_makati/ry38dx75RVU_01059.jpg,the_landmark_makati,train,video:ry38dx75RVU
video/the_landmark_makati/ry38dx75RVU_01122.jpg,the_landmark_makati,train,video:ry38dx75RVU
video/the_landmark_makati/ry38dx75RVU_01154.jpg,the_landmark_makati,train,video:ry38dx75RVU
video/the_landmark_makati/ry38dx75RVU_01185.jpg,the_landmark_makati,train,video:ry38dx75RVU
video/the_landmark_makati/ry38dx75RVU_01217.jpg,the_landmark_makati,train,video:ry38dx75RVU
video/the_landmark_makati/ry38dx75RVU_01249.jpg,the_landmark_makati,train,video:ry38dx75RVU
video/the_landmark_makati/ry38dx75RVU_01280.jpg,the_landmark_makati,train,video:ry38dx75RVU
video/the_landmark_makati/ry38dx75RVU_01312.jpg,the_landmark_makati,train,video:ry38dx75RVU
video/the_landmark_makati/t39UemLbd4I_00014.jpg,the_landmark_makati,train,video:t39UemLbd4I
video/the_landmark_makati/t39UemLbd4I_00043.jpg,the_landmark_makati,train,video:t39UemLbd4I
video/the_landmark_makati/t39UemLbd4I_00072.jpg,the_landmark_makati,train,video:t39UemLbd4I
video/the_landmark_makati/t39UemLbd4I_00101.jpg,the_landmark_makati,train,video:t39UemLbd4I
video/the_landmark_makati/t39UemLbd4I_00131.jpg,the_landmark_makati,train,video:t39UemLbd4I
video/the_landmark_makati/t39UemLbd4I_00160.jpg,the_landmark_makati,train,video:t39UemLbd4I
video/the_landmark_makati/t39UemLbd4I_00189.jpg,the_landmark_makati,train,video:t39UemLbd4I
video/the_landmark_makati/t39UemLbd4I_00218.jpg,the_landmark_makati,train,video:t39UemLbd4I
video/the_landmark_makati/t39UemLbd4I_00247.jpg,the_landmark_makati,train,video:t39UemLbd4I
video/the_landmark_makati/t39UemLbd4I_00276.jpg,the_landmark_makati,train,video:t39UemLbd4I
video/the_landmark_makati/t39UemLbd4I_00363.jpg,the_landmark_makati,train,video:t39UemLbd4I
video/the_landmark_makati/t39UemLbd4I_00392.jpg,the_landmark_makati,train,video:t39UemLbd4I
video/the_landmark_makati/t39UemLbd4I_00422.jpg,the_landmark_makati,train,video:t39UemLbd4I
video/the_landmark_makati/t39UemLbd4I_00451.jpg,the_landmark_makati,train,video:t39UemLbd4I
video/the_landmark_makati/t39UemLbd4I_00480.jpg,the_landmark_makati,train,video:t39UemLbd4I
video/the_landmark_makati/t39UemLbd4I_00509.jpg,the_landmark_makati,train,video:t39UemLbd4I
video/the_landmark_makati/t39UemLbd4I_00538.jpg,the_landmark_makati,train,video:t39UemLbd4I
video/the_landmark_makati/t39UemLbd4I_00567.jpg,the_landmark_makati,train,video:t39UemLbd4I
video/the_landmark_makati/t39UemLbd4I_00625.jpg,the_landmark_makati,train,video:t39UemLbd4I
video/the_landmark_makati/t39UemLbd4I_00654.jpg,the_landmark_makati,train,video:t39UemLbd4I
video/the_landmark_makati/t39UemLbd4I_00713.jpg,the_landmark_makati,train,video:t39UemLbd4I
video/the_landmark_makati/t39UemLbd4I_00742.jpg,the_landmark_makati,train,video:t39UemLbd4I
video/the_landmark_makati/t39UemLbd4I_00800.jpg,the_landmark_makati,train,video:t39UemLbd4I
video/the_landmark_makati/t39UemLbd4I_00829.jpg,the_landmark_makati,train,video:t39UemLbd4I
video/the_landmark_makati/t39UemLbd4I_00887.jpg,the_landmark_makati,train,video:t39UemLbd4I
video/the_landmark_makati/t39UemLbd4I_00916.jpg,the_landmark_makati,train,video:t39UemLbd4I
video/the_landmark_makati/t39UemLbd4I_00946.jpg,the_landmark_makati,train,video:t39UemLbd4I
video/the_landmark_makati/t39UemLbd4I_01004.jpg,the_landmark_makati,train,video:t39UemLbd4I
video/the_landmark_makati/t39UemLbd4I_01033.jpg,the_landmark_makati,train,video:t39UemLbd4I
video/the_landmark_makati/t39UemLbd4I_01062.jpg,the_landmark_makati,train,video:t39UemLbd4I
video/the_landmark_makati/t39UemLbd4I_01091.jpg,the_landmark_makati,train,video:t39UemLbd4I
video/the_landmark_makati/zU3YJt7Qgmg_00209.jpg,the_landmark_makati,train,video:zU3YJt7Qgmg
video/the_landmark_makati/zU3YJt7Qgmg_00224.jpg,the_landmark_makati,train,video:zU3YJt7Qgmg
video/the_landmark_makati/zU3YJt7Qgmg_00240.jpg,the_landmark_makati,train,video:zU3YJt7Qgmg
video/the_landmark_makati/zU3YJt7Qgmg_00255.jpg,the_landmark_makati,train,video:zU3YJt7Qgmg
video/the_landmark_makati/zU3YJt7Qgmg_00271.jpg,the_landmark_makati,train,video:zU3YJt7Qgmg
video/the_landmark_makati/zU3YJt7Qgmg_00286.jpg,the_landmark_makati,train,video:zU3YJt7Qgmg
video/the_landmark_makati/zU3YJt7Qgmg_00302.jpg,the_landmark_makati,train,video:zU3YJt7Qgmg
video/the_landmark_makati/zU3YJt7Qgmg_00317.jpg,the_landmark_makati,train,video:zU3YJt7Qgmg
video/the_landmark_makati/zU3YJt7Qgmg_00333.jpg,the_landmark_makati,train,video:zU3YJt7Qgmg
video/the_landmark_makati/zU3YJt7Qgmg_00349.jpg,the_landmark_makati,train,video:zU3YJt7Qgmg
video/the_landmark_makati/zU3YJt7Qgmg_00364.jpg,the_landmark_makati,train,video:zU3YJt7Qgmg
video/the_landmark_makati/zU3YJt7Qgmg_00380.jpg,the_landmark_makati,train,video:zU3YJt7Qgmg
video/the_landmark_makati/zU3YJt7Qgmg_00395.jpg,the_landmark_makati,train,video:zU3YJt7Qgmg
video/the_landmark_makati/zU3YJt7Qgmg_00411.jpg,the_landmark_makati,train,video:zU3YJt7Qgmg
video/the_landmark_makati/zU3YJt7Qgmg_00426.jpg,the_landmark_makati,train,video:zU3YJt7Qgmg
video/the_landmark_makati/zU3YJt7Qgmg_00442.jpg,the_landmark_makati,train,video:zU3YJt7Qgmg
video/the_landmark_makati/zU3YJt7Qgmg_00457.jpg,the_landmark_makati,train,video:zU3YJt7Qgmg
video/the_landmark_makati/zU3YJt7Qgmg_00473.jpg,the_landmark_makati,train,video:zU3YJt7Qgmg
video/the_landmark_makati/zU3YJt7Qgmg_00488.jpg,the_landmark_makati,train,video:zU3YJt7Qgmg
video/the_landmark_makati/zU3YJt7Qgmg_00504.jpg,the_landmark_makati,train,video:zU3YJt7Qgmg
video/the_landmark_makati/zU3YJt7Qgmg_00519.jpg,the_landmark_makati,train,video:zU3YJt7Qgmg
video/the_landmark_makati/zU3YJt7Qgmg_00535.jpg,the_landmark_makati,train,video:zU3YJt7Qgmg
video/the_landmark_makati/zU3YJt7Qgmg_00550.jpg,the_landmark_makati,train,video:zU3YJt7Qgmg
video/the_landmark_makati/zU3YJt7Qgmg_00566.jpg,the_landmark_makati,train,video:zU3YJt7Qgmg
video/the_landmark_makati/zU3YJt7Qgmg_00581.jpg,the_landmark_makati,train,video:zU3YJt7Qgmg
video/the_landmark_makati/zU3YJt7Qgmg_00597.jpg,the_landmark_makati,train,video:zU3YJt7Qgmg
video/the_landmark_makati/zU3YJt7Qgmg_00612.jpg,the_landmark_makati,train,video:zU3YJt7Qgmg
video/the_landmark_makati/zU3YJt7Qgmg_00628.jpg,the_landmark_makati,train,video:zU3YJt7Qgmg
video/the_landmark_makati/zU3YJt7Qgmg_00643.jpg,the_landmark_makati,train,video:zU3YJt7Qgmg
video/the_landmark_makati/zU3YJt7Qgmg_00659.jpg,the_landmark_makati,train,video:zU3YJt7Qgmg
video/the_landmark_makati/zU3YJt7Qgmg_00674.jpg,the_landmark_makati,train,video:zU3YJt7Qgmg
video/the_landmark_makati/zU3YJt7Qgmg_00690.jpg,the_landmark_makati,train,video:zU3YJt7Qgmg
video/the_landmark_makati/zzzkthT_UX4_00014.jpg,the_landmark_makati,train,video:zzzkthT_UX4
video/the_landmark_makati/zzzkthT_UX4_00043.jpg,the_landmark_makati,train,video:zzzkthT_UX4
video/the_landmark_makati/zzzkthT_UX4_00072.jpg,the_landmark_makati,train,video:zzzkthT_UX4
video/the_landmark_makati/zzzkthT_UX4_00100.jpg,the_landmark_makati,train,video:zzzkthT_UX4
video/the_landmark_makati/zzzkthT_UX4_00129.jpg,the_landmark_makati,train,video:zzzkthT_UX4
video/the_landmark_makati/zzzkthT_UX4_00158.jpg,the_landmark_makati,train,video:zzzkthT_UX4
video/the_landmark_makati/zzzkthT_UX4_00187.jpg,the_landmark_makati,train,video:zzzkthT_UX4
video/the_landmark_makati/zzzkthT_UX4_00216.jpg,the_landmark_makati,train,video:zzzkthT_UX4
video/the_landmark_makati/zzzkthT_UX4_00244.jpg,the_landmark_makati,train,video:zzzkthT_UX4
video/the_landmark_makati/zzzkthT_UX4_00273.jpg,the_landmark_makati,train,video:zzzkthT_UX4
video/the_landmark_makati/zzzkthT_UX4_00331.jpg,the_landmark_makati,train,video:zzzkthT_UX4
video/the_landmark_makati/zzzkthT_UX4_00360.jpg,the_landmark_makati,train,video:zzzkthT_UX4
video/the_landmark_makati/zzzkthT_UX4_00388.jpg,the_landmark_makati,train,video:zzzkthT_UX4
video/the_landmark_makati/zzzkthT_UX4_00417.jpg,the_landmark_makati,train,video:zzzkthT_UX4
video/the_landmark_makati/zzzkthT_UX4_00446.jpg,the_landmark_makati,train,video:zzzkthT_UX4
video/the_landmark_makati/zzzkthT_UX4_00475.jpg,the_landmark_makati,train,video:zzzkthT_UX4
video/the_landmark_makati/zzzkthT_UX4_00504.jpg,the_landmark_makati,train,video:zzzkthT_UX4
video/the_landmark_makati/zzzkthT_UX4_00532.jpg,the_landmark_makati,train,video:zzzkthT_UX4
video/the_landmark_makati/zzzkthT_UX4_00561.jpg,the_landmark_makati,train,video:zzzkthT_UX4
video/the_landmark_makati/zzzkthT_UX4_00590.jpg,the_landmark_makati,train,video:zzzkthT_UX4
video/the_landmark_makati/zzzkthT_UX4_00619.jpg,the_landmark_makati,train,video:zzzkthT_UX4
video/the_landmark_makati/zzzkthT_UX4_00647.jpg,the_landmark_makati,train,video:zzzkthT_UX4
video/the_landmark_makati/zzzkthT_UX4_00676.jpg,the_landmark_makati,train,video:zzzkthT_UX4
video/the_landmark_makati/zzzkthT_UX4_00705.jpg,the_landmark_makati,train,video:zzzkthT_UX4
video/the_landmark_makati/zzzkthT_UX4_00734.jpg,the_landmark_makati,train,video:zzzkthT_UX4
video/the_landmark_makati/zzzkthT_UX4_00763.jpg,the_landmark_makati,train,video:zzzkthT_UX4
video/the_landmark_makati/zzzkthT_UX4_00791.jpg,the_landmark_makati,train,video:zzzkthT_UX4
video/the_landmark_makati/zzzkthT_UX4_00820.jpg,the_landmark_makati,train,video:zzzkthT_UX4
video/the_landmark_makati/zzzkthT_UX4_00849.jpg,the_landmark_makati,train,video:zzzkthT_UX4
video/the_landmark_makati/zzzkthT_UX4_00878.jpg,the_landmark_makati,train,video:zzzkthT_UX4
video/the_landmark_makati/zzzkthT_UX4_00907.jpg,the_landmark_makati,train,video:zzzkthT_UX4
video/the_landmark_makati/zzzkthT_UX4_00935.jpg,the_landmark_makati,train,video:zzzkthT_UX4
video/the_landmark_makati/zzzkthT_UX4_00964.jpg,the_landmark_makati,train,video:zzzkthT_UX4
video/the_landmark_makati/zzzkthT_UX4_00993.jpg,the_landmark_makati,train,video:zzzkthT_UX4
video/the_landmark_makati/zzzkthT_UX4_01022.jpg,the_landmark_makati,train,video:zzzkthT_UX4
video/the_landmark_makati/zzzkthT_UX4_01051.jpg,the_landmark_makati,train,video:zzzkthT_UX4
video/the_landmark_makati/zzzkthT_UX4_01079.jpg,the_landmark_makati,train,video:zzzkthT_UX4
video/other/6eDwhiH39o4_00115.jpg,other,train,video:6eDwhiH39o4
video/other/6eDwhiH39o4_00192.jpg,other,train,video:6eDwhiH39o4
video/other/6eDwhiH39o4_00269.jpg,other,train,video:6eDwhiH39o4
video/other/6eDwhiH39o4_00346.jpg,other,train,video:6eDwhiH39o4
video/other/6eDwhiH39o4_00423.jpg,other,train,video:6eDwhiH39o4
video/other/6eDwhiH39o4_00500.jpg,other,train,video:6eDwhiH39o4
video/other/6eDwhiH39o4_00577.jpg,other,train,video:6eDwhiH39o4
video/other/6eDwhiH39o4_00807.jpg,other,train,video:6eDwhiH39o4
video/other/6eDwhiH39o4_00884.jpg,other,train,video:6eDwhiH39o4
video/other/6eDwhiH39o4_01038.jpg,other,train,video:6eDwhiH39o4
video/other/6eDwhiH39o4_01115.jpg,other,train,video:6eDwhiH39o4
video/other/6eDwhiH39o4_01192.jpg,other,train,video:6eDwhiH39o4
video/other/6eDwhiH39o4_01269.jpg,other,train,video:6eDwhiH39o4
video/other/6eDwhiH39o4_01346.jpg,other,train,video:6eDwhiH39o4
video/other/6eDwhiH39o4_01423.jpg,other,train,video:6eDwhiH39o4
video/other/6eDwhiH39o4_01500.jpg,other,train,video:6eDwhiH39o4
video/other/6eDwhiH39o4_01577.jpg,other,train,video:6eDwhiH39o4
video/other/6eDwhiH39o4_01654.jpg,other,train,video:6eDwhiH39o4
video/other/6eDwhiH39o4_01731.jpg,other,train,video:6eDwhiH39o4
video/other/6eDwhiH39o4_01807.jpg,other,train,video:6eDwhiH39o4
video/other/6eDwhiH39o4_01884.jpg,other,train,video:6eDwhiH39o4
video/other/6eDwhiH39o4_01961.jpg,other,train,video:6eDwhiH39o4
video/other/6eDwhiH39o4_02038.jpg,other,train,video:6eDwhiH39o4
video/other/6eDwhiH39o4_02115.jpg,other,train,video:6eDwhiH39o4
video/other/6eDwhiH39o4_02192.jpg,other,train,video:6eDwhiH39o4
video/other/6eDwhiH39o4_02269.jpg,other,train,video:6eDwhiH39o4
video/other/9iWLXlc5RWg_00052.jpg,other,test,video:9iWLXlc5RWg
video/other/9iWLXlc5RWg_00158.jpg,other,test,video:9iWLXlc5RWg
video/other/9iWLXlc5RWg_00263.jpg,other,test,video:9iWLXlc5RWg
video/other/9iWLXlc5RWg_00369.jpg,other,test,video:9iWLXlc5RWg
video/other/9iWLXlc5RWg_00474.jpg,other,test,video:9iWLXlc5RWg
video/other/9iWLXlc5RWg_00580.jpg,other,test,video:9iWLXlc5RWg
video/other/9iWLXlc5RWg_00685.jpg,other,test,video:9iWLXlc5RWg
video/other/9iWLXlc5RWg_00791.jpg,other,test,video:9iWLXlc5RWg
video/other/9iWLXlc5RWg_00897.jpg,other,test,video:9iWLXlc5RWg
video/other/9iWLXlc5RWg_01002.jpg,other,test,video:9iWLXlc5RWg
video/other/9iWLXlc5RWg_01108.jpg,other,test,video:9iWLXlc5RWg
video/other/9iWLXlc5RWg_01213.jpg,other,test,video:9iWLXlc5RWg
video/other/9iWLXlc5RWg_01319.jpg,other,test,video:9iWLXlc5RWg
video/other/9iWLXlc5RWg_01424.jpg,other,test,video:9iWLXlc5RWg
video/other/9iWLXlc5RWg_01530.jpg,other,test,video:9iWLXlc5RWg
video/other/9iWLXlc5RWg_01635.jpg,other,test,video:9iWLXlc5RWg
video/other/9iWLXlc5RWg_01741.jpg,other,test,video:9iWLXlc5RWg
video/other/9iWLXlc5RWg_01846.jpg,other,test,video:9iWLXlc5RWg
video/other/9iWLXlc5RWg_01952.jpg,other,test,video:9iWLXlc5RWg
video/other/9iWLXlc5RWg_02057.jpg,other,test,video:9iWLXlc5RWg
video/other/9iWLXlc5RWg_02163.jpg,other,test,video:9iWLXlc5RWg
video/other/9iWLXlc5RWg_02268.jpg,other,test,video:9iWLXlc5RWg
video/other/9iWLXlc5RWg_02374.jpg,other,test,video:9iWLXlc5RWg
video/other/9iWLXlc5RWg_02480.jpg,other,test,video:9iWLXlc5RWg
video/other/9iWLXlc5RWg_02585.jpg,other,test,video:9iWLXlc5RWg
video/other/9iWLXlc5RWg_02691.jpg,other,test,video:9iWLXlc5RWg
video/other/9iWLXlc5RWg_02796.jpg,other,test,video:9iWLXlc5RWg
video/other/9iWLXlc5RWg_02902.jpg,other,test,video:9iWLXlc5RWg
video/other/9iWLXlc5RWg_03007.jpg,other,test,video:9iWLXlc5RWg
video/other/9iWLXlc5RWg_03113.jpg,other,test,video:9iWLXlc5RWg
video/other/KT3vXLJ2hzE_00030.jpg,other,train,video:KT3vXLJ2hzE
video/other/KT3vXLJ2hzE_00092.jpg,other,train,video:KT3vXLJ2hzE
video/other/KT3vXLJ2hzE_00154.jpg,other,train,video:KT3vXLJ2hzE
video/other/KT3vXLJ2hzE_00215.jpg,other,train,video:KT3vXLJ2hzE
video/other/KT3vXLJ2hzE_00277.jpg,other,train,video:KT3vXLJ2hzE
video/other/KT3vXLJ2hzE_00338.jpg,other,train,video:KT3vXLJ2hzE
video/other/KT3vXLJ2hzE_00400.jpg,other,train,video:KT3vXLJ2hzE
video/other/KT3vXLJ2hzE_00462.jpg,other,train,video:KT3vXLJ2hzE
video/other/KT3vXLJ2hzE_00523.jpg,other,train,video:KT3vXLJ2hzE
video/other/KT3vXLJ2hzE_00585.jpg,other,train,video:KT3vXLJ2hzE
video/other/KT3vXLJ2hzE_00647.jpg,other,train,video:KT3vXLJ2hzE
video/other/KT3vXLJ2hzE_00708.jpg,other,train,video:KT3vXLJ2hzE
video/other/KT3vXLJ2hzE_00770.jpg,other,train,video:KT3vXLJ2hzE
video/other/KT3vXLJ2hzE_00832.jpg,other,train,video:KT3vXLJ2hzE
video/other/KT3vXLJ2hzE_00893.jpg,other,train,video:KT3vXLJ2hzE
video/other/KT3vXLJ2hzE_00955.jpg,other,train,video:KT3vXLJ2hzE
video/other/KT3vXLJ2hzE_01016.jpg,other,train,video:KT3vXLJ2hzE
video/other/KT3vXLJ2hzE_01078.jpg,other,train,video:KT3vXLJ2hzE
video/other/KT3vXLJ2hzE_01140.jpg,other,train,video:KT3vXLJ2hzE
video/other/KT3vXLJ2hzE_01201.jpg,other,train,video:KT3vXLJ2hzE
video/other/KT3vXLJ2hzE_01263.jpg,other,train,video:KT3vXLJ2hzE
video/other/KT3vXLJ2hzE_01325.jpg,other,train,video:KT3vXLJ2hzE
video/other/KT3vXLJ2hzE_01386.jpg,other,train,video:KT3vXLJ2hzE
video/other/KT3vXLJ2hzE_01448.jpg,other,train,video:KT3vXLJ2hzE
video/other/KT3vXLJ2hzE_01510.jpg,other,train,video:KT3vXLJ2hzE
video/other/KT3vXLJ2hzE_01571.jpg,other,train,video:KT3vXLJ2hzE
video/other/KT3vXLJ2hzE_01633.jpg,other,train,video:KT3vXLJ2hzE
video/other/KT3vXLJ2hzE_01694.jpg,other,train,video:KT3vXLJ2hzE
video/other/KT3vXLJ2hzE_01756.jpg,other,train,video:KT3vXLJ2hzE
video/other/KT3vXLJ2hzE_01818.jpg,other,train,video:KT3vXLJ2hzE
video/other/KWaqqCFJquY_00060.jpg,other,train,video:KWaqqCFJquY
video/other/KWaqqCFJquY_00180.jpg,other,train,video:KWaqqCFJquY
video/other/KWaqqCFJquY_00301.jpg,other,train,video:KWaqqCFJquY
video/other/KWaqqCFJquY_00422.jpg,other,train,video:KWaqqCFJquY
video/other/KWaqqCFJquY_00542.jpg,other,train,video:KWaqqCFJquY
video/other/KWaqqCFJquY_00663.jpg,other,train,video:KWaqqCFJquY
video/other/KWaqqCFJquY_00783.jpg,other,train,video:KWaqqCFJquY
video/other/KWaqqCFJquY_00904.jpg,other,train,video:KWaqqCFJquY
video/other/KWaqqCFJquY_01025.jpg,other,train,video:KWaqqCFJquY
video/other/KWaqqCFJquY_01145.jpg,other,train,video:KWaqqCFJquY
video/other/KWaqqCFJquY_01266.jpg,other,train,video:KWaqqCFJquY
video/other/KWaqqCFJquY_01386.jpg,other,train,video:KWaqqCFJquY
video/other/KWaqqCFJquY_01507.jpg,other,train,video:KWaqqCFJquY
video/other/KWaqqCFJquY_01628.jpg,other,train,video:KWaqqCFJquY
video/other/KWaqqCFJquY_01748.jpg,other,train,video:KWaqqCFJquY
video/other/KWaqqCFJquY_01869.jpg,other,train,video:KWaqqCFJquY
video/other/KWaqqCFJquY_01989.jpg,other,train,video:KWaqqCFJquY
video/other/KWaqqCFJquY_02110.jpg,other,train,video:KWaqqCFJquY
video/other/KWaqqCFJquY_02231.jpg,other,train,video:KWaqqCFJquY
video/other/KWaqqCFJquY_02351.jpg,other,train,video:KWaqqCFJquY
video/other/KWaqqCFJquY_02472.jpg,other,train,video:KWaqqCFJquY
video/other/KWaqqCFJquY_02592.jpg,other,train,video:KWaqqCFJquY
video/other/KWaqqCFJquY_02713.jpg,other,train,video:KWaqqCFJquY
video/other/KWaqqCFJquY_02834.jpg,other,train,video:KWaqqCFJquY
video/other/KWaqqCFJquY_02954.jpg,other,train,video:KWaqqCFJquY
video/other/KWaqqCFJquY_03075.jpg,other,train,video:KWaqqCFJquY
video/other/KWaqqCFJquY_03195.jpg,other,train,video:KWaqqCFJquY
video/other/KWaqqCFJquY_03316.jpg,other,train,video:KWaqqCFJquY
video/other/KWaqqCFJquY_03437.jpg,other,train,video:KWaqqCFJquY
video/other/KWaqqCFJquY_03557.jpg,other,train,video:KWaqqCFJquY
video/other/LCbmZ5b3mwI_00024.jpg,other,test,video:LCbmZ5b3mwI
video/other/LCbmZ5b3mwI_00074.jpg,other,test,video:LCbmZ5b3mwI
video/other/LCbmZ5b3mwI_00124.jpg,other,test,video:LCbmZ5b3mwI
video/other/LCbmZ5b3mwI_00174.jpg,other,test,video:LCbmZ5b3mwI
video/other/LCbmZ5b3mwI_00223.jpg,other,test,video:LCbmZ5b3mwI
video/other/LCbmZ5b3mwI_00273.jpg,other,test,video:LCbmZ5b3mwI
video/other/LCbmZ5b3mwI_00323.jpg,other,test,video:LCbmZ5b3mwI
video/other/LCbmZ5b3mwI_00373.jpg,other,test,video:LCbmZ5b3mwI
video/other/LCbmZ5b3mwI_00423.jpg,other,test,video:LCbmZ5b3mwI
video/other/LCbmZ5b3mwI_00472.jpg,other,test,video:LCbmZ5b3mwI
video/other/LCbmZ5b3mwI_00522.jpg,other,test,video:LCbmZ5b3mwI
video/other/LCbmZ5b3mwI_00572.jpg,other,test,video:LCbmZ5b3mwI
video/other/LCbmZ5b3mwI_00622.jpg,other,test,video:LCbmZ5b3mwI
video/other/LCbmZ5b3mwI_00671.jpg,other,test,video:LCbmZ5b3mwI
video/other/LCbmZ5b3mwI_00721.jpg,other,test,video:LCbmZ5b3mwI
video/other/LCbmZ5b3mwI_00771.jpg,other,test,video:LCbmZ5b3mwI
video/other/LCbmZ5b3mwI_00821.jpg,other,test,video:LCbmZ5b3mwI
video/other/LCbmZ5b3mwI_00870.jpg,other,test,video:LCbmZ5b3mwI
video/other/LCbmZ5b3mwI_00920.jpg,other,test,video:LCbmZ5b3mwI
video/other/LCbmZ5b3mwI_00970.jpg,other,test,video:LCbmZ5b3mwI
video/other/LCbmZ5b3mwI_01020.jpg,other,test,video:LCbmZ5b3mwI
video/other/LCbmZ5b3mwI_01069.jpg,other,test,video:LCbmZ5b3mwI
video/other/LCbmZ5b3mwI_01119.jpg,other,test,video:LCbmZ5b3mwI
video/other/LCbmZ5b3mwI_01169.jpg,other,test,video:LCbmZ5b3mwI
video/other/LCbmZ5b3mwI_01219.jpg,other,test,video:LCbmZ5b3mwI
video/other/LCbmZ5b3mwI_01269.jpg,other,test,video:LCbmZ5b3mwI
video/other/LCbmZ5b3mwI_01318.jpg,other,test,video:LCbmZ5b3mwI
video/other/LCbmZ5b3mwI_01368.jpg,other,test,video:LCbmZ5b3mwI
video/other/LCbmZ5b3mwI_01418.jpg,other,test,video:LCbmZ5b3mwI
video/other/LCbmZ5b3mwI_01468.jpg,other,test,video:LCbmZ5b3mwI
video/other/LiDOsCt3gFk_00063.jpg,other,train,video:LiDOsCt3gFk
video/other/LiDOsCt3gFk_00190.jpg,other,train,video:LiDOsCt3gFk
video/other/LiDOsCt3gFk_00317.jpg,other,train,video:LiDOsCt3gFk
video/other/LiDOsCt3gFk_00444.jpg,other,train,video:LiDOsCt3gFk
video/other/LiDOsCt3gFk_00571.jpg,other,train,video:LiDOsCt3gFk
video/other/LiDOsCt3gFk_00698.jpg,other,train,video:LiDOsCt3gFk
video/other/LiDOsCt3gFk_00825.jpg,other,train,video:LiDOsCt3gFk
video/other/LiDOsCt3gFk_00952.jpg,other,train,video:LiDOsCt3gFk
video/other/LiDOsCt3gFk_01079.jpg,other,train,video:LiDOsCt3gFk
video/other/LiDOsCt3gFk_01206.jpg,other,train,video:LiDOsCt3gFk
video/other/LiDOsCt3gFk_01333.jpg,other,train,video:LiDOsCt3gFk
video/other/LiDOsCt3gFk_01460.jpg,other,train,video:LiDOsCt3gFk
video/other/LiDOsCt3gFk_01587.jpg,other,train,video:LiDOsCt3gFk
video/other/LiDOsCt3gFk_01714.jpg,other,train,video:LiDOsCt3gFk
video/other/LiDOsCt3gFk_01841.jpg,other,train,video:LiDOsCt3gFk
video/other/LiDOsCt3gFk_01968.jpg,other,train,video:LiDOsCt3gFk
video/other/LiDOsCt3gFk_02095.jpg,other,train,video:LiDOsCt3gFk
video/other/LiDOsCt3gFk_02222.jpg,other,train,video:LiDOsCt3gFk
video/other/LiDOsCt3gFk_02349.jpg,other,train,video:LiDOsCt3gFk
video/other/LiDOsCt3gFk_02476.jpg,other,train,video:LiDOsCt3gFk
video/other/LiDOsCt3gFk_02603.jpg,other,train,video:LiDOsCt3gFk
video/other/LiDOsCt3gFk_02730.jpg,other,train,video:LiDOsCt3gFk
video/other/LiDOsCt3gFk_02857.jpg,other,train,video:LiDOsCt3gFk
video/other/LiDOsCt3gFk_02984.jpg,other,train,video:LiDOsCt3gFk
video/other/LiDOsCt3gFk_03111.jpg,other,train,video:LiDOsCt3gFk
video/other/LiDOsCt3gFk_03238.jpg,other,train,video:LiDOsCt3gFk
video/other/LiDOsCt3gFk_03365.jpg,other,train,video:LiDOsCt3gFk
video/other/LiDOsCt3gFk_03492.jpg,other,train,video:LiDOsCt3gFk
video/other/LiDOsCt3gFk_03619.jpg,other,train,video:LiDOsCt3gFk
video/other/LiDOsCt3gFk_03746.jpg,other,train,video:LiDOsCt3gFk
video/other/NSSeGfPLoMY_00042.jpg,other,train,video:NSSeGfPLoMY
video/other/NSSeGfPLoMY_00127.jpg,other,train,video:NSSeGfPLoMY
video/other/NSSeGfPLoMY_00211.jpg,other,train,video:NSSeGfPLoMY
video/other/NSSeGfPLoMY_00296.jpg,other,train,video:NSSeGfPLoMY
video/other/NSSeGfPLoMY_00381.jpg,other,train,video:NSSeGfPLoMY
video/other/NSSeGfPLoMY_00465.jpg,other,train,video:NSSeGfPLoMY
video/other/NSSeGfPLoMY_00550.jpg,other,train,video:NSSeGfPLoMY
video/other/NSSeGfPLoMY_00635.jpg,other,train,video:NSSeGfPLoMY
video/other/NSSeGfPLoMY_00719.jpg,other,train,video:NSSeGfPLoMY
video/other/NSSeGfPLoMY_00804.jpg,other,train,video:NSSeGfPLoMY
video/other/NSSeGfPLoMY_00889.jpg,other,train,video:NSSeGfPLoMY
video/other/NSSeGfPLoMY_00974.jpg,other,train,video:NSSeGfPLoMY
video/other/NSSeGfPLoMY_01058.jpg,other,train,video:NSSeGfPLoMY
video/other/NSSeGfPLoMY_01143.jpg,other,train,video:NSSeGfPLoMY
video/other/NSSeGfPLoMY_01228.jpg,other,train,video:NSSeGfPLoMY
video/other/NSSeGfPLoMY_01312.jpg,other,train,video:NSSeGfPLoMY
video/other/NSSeGfPLoMY_01397.jpg,other,train,video:NSSeGfPLoMY
video/other/NSSeGfPLoMY_01482.jpg,other,train,video:NSSeGfPLoMY
video/other/NSSeGfPLoMY_01566.jpg,other,train,video:NSSeGfPLoMY
video/other/NSSeGfPLoMY_01651.jpg,other,train,video:NSSeGfPLoMY
video/other/NSSeGfPLoMY_01736.jpg,other,train,video:NSSeGfPLoMY
video/other/NSSeGfPLoMY_01821.jpg,other,train,video:NSSeGfPLoMY
video/other/NSSeGfPLoMY_01905.jpg,other,train,video:NSSeGfPLoMY
video/other/NSSeGfPLoMY_01990.jpg,other,train,video:NSSeGfPLoMY
video/other/NSSeGfPLoMY_02075.jpg,other,train,video:NSSeGfPLoMY
video/other/NSSeGfPLoMY_02159.jpg,other,train,video:NSSeGfPLoMY
video/other/NSSeGfPLoMY_02244.jpg,other,train,video:NSSeGfPLoMY
video/other/NSSeGfPLoMY_02329.jpg,other,train,video:NSSeGfPLoMY
video/other/NSSeGfPLoMY_02413.jpg,other,train,video:NSSeGfPLoMY
video/other/NSSeGfPLoMY_02498.jpg,other,train,video:NSSeGfPLoMY
video/other/XyojEaNn4LU_00023.jpg,other,train,video:XyojEaNn4LU
video/other/XyojEaNn4LU_00070.jpg,other,train,video:XyojEaNn4LU
video/other/XyojEaNn4LU_00118.jpg,other,train,video:XyojEaNn4LU
video/other/XyojEaNn4LU_00165.jpg,other,train,video:XyojEaNn4LU
video/other/XyojEaNn4LU_00212.jpg,other,train,video:XyojEaNn4LU
video/other/XyojEaNn4LU_00259.jpg,other,train,video:XyojEaNn4LU
video/other/XyojEaNn4LU_00307.jpg,other,train,video:XyojEaNn4LU
video/other/XyojEaNn4LU_00354.jpg,other,train,video:XyojEaNn4LU
video/other/XyojEaNn4LU_00401.jpg,other,train,video:XyojEaNn4LU
video/other/XyojEaNn4LU_00448.jpg,other,train,video:XyojEaNn4LU
video/other/XyojEaNn4LU_00495.jpg,other,train,video:XyojEaNn4LU
video/other/XyojEaNn4LU_00543.jpg,other,train,video:XyojEaNn4LU
video/other/XyojEaNn4LU_00590.jpg,other,train,video:XyojEaNn4LU
video/other/XyojEaNn4LU_00637.jpg,other,train,video:XyojEaNn4LU
video/other/XyojEaNn4LU_00684.jpg,other,train,video:XyojEaNn4LU
video/other/XyojEaNn4LU_00732.jpg,other,train,video:XyojEaNn4LU
video/other/XyojEaNn4LU_00779.jpg,other,train,video:XyojEaNn4LU
video/other/XyojEaNn4LU_00826.jpg,other,train,video:XyojEaNn4LU
video/other/XyojEaNn4LU_00873.jpg,other,train,video:XyojEaNn4LU
video/other/XyojEaNn4LU_00921.jpg,other,train,video:XyojEaNn4LU
video/other/XyojEaNn4LU_00968.jpg,other,train,video:XyojEaNn4LU
video/other/XyojEaNn4LU_01015.jpg,other,train,video:XyojEaNn4LU
video/other/XyojEaNn4LU_01062.jpg,other,train,video:XyojEaNn4LU
video/other/XyojEaNn4LU_01109.jpg,other,train,video:XyojEaNn4LU
video/other/XyojEaNn4LU_01157.jpg,other,train,video:XyojEaNn4LU
video/other/XyojEaNn4LU_01204.jpg,other,train,video:XyojEaNn4LU
video/other/XyojEaNn4LU_01251.jpg,other,train,video:XyojEaNn4LU
video/other/XyojEaNn4LU_01298.jpg,other,train,video:XyojEaNn4LU
video/other/XyojEaNn4LU_01346.jpg,other,train,video:XyojEaNn4LU
video/other/XyojEaNn4LU_01393.jpg,other,train,video:XyojEaNn4LU
video/other/YXCB4ADASxw_00029.jpg,other,train,video:YXCB4ADASxw
video/other/YXCB4ADASxw_00087.jpg,other,train,video:YXCB4ADASxw
video/other/YXCB4ADASxw_00145.jpg,other,train,video:YXCB4ADASxw
video/other/YXCB4ADASxw_00204.jpg,other,train,video:YXCB4ADASxw
video/other/YXCB4ADASxw_00262.jpg,other,train,video:YXCB4ADASxw
video/other/YXCB4ADASxw_00320.jpg,other,train,video:YXCB4ADASxw
video/other/YXCB4ADASxw_00378.jpg,other,train,video:YXCB4ADASxw
video/other/YXCB4ADASxw_00437.jpg,other,train,video:YXCB4ADASxw
video/other/YXCB4ADASxw_00495.jpg,other,train,video:YXCB4ADASxw
video/other/YXCB4ADASxw_00553.jpg,other,train,video:YXCB4ADASxw
video/other/YXCB4ADASxw_00612.jpg,other,train,video:YXCB4ADASxw
video/other/YXCB4ADASxw_00670.jpg,other,train,video:YXCB4ADASxw
video/other/YXCB4ADASxw_00728.jpg,other,train,video:YXCB4ADASxw
video/other/YXCB4ADASxw_00787.jpg,other,train,video:YXCB4ADASxw
video/other/YXCB4ADASxw_00845.jpg,other,train,video:YXCB4ADASxw
video/other/YXCB4ADASxw_00903.jpg,other,train,video:YXCB4ADASxw
video/other/YXCB4ADASxw_00961.jpg,other,train,video:YXCB4ADASxw
video/other/YXCB4ADASxw_01020.jpg,other,train,video:YXCB4ADASxw
video/other/YXCB4ADASxw_01078.jpg,other,train,video:YXCB4ADASxw
video/other/YXCB4ADASxw_01136.jpg,other,train,video:YXCB4ADASxw
video/other/YXCB4ADASxw_01195.jpg,other,train,video:YXCB4ADASxw
video/other/YXCB4ADASxw_01253.jpg,other,train,video:YXCB4ADASxw
video/other/YXCB4ADASxw_01311.jpg,other,train,video:YXCB4ADASxw
video/other/YXCB4ADASxw_01370.jpg,other,train,video:YXCB4ADASxw
video/other/YXCB4ADASxw_01428.jpg,other,train,video:YXCB4ADASxw
video/other/YXCB4ADASxw_01486.jpg,other,train,video:YXCB4ADASxw
video/other/YXCB4ADASxw_01544.jpg,other,train,video:YXCB4ADASxw
video/other/YXCB4ADASxw_01603.jpg,other,train,video:YXCB4ADASxw
video/other/YXCB4ADASxw_01661.jpg,other,train,video:YXCB4ADASxw
video/other/YXCB4ADASxw_01719.jpg,other,train,video:YXCB4ADASxw
video/other/Z3FWDaYSteA_00035.jpg,other,train,video:Z3FWDaYSteA
video/other/Z3FWDaYSteA_00105.jpg,other,train,video:Z3FWDaYSteA
video/other/Z3FWDaYSteA_00176.jpg,other,train,video:Z3FWDaYSteA
video/other/Z3FWDaYSteA_00246.jpg,other,train,video:Z3FWDaYSteA
video/other/Z3FWDaYSteA_00316.jpg,other,train,video:Z3FWDaYSteA
video/other/Z3FWDaYSteA_00387.jpg,other,train,video:Z3FWDaYSteA
video/other/Z3FWDaYSteA_00457.jpg,other,train,video:Z3FWDaYSteA
video/other/Z3FWDaYSteA_00528.jpg,other,train,video:Z3FWDaYSteA
video/other/Z3FWDaYSteA_00598.jpg,other,train,video:Z3FWDaYSteA
video/other/Z3FWDaYSteA_00669.jpg,other,train,video:Z3FWDaYSteA
video/other/Z3FWDaYSteA_00739.jpg,other,train,video:Z3FWDaYSteA
video/other/Z3FWDaYSteA_00809.jpg,other,train,video:Z3FWDaYSteA
video/other/Z3FWDaYSteA_00880.jpg,other,train,video:Z3FWDaYSteA
video/other/Z3FWDaYSteA_00950.jpg,other,train,video:Z3FWDaYSteA
video/other/Z3FWDaYSteA_01021.jpg,other,train,video:Z3FWDaYSteA
video/other/Z3FWDaYSteA_01091.jpg,other,train,video:Z3FWDaYSteA
video/other/Z3FWDaYSteA_01162.jpg,other,train,video:Z3FWDaYSteA
video/other/Z3FWDaYSteA_01232.jpg,other,train,video:Z3FWDaYSteA
video/other/Z3FWDaYSteA_01303.jpg,other,train,video:Z3FWDaYSteA
video/other/Z3FWDaYSteA_01373.jpg,other,train,video:Z3FWDaYSteA
video/other/Z3FWDaYSteA_01443.jpg,other,train,video:Z3FWDaYSteA
video/other/Z3FWDaYSteA_01514.jpg,other,train,video:Z3FWDaYSteA
video/other/Z3FWDaYSteA_01584.jpg,other,train,video:Z3FWDaYSteA
video/other/Z3FWDaYSteA_01655.jpg,other,train,video:Z3FWDaYSteA
video/other/Z3FWDaYSteA_01725.jpg,other,train,video:Z3FWDaYSteA
video/other/Z3FWDaYSteA_01796.jpg,other,train,video:Z3FWDaYSteA
video/other/Z3FWDaYSteA_01866.jpg,other,train,video:Z3FWDaYSteA
video/other/Z3FWDaYSteA_01936.jpg,other,train,video:Z3FWDaYSteA
video/other/Z3FWDaYSteA_02007.jpg,other,train,video:Z3FWDaYSteA
video/other/Z3FWDaYSteA_02077.jpg,other,train,video:Z3FWDaYSteA
video/other/bSLESOpvkdM_00048.jpg,other,val,video:bSLESOpvkdM
video/other/bSLESOpvkdM_00144.jpg,other,val,video:bSLESOpvkdM
video/other/bSLESOpvkdM_00241.jpg,other,val,video:bSLESOpvkdM
video/other/bSLESOpvkdM_00337.jpg,other,val,video:bSLESOpvkdM
video/other/bSLESOpvkdM_00434.jpg,other,val,video:bSLESOpvkdM
video/other/bSLESOpvkdM_00530.jpg,other,val,video:bSLESOpvkdM
video/other/bSLESOpvkdM_00627.jpg,other,val,video:bSLESOpvkdM
video/other/bSLESOpvkdM_00723.jpg,other,val,video:bSLESOpvkdM
video/other/bSLESOpvkdM_00819.jpg,other,val,video:bSLESOpvkdM
video/other/bSLESOpvkdM_00916.jpg,other,val,video:bSLESOpvkdM
video/other/bSLESOpvkdM_01012.jpg,other,val,video:bSLESOpvkdM
video/other/bSLESOpvkdM_01109.jpg,other,val,video:bSLESOpvkdM
video/other/bSLESOpvkdM_01205.jpg,other,val,video:bSLESOpvkdM
video/other/bSLESOpvkdM_01302.jpg,other,val,video:bSLESOpvkdM
video/other/bSLESOpvkdM_01398.jpg,other,val,video:bSLESOpvkdM
video/other/bSLESOpvkdM_01495.jpg,other,val,video:bSLESOpvkdM
video/other/bSLESOpvkdM_01591.jpg,other,val,video:bSLESOpvkdM
video/other/bSLESOpvkdM_01688.jpg,other,val,video:bSLESOpvkdM
video/other/bSLESOpvkdM_01784.jpg,other,val,video:bSLESOpvkdM
video/other/bSLESOpvkdM_01881.jpg,other,val,video:bSLESOpvkdM
video/other/bSLESOpvkdM_01977.jpg,other,val,video:bSLESOpvkdM
video/other/bSLESOpvkdM_02074.jpg,other,val,video:bSLESOpvkdM
video/other/bSLESOpvkdM_02170.jpg,other,val,video:bSLESOpvkdM
video/other/bSLESOpvkdM_02266.jpg,other,val,video:bSLESOpvkdM
video/other/bSLESOpvkdM_02363.jpg,other,val,video:bSLESOpvkdM
video/other/bSLESOpvkdM_02459.jpg,other,val,video:bSLESOpvkdM
video/other/bSLESOpvkdM_02556.jpg,other,val,video:bSLESOpvkdM
video/other/bSLESOpvkdM_02652.jpg,other,val,video:bSLESOpvkdM
video/other/bSLESOpvkdM_02749.jpg,other,val,video:bSLESOpvkdM
video/other/bSLESOpvkdM_02845.jpg,other,val,video:bSLESOpvkdM
video/other/dH-dbED0aPI_00064.jpg,other,val,video:dH-dbED0aPI
video/other/dH-dbED0aPI_00193.jpg,other,val,video:dH-dbED0aPI
video/other/dH-dbED0aPI_00323.jpg,other,val,video:dH-dbED0aPI
video/other/dH-dbED0aPI_00452.jpg,other,val,video:dH-dbED0aPI
video/other/dH-dbED0aPI_00581.jpg,other,val,video:dH-dbED0aPI
video/other/dH-dbED0aPI_00711.jpg,other,val,video:dH-dbED0aPI
video/other/dH-dbED0aPI_00840.jpg,other,val,video:dH-dbED0aPI
video/other/dH-dbED0aPI_00969.jpg,other,val,video:dH-dbED0aPI
video/other/dH-dbED0aPI_01099.jpg,other,val,video:dH-dbED0aPI
video/other/dH-dbED0aPI_01228.jpg,other,val,video:dH-dbED0aPI
video/other/dH-dbED0aPI_01357.jpg,other,val,video:dH-dbED0aPI
video/other/dH-dbED0aPI_01486.jpg,other,val,video:dH-dbED0aPI
video/other/dH-dbED0aPI_01616.jpg,other,val,video:dH-dbED0aPI
video/other/dH-dbED0aPI_01745.jpg,other,val,video:dH-dbED0aPI
video/other/dH-dbED0aPI_01874.jpg,other,val,video:dH-dbED0aPI
video/other/dH-dbED0aPI_02004.jpg,other,val,video:dH-dbED0aPI
video/other/dH-dbED0aPI_02133.jpg,other,val,video:dH-dbED0aPI
video/other/dH-dbED0aPI_02262.jpg,other,val,video:dH-dbED0aPI
video/other/dH-dbED0aPI_02392.jpg,other,val,video:dH-dbED0aPI
video/other/dH-dbED0aPI_02521.jpg,other,val,video:dH-dbED0aPI
video/other/dH-dbED0aPI_02650.jpg,other,val,video:dH-dbED0aPI
video/other/dH-dbED0aPI_02779.jpg,other,val,video:dH-dbED0aPI
video/other/dH-dbED0aPI_02909.jpg,other,val,video:dH-dbED0aPI
video/other/dH-dbED0aPI_03038.jpg,other,val,video:dH-dbED0aPI
video/other/dH-dbED0aPI_03167.jpg,other,val,video:dH-dbED0aPI
video/other/dH-dbED0aPI_03297.jpg,other,val,video:dH-dbED0aPI
video/other/dH-dbED0aPI_03426.jpg,other,val,video:dH-dbED0aPI
video/other/dH-dbED0aPI_03555.jpg,other,val,video:dH-dbED0aPI
video/other/dH-dbED0aPI_03685.jpg,other,val,video:dH-dbED0aPI
video/other/dH-dbED0aPI_03814.jpg,other,val,video:dH-dbED0aPI
video/other/fAuOBYYTgaw_00061.jpg,other,train,video:fAuOBYYTgaw
video/other/fAuOBYYTgaw_00185.jpg,other,train,video:fAuOBYYTgaw
video/other/fAuOBYYTgaw_00309.jpg,other,train,video:fAuOBYYTgaw
video/other/fAuOBYYTgaw_00433.jpg,other,train,video:fAuOBYYTgaw
video/other/fAuOBYYTgaw_00557.jpg,other,train,video:fAuOBYYTgaw
video/other/fAuOBYYTgaw_00680.jpg,other,train,video:fAuOBYYTgaw
video/other/fAuOBYYTgaw_00804.jpg,other,train,video:fAuOBYYTgaw
video/other/fAuOBYYTgaw_00928.jpg,other,train,video:fAuOBYYTgaw
video/other/fAuOBYYTgaw_01052.jpg,other,train,video:fAuOBYYTgaw
video/other/fAuOBYYTgaw_01176.jpg,other,train,video:fAuOBYYTgaw
video/other/fAuOBYYTgaw_01299.jpg,other,train,video:fAuOBYYTgaw
video/other/fAuOBYYTgaw_01423.jpg,other,train,video:fAuOBYYTgaw
video/other/fAuOBYYTgaw_01547.jpg,other,train,video:fAuOBYYTgaw
video/other/fAuOBYYTgaw_01671.jpg,other,train,video:fAuOBYYTgaw
video/other/fAuOBYYTgaw_01795.jpg,other,train,video:fAuOBYYTgaw
video/other/fAuOBYYTgaw_01918.jpg,other,train,video:fAuOBYYTgaw
video/other/fAuOBYYTgaw_02042.jpg,other,train,video:fAuOBYYTgaw
video/other/fAuOBYYTgaw_02166.jpg,other,train,video:fAuOBYYTgaw
video/other/fAuOBYYTgaw_02290.jpg,other,train,video:fAuOBYYTgaw
video/other/fAuOBYYTgaw_02414.jpg,other,train,video:fAuOBYYTgaw
video/other/fAuOBYYTgaw_02537.jpg,other,train,video:fAuOBYYTgaw
video/other/fAuOBYYTgaw_02661.jpg,other,train,video:fAuOBYYTgaw
video/other/fAuOBYYTgaw_02785.jpg,other,train,video:fAuOBYYTgaw
video/other/fAuOBYYTgaw_02909.jpg,other,train,video:fAuOBYYTgaw
video/other/fAuOBYYTgaw_03033.jpg,other,train,video:fAuOBYYTgaw
video/other/fAuOBYYTgaw_03156.jpg,other,train,video:fAuOBYYTgaw
video/other/fAuOBYYTgaw_03280.jpg,other,train,video:fAuOBYYTgaw
video/other/fAuOBYYTgaw_03404.jpg,other,train,video:fAuOBYYTgaw
video/other/fAuOBYYTgaw_03528.jpg,other,train,video:fAuOBYYTgaw
video/other/fAuOBYYTgaw_03652.jpg,other,train,video:fAuOBYYTgaw
video/other/oJEFnQ4W_ew_00023.jpg,other,train,video:oJEFnQ4W_ew
video/other/oJEFnQ4W_ew_00069.jpg,other,train,video:oJEFnQ4W_ew
video/other/oJEFnQ4W_ew_00115.jpg,other,train,video:oJEFnQ4W_ew
video/other/oJEFnQ4W_ew_00161.jpg,other,train,video:oJEFnQ4W_ew
video/other/oJEFnQ4W_ew_00207.jpg,other,train,video:oJEFnQ4W_ew
video/other/oJEFnQ4W_ew_00253.jpg,other,train,video:oJEFnQ4W_ew
video/other/oJEFnQ4W_ew_00299.jpg,other,train,video:oJEFnQ4W_ew
video/other/oJEFnQ4W_ew_00345.jpg,other,train,video:oJEFnQ4W_ew
video/other/oJEFnQ4W_ew_00391.jpg,other,train,video:oJEFnQ4W_ew
video/other/oJEFnQ4W_ew_00437.jpg,other,train,video:oJEFnQ4W_ew
video/other/oJEFnQ4W_ew_00483.jpg,other,train,video:oJEFnQ4W_ew
video/other/oJEFnQ4W_ew_00529.jpg,other,train,video:oJEFnQ4W_ew
video/other/oJEFnQ4W_ew_00575.jpg,other,train,video:oJEFnQ4W_ew
video/other/oJEFnQ4W_ew_00621.jpg,other,train,video:oJEFnQ4W_ew
video/other/oJEFnQ4W_ew_00667.jpg,other,train,video:oJEFnQ4W_ew
video/other/oJEFnQ4W_ew_00713.jpg,other,train,video:oJEFnQ4W_ew
video/other/oJEFnQ4W_ew_00759.jpg,other,train,video:oJEFnQ4W_ew
video/other/oJEFnQ4W_ew_00805.jpg,other,train,video:oJEFnQ4W_ew
video/other/oJEFnQ4W_ew_00851.jpg,other,train,video:oJEFnQ4W_ew
video/other/oJEFnQ4W_ew_00897.jpg,other,train,video:oJEFnQ4W_ew
video/other/oJEFnQ4W_ew_00943.jpg,other,train,video:oJEFnQ4W_ew
video/other/oJEFnQ4W_ew_00989.jpg,other,train,video:oJEFnQ4W_ew
video/other/oJEFnQ4W_ew_01035.jpg,other,train,video:oJEFnQ4W_ew
video/other/oJEFnQ4W_ew_01081.jpg,other,train,video:oJEFnQ4W_ew
video/other/oJEFnQ4W_ew_01127.jpg,other,train,video:oJEFnQ4W_ew
video/other/oJEFnQ4W_ew_01173.jpg,other,train,video:oJEFnQ4W_ew
video/other/oJEFnQ4W_ew_01219.jpg,other,train,video:oJEFnQ4W_ew
video/other/oJEFnQ4W_ew_01265.jpg,other,train,video:oJEFnQ4W_ew
video/other/oJEFnQ4W_ew_01311.jpg,other,train,video:oJEFnQ4W_ew
video/other/oJEFnQ4W_ew_01357.jpg,other,train,video:oJEFnQ4W_ew
video/other/rYYSZJfGmMw_00008.jpg,other,test,video:rYYSZJfGmMw
video/other/rYYSZJfGmMw_00026.jpg,other,test,video:rYYSZJfGmMw
video/other/rYYSZJfGmMw_00044.jpg,other,test,video:rYYSZJfGmMw
video/other/rYYSZJfGmMw_00062.jpg,other,test,video:rYYSZJfGmMw
video/other/rYYSZJfGmMw_00080.jpg,other,test,video:rYYSZJfGmMw
video/other/rYYSZJfGmMw_00098.jpg,other,test,video:rYYSZJfGmMw
video/other/rYYSZJfGmMw_00116.jpg,other,test,video:rYYSZJfGmMw
video/other/rYYSZJfGmMw_00134.jpg,other,test,video:rYYSZJfGmMw
video/other/rYYSZJfGmMw_00151.jpg,other,test,video:rYYSZJfGmMw
video/other/rYYSZJfGmMw_00169.jpg,other,test,video:rYYSZJfGmMw
video/other/rYYSZJfGmMw_00187.jpg,other,test,video:rYYSZJfGmMw
video/other/rYYSZJfGmMw_00205.jpg,other,test,video:rYYSZJfGmMw
video/other/rYYSZJfGmMw_00223.jpg,other,test,video:rYYSZJfGmMw
video/other/rYYSZJfGmMw_00241.jpg,other,test,video:rYYSZJfGmMw
video/other/rYYSZJfGmMw_00259.jpg,other,test,video:rYYSZJfGmMw
video/other/rYYSZJfGmMw_00276.jpg,other,test,video:rYYSZJfGmMw
video/other/rYYSZJfGmMw_00294.jpg,other,test,video:rYYSZJfGmMw
video/other/rYYSZJfGmMw_00312.jpg,other,test,video:rYYSZJfGmMw
video/other/rYYSZJfGmMw_00330.jpg,other,test,video:rYYSZJfGmMw
video/other/rYYSZJfGmMw_00348.jpg,other,test,video:rYYSZJfGmMw
video/other/rYYSZJfGmMw_00366.jpg,other,test,video:rYYSZJfGmMw
video/other/rYYSZJfGmMw_00384.jpg,other,test,video:rYYSZJfGmMw
video/other/rYYSZJfGmMw_00402.jpg,other,test,video:rYYSZJfGmMw
video/other/rYYSZJfGmMw_00419.jpg,other,test,video:rYYSZJfGmMw
video/other/rYYSZJfGmMw_00437.jpg,other,test,video:rYYSZJfGmMw
video/other/rYYSZJfGmMw_00455.jpg,other,test,video:rYYSZJfGmMw
video/other/rYYSZJfGmMw_00473.jpg,other,test,video:rYYSZJfGmMw
video/other/rYYSZJfGmMw_00491.jpg,other,test,video:rYYSZJfGmMw
video/other/rYYSZJfGmMw_00509.jpg,other,test,video:rYYSZJfGmMw
video/other/rYYSZJfGmMw_00527.jpg,other,test,video:rYYSZJfGmMw
video/other/tBgStMVOFM8_00033.jpg,other,train,video:tBgStMVOFM8
video/other/tBgStMVOFM8_00101.jpg,other,train,video:tBgStMVOFM8
video/other/tBgStMVOFM8_00168.jpg,other,train,video:tBgStMVOFM8
video/other/tBgStMVOFM8_00235.jpg,other,train,video:tBgStMVOFM8
video/other/tBgStMVOFM8_00303.jpg,other,train,video:tBgStMVOFM8
video/other/tBgStMVOFM8_00370.jpg,other,train,video:tBgStMVOFM8
video/other/tBgStMVOFM8_00438.jpg,other,train,video:tBgStMVOFM8
video/other/tBgStMVOFM8_00505.jpg,other,train,video:tBgStMVOFM8
video/other/tBgStMVOFM8_00572.jpg,other,train,video:tBgStMVOFM8
video/other/tBgStMVOFM8_00640.jpg,other,train,video:tBgStMVOFM8
video/other/tBgStMVOFM8_00707.jpg,other,train,video:tBgStMVOFM8
video/other/tBgStMVOFM8_00775.jpg,other,train,video:tBgStMVOFM8
video/other/tBgStMVOFM8_00842.jpg,other,train,video:tBgStMVOFM8
video/other/tBgStMVOFM8_00909.jpg,other,train,video:tBgStMVOFM8
video/other/tBgStMVOFM8_00977.jpg,other,train,video:tBgStMVOFM8
video/other/tBgStMVOFM8_01044.jpg,other,train,video:tBgStMVOFM8
video/other/tBgStMVOFM8_01112.jpg,other,train,video:tBgStMVOFM8
video/other/tBgStMVOFM8_01179.jpg,other,train,video:tBgStMVOFM8
video/other/tBgStMVOFM8_01246.jpg,other,train,video:tBgStMVOFM8
video/other/tBgStMVOFM8_01314.jpg,other,train,video:tBgStMVOFM8
video/other/tBgStMVOFM8_01381.jpg,other,train,video:tBgStMVOFM8
video/other/tBgStMVOFM8_01449.jpg,other,train,video:tBgStMVOFM8
video/other/tBgStMVOFM8_01516.jpg,other,train,video:tBgStMVOFM8
video/other/tBgStMVOFM8_01583.jpg,other,train,video:tBgStMVOFM8
video/other/tBgStMVOFM8_01651.jpg,other,train,video:tBgStMVOFM8
video/other/tBgStMVOFM8_01718.jpg,other,train,video:tBgStMVOFM8
video/other/tBgStMVOFM8_01786.jpg,other,train,video:tBgStMVOFM8
video/other/tBgStMVOFM8_01853.jpg,other,train,video:tBgStMVOFM8
video/other/tBgStMVOFM8_01920.jpg,other,train,video:tBgStMVOFM8
video/other/tBgStMVOFM8_01988.jpg,other,train,video:tBgStMVOFM8
video/other/x-9aIA1mK8E_00020.jpg,other,train,video:x-9aIA1mK8E
video/other/x-9aIA1mK8E_00061.jpg,other,train,video:x-9aIA1mK8E
video/other/x-9aIA1mK8E_00102.jpg,other,train,video:x-9aIA1mK8E
video/other/x-9aIA1mK8E_00143.jpg,other,train,video:x-9aIA1mK8E
video/other/x-9aIA1mK8E_00183.jpg,other,train,video:x-9aIA1mK8E
video/other/x-9aIA1mK8E_00224.jpg,other,train,video:x-9aIA1mK8E
video/other/x-9aIA1mK8E_00265.jpg,other,train,video:x-9aIA1mK8E
video/other/x-9aIA1mK8E_00306.jpg,other,train,video:x-9aIA1mK8E
video/other/x-9aIA1mK8E_00347.jpg,other,train,video:x-9aIA1mK8E
video/other/x-9aIA1mK8E_00388.jpg,other,train,video:x-9aIA1mK8E
video/other/x-9aIA1mK8E_00429.jpg,other,train,video:x-9aIA1mK8E
video/other/x-9aIA1mK8E_00469.jpg,other,train,video:x-9aIA1mK8E
video/other/x-9aIA1mK8E_00510.jpg,other,train,video:x-9aIA1mK8E
video/other/x-9aIA1mK8E_00551.jpg,other,train,video:x-9aIA1mK8E
video/other/x-9aIA1mK8E_00592.jpg,other,train,video:x-9aIA1mK8E
video/other/x-9aIA1mK8E_00633.jpg,other,train,video:x-9aIA1mK8E
video/other/x-9aIA1mK8E_00674.jpg,other,train,video:x-9aIA1mK8E
video/other/x-9aIA1mK8E_00715.jpg,other,train,video:x-9aIA1mK8E
video/other/x-9aIA1mK8E_00756.jpg,other,train,video:x-9aIA1mK8E
video/other/x-9aIA1mK8E_00796.jpg,other,train,video:x-9aIA1mK8E
video/other/x-9aIA1mK8E_00837.jpg,other,train,video:x-9aIA1mK8E
video/other/x-9aIA1mK8E_00878.jpg,other,train,video:x-9aIA1mK8E
video/other/x-9aIA1mK8E_00919.jpg,other,train,video:x-9aIA1mK8E
video/other/x-9aIA1mK8E_00960.jpg,other,train,video:x-9aIA1mK8E
video/other/x-9aIA1mK8E_01001.jpg,other,train,video:x-9aIA1mK8E
video/other/x-9aIA1mK8E_01042.jpg,other,train,video:x-9aIA1mK8E
video/other/x-9aIA1mK8E_01082.jpg,other,train,video:x-9aIA1mK8E
video/other/x-9aIA1mK8E_01123.jpg,other,train,video:x-9aIA1mK8E
video/other/x-9aIA1mK8E_01164.jpg,other,train,video:x-9aIA1mK8E
video/other/x-9aIA1mK8E_01205.jpg,other,train,video:x-9aIA1mK8E
video/other/x9tY5wgoQRc_00029.jpg,other,train,video:x9tY5wgoQRc
video/other/x9tY5wgoQRc_00089.jpg,other,train,video:x9tY5wgoQRc
video/other/x9tY5wgoQRc_00148.jpg,other,train,video:x9tY5wgoQRc
video/other/x9tY5wgoQRc_00208.jpg,other,train,video:x9tY5wgoQRc
video/other/x9tY5wgoQRc_00268.jpg,other,train,video:x9tY5wgoQRc
video/other/x9tY5wgoQRc_00327.jpg,other,train,video:x9tY5wgoQRc
video/other/x9tY5wgoQRc_00387.jpg,other,train,video:x9tY5wgoQRc
video/other/x9tY5wgoQRc_00446.jpg,other,train,video:x9tY5wgoQRc
video/other/x9tY5wgoQRc_00506.jpg,other,train,video:x9tY5wgoQRc
video/other/x9tY5wgoQRc_00565.jpg,other,train,video:x9tY5wgoQRc
video/other/x9tY5wgoQRc_00625.jpg,other,train,video:x9tY5wgoQRc
video/other/x9tY5wgoQRc_00685.jpg,other,train,video:x9tY5wgoQRc
video/other/x9tY5wgoQRc_00744.jpg,other,train,video:x9tY5wgoQRc
video/other/x9tY5wgoQRc_00804.jpg,other,train,video:x9tY5wgoQRc
video/other/x9tY5wgoQRc_00863.jpg,other,train,video:x9tY5wgoQRc
video/other/x9tY5wgoQRc_00923.jpg,other,train,video:x9tY5wgoQRc
video/other/x9tY5wgoQRc_00982.jpg,other,train,video:x9tY5wgoQRc
video/other/x9tY5wgoQRc_01042.jpg,other,train,video:x9tY5wgoQRc
video/other/x9tY5wgoQRc_01101.jpg,other,train,video:x9tY5wgoQRc
video/other/x9tY5wgoQRc_01161.jpg,other,train,video:x9tY5wgoQRc
video/other/x9tY5wgoQRc_01221.jpg,other,train,video:x9tY5wgoQRc
video/other/x9tY5wgoQRc_01280.jpg,other,train,video:x9tY5wgoQRc
video/other/x9tY5wgoQRc_01340.jpg,other,train,video:x9tY5wgoQRc
video/other/x9tY5wgoQRc_01399.jpg,other,train,video:x9tY5wgoQRc
video/other/x9tY5wgoQRc_01459.jpg,other,train,video:x9tY5wgoQRc
video/other/x9tY5wgoQRc_01518.jpg,other,train,video:x9tY5wgoQRc
video/other/x9tY5wgoQRc_01578.jpg,other,train,video:x9tY5wgoQRc
video/other/x9tY5wgoQRc_01638.jpg,other,train,video:x9tY5wgoQRc
video/other/x9tY5wgoQRc_01697.jpg,other,train,video:x9tY5wgoQRc
video/other/x9tY5wgoQRc_01757.jpg,other,train,video:x9tY5wgoQRc
video/other/zA0ratoS2sA_00025.jpg,other,val,video:zA0ratoS2sA
video/other/zA0ratoS2sA_00076.jpg,other,val,video:zA0ratoS2sA
video/other/zA0ratoS2sA_00127.jpg,other,val,video:zA0ratoS2sA
video/other/zA0ratoS2sA_00177.jpg,other,val,video:zA0ratoS2sA
video/other/zA0ratoS2sA_00228.jpg,other,val,video:zA0ratoS2sA
video/other/zA0ratoS2sA_00279.jpg,other,val,video:zA0ratoS2sA
video/other/zA0ratoS2sA_00330.jpg,other,val,video:zA0ratoS2sA
video/other/zA0ratoS2sA_00381.jpg,other,val,video:zA0ratoS2sA
video/other/zA0ratoS2sA_00432.jpg,other,val,video:zA0ratoS2sA
video/other/zA0ratoS2sA_00482.jpg,other,val,video:zA0ratoS2sA
video/other/zA0ratoS2sA_00533.jpg,other,val,video:zA0ratoS2sA
video/other/zA0ratoS2sA_00584.jpg,other,val,video:zA0ratoS2sA
video/other/zA0ratoS2sA_00635.jpg,other,val,video:zA0ratoS2sA
video/other/zA0ratoS2sA_00686.jpg,other,val,video:zA0ratoS2sA
video/other/zA0ratoS2sA_00737.jpg,other,val,video:zA0ratoS2sA
video/other/zA0ratoS2sA_00787.jpg,other,val,video:zA0ratoS2sA
video/other/zA0ratoS2sA_00838.jpg,other,val,video:zA0ratoS2sA
video/other/zA0ratoS2sA_00889.jpg,other,val,video:zA0ratoS2sA
video/other/zA0ratoS2sA_00940.jpg,other,val,video:zA0ratoS2sA
video/other/zA0ratoS2sA_00991.jpg,other,val,video:zA0ratoS2sA
video/other/zA0ratoS2sA_01042.jpg,other,val,video:zA0ratoS2sA
video/other/zA0ratoS2sA_01092.jpg,other,val,video:zA0ratoS2sA
video/other/zA0ratoS2sA_01143.jpg,other,val,video:zA0ratoS2sA
video/other/zA0ratoS2sA_01194.jpg,other,val,video:zA0ratoS2sA
video/other/zA0ratoS2sA_01245.jpg,other,val,video:zA0ratoS2sA
video/other/zA0ratoS2sA_01296.jpg,other,val,video:zA0ratoS2sA
video/other/zA0ratoS2sA_01347.jpg,other,val,video:zA0ratoS2sA
video/other/zA0ratoS2sA_01397.jpg,other,val,video:zA0ratoS2sA
video/other/zA0ratoS2sA_01448.jpg,other,val,video:zA0ratoS2sA
video/other/zA0ratoS2sA_01499.jpg,other,val,video:zA0ratoS2sA
